#pragma once
#include <stdint.h>

static const uint16_t WAITING_SCREEN_RGB565[57600] = {
  0xDEDB, 0xDF1B, 0xD6BA, 0xCE78, 0x4A86, 0x2984, 0x2165, 0x1923, 0x2986, 0x2185, 0x2185, 0x2186, 0x21A6, 0x29C7, 0x2144, 0x3164,
  0x4228, 0x39E7, 0x836A, 0xDD4E, 0xDD4D, 0xD50C, 0xB409, 0x9C0B, 0xAC2B, 0xA42C, 0xA3EC, 0xA3EB, 0xB42B, 0xC50E, 0xCDB2, 0xD657,
  0xD6B9, 0xDEDA, 0xD6DA, 0xDEBA, 0xDEB9, 0xDEB9, 0xDE99, 0xDE98, 0xDE98, 0xDE99, 0xDEB9, 0xE6B9, 0xE6B9, 0xE6B9, 0xE6B9, 0xE6B9,
  0xE6D9, 0xE6D9, 0xE6D9, 0xE6DA, 0xE6D9, 0xE6B9, 0xE6B9, 0xE6D9, 0xE6D9, 0xE6B9, 0xE6B9, 0xE6BA, 0xE6B9, 0xE6B9, 0xE6B9, 0xE6DA,
  0xE6B9, 0xE6B9, 0xE6DA, 0xE6B9, 0xDEB9, 0xDEB9, 0xDEB9, 0xDEB9, 0xE6B9, 0xE6B9, 0xE6B9, 0xE6B9, 0xE6B9, 0xE6B9, 0xE6B9, 0xEEB9,
  0xE6B8, 0xEEB8, 0xEEB8, 0xEEB8, 0xEED8, 0xEED8, 0xEED8, 0xEED8, 0xEED8, 0xEED8, 0xEED8, 0xEED8, 0xEED8, 0xF6F9, 0xF6F8, 0xF6F8,
  0xF6F8, 0xF6F8, 0xF719, 0xF719, 0xF718, 0xF718, 0xF719, 0xF719, 0xF719, 0xF719, 0xF719, 0xF719, 0xF719, 0xF718, 0xEEF9, 0xD6DA,
  0xD6DA, 0xD6DA, 0xD6DA, 0xD6DA, 0xD6DA, 0xD6DA, 0xD6DA, 0xD6DA, 0xD6DA, 0xD6DB, 0xD6FB, 0xD6FB, 0xD6FB, 0xD6FB, 0xD6FB, 0xD6FB,
  0xD6FB, 0xD6FB, 0xD6FB, 0xD6DB, 0xD6FB, 0xD6DB, 0xD6FB, 0xD6FB, 0xD6FB, 0xD6DB, 0xD6FB, 0xD6FB, 0xD6FB, 0xD6FB, 0xD6FB, 0xD6FB,
  0xD6DB, 0xD6DB, 0xD6FB, 0xD6FB, 0xD6FB, 0xD6FB, 0xD6FB, 0xD6FB, 0xD6FB, 0xD6FB, 0xD6FB, 0xD6FB, 0xD6FB, 0xD6FB, 0xD6FB, 0xD6FB,
  0xD6FB, 0xD6FB, 0xD6FB, 0xD6FB, 0xD6FB, 0xD6FB, 0xD6FB, 0xD6FB, 0xD6FB, 0xD6FB, 0xD6FB, 0xD6FB, 0xD6FB, 0xD6FB, 0xD6FB, 0xD6FB,
  0xD6FB, 0xD6FB, 0xD6FB, 0xD6FB, 0xD6FB, 0xD6FB, 0xD6FB, 0xD6FB, 0xD6FB, 0xD6FB, 0xD6FB, 0xD6FB, 0xD6FB, 0xD6FB, 0xD6FB, 0xD6FB,
  0xD6FB, 0xD6FB, 0xD6FB, 0xD6FB, 0xD6FB, 0xD6FB, 0xD6FB, 0xD6FB, 0xD6FB, 0xD6FB, 0xD6FB, 0xD6FB, 0xD6FB, 0xD6FB, 0xD6FB, 0xD6FB,
  0xD6FB, 0xD6FB, 0xD6FB, 0xD6FB, 0xD6FB, 0xD6FB, 0xD6FB, 0xD6FB, 0xD6FB, 0xD6FB, 0xD6FB, 0xD6FB, 0xD6FB, 0xD6FB, 0xD6FB, 0xD6FB,
  0xD6FB, 0xD6FB, 0xD6FB, 0xD6FB, 0xD6FB, 0xD6FB, 0xD6FB, 0xD6FB, 0xD6FB, 0xD6FB, 0xD6FB, 0xD6FB, 0xD6FB, 0xD6FB, 0xD6FB, 0xD6FB,
  0xD6FB, 0xD6FB, 0xD6FB, 0xD6FB, 0xD6FB, 0xD6FB, 0xDEFB, 0xD6DA, 0xD6DA, 0xD6DA, 0xCE98, 0xDEFA, 0xDF3C, 0xDF1B, 0xD6FA, 0xD6DA,
  0xD6FA, 0xDF1C, 0xA532, 0x7368, 0x7389, 0x6B69, 0x5AE7, 0x5AE7, 0x5AE7, 0x5AC7, 0x5AE7, 0x62E7, 0x6307, 0x6308, 0x5AC7, 0x5AA6,
  0x5AA5, 0x52A5, 0x5AA5, 0x5AA5, 0x5AA6, 0x5AA5, 0x5AA5, 0x5AC6, 0x5AA5, 0x5AA5, 0x5A85, 0x5285, 0x5264, 0x5264, 0x5264, 0x5244,
  0x5264, 0x5265, 0x5265, 0x5264, 0x5244, 0x5244, 0x5A85, 0x5A85, 0x5A85, 0x5A85, 0x5244, 0x4A44, 0x5244, 0x5A64, 0x5A64, 0x5244,
  0x5244, 0x5244, 0x5244, 0x5224, 0x5243, 0x5243, 0x5243, 0x5243, 0x5223, 0x5243, 0x5A63, 0x5A63, 0x5223, 0x62A3, 0x6AA3, 0x5A64,
  0xC638, 0x94D0, 0xDEDA, 0x94D2, 0x2163, 0x2964, 0x2123, 0x2985, 0x31E7, 0x29A6, 0x29A6, 0x21A7, 0x2186, 0x29C7, 0x29C7, 0x31A5,
  0x3185, 0x39E7, 0x31A6, 0x8349, 0xC4AB, 0xDD2D, 0xCCCA, 0xAC07, 0x9BE8, 0xB44A, 0x9BEC, 0x9BEC, 0xA40B, 0xB42B, 0xA40B, 0xB48D,
  0xC530, 0xC572, 0xCDF5, 0xD677, 0xD6B9, 0xDEDA, 0xE6D9, 0xE6B9, 0xE699, 0xDE98, 0xDEB9, 0xE6B9, 0xE6B9, 0xE6B9, 0xE6B9, 0xE6B9,
  0xE6B9, 0xE6D9, 0xE6D9, 0xE6DA, 0xE6D9, 0xE6D9, 0xE6B9, 0xE6D9, 0xE6D9, 0xE6B9, 0xE6B9, 0xE6B9, 0xE6B9, 0xE6B9, 0xE6B9, 0xE6B9,
  0xE6B9, 0xE6B9, 0xE6B9, 0xE6B9, 0xDEB9, 0xDEB9, 0xDEB9, 0xDEB9, 0xDEB9, 0xE6B9, 0xE6B9, 0xE6B9, 0xE6B9, 0xE6B9, 0xE6B9, 0xEEB8,
  0xEEB8, 0xEEB8, 0xEEB8, 0xEEB8, 0xEEB8, 0xEED8, 0xEED8, 0xEED8, 0xEED8, 0xEED8, 0xEED8, 0xEED8, 0xEED8, 0xEEF8, 0xF6D8, 0xF6F8,
  0xF6F8, 0xF6F8, 0xF6F9, 0xF6F9, 0xF718, 0xF718, 0xF718, 0xF718, 0xF719, 0xF719, 0xF719, 0xF719, 0xF6F8, 0xF6F8, 0xDED9, 0xD6DA,
  0xD6DA, 0xD6DA, 0xD6DA, 0xD6DA, 0xD6DA, 0xD6DA, 0xD6DA, 0xD6DA, 0xD6DA, 0xD6DB, 0xD6FB, 0xD6FB, 0xD6FB, 0xD6FB, 0xD6FB, 0xD6FB,
  0xD6FB, 0xD6FB, 0xD6FB, 0xD6FB, 0xD6FB, 0xD6FB, 0xD6FB, 0xD6FB, 0xD6DB, 0xD6DB, 0xD6FB, 0xD6FB, 0xD6FB, 0xD6FB, 0xD6FB, 0xD6FB,
  0xD6DB, 0xD6FB, 0xD6FB, 0xD6FB, 0xD6FB, 0xD6FB, 0xD6FB, 0xD6FB, 0xD6FB, 0xD6FB, 0xD6FB, 0xD6FB, 0xD6FB, 0xD6FB, 0xD6FB, 0xD6FB,
  0xD6FB, 0xD6FB, 0xD6FB, 0xD6FB, 0xD6FB, 0xD6FB, 0xD6FB, 0xD6FB, 0xD6FB, 0xD6FB, 0xD6FB, 0xD6FB, 0xD6FB, 0xD6FB, 0xD6FB, 0xD6FB,
  0xD6FB, 0xD6FB, 0xD6FB, 0xD6FB, 0xD6FB, 0xD6FB, 0xD6FB, 0xD6FB, 0xD6FB, 0xD6FB, 0xD6FB, 0xD6FB, 0xD6FB, 0xD6FB, 0xD6FB, 0xD6FB,
  0xD6FB, 0xD6FB, 0xD6FB, 0xD6FB, 0xD6FB, 0xD6FB, 0xD6FB, 0xD6FB, 0xD6FB, 0xD6FB, 0xD6FB, 0xD6FB, 0xD6FB, 0xD6FB, 0xD6FB, 0xD6FB,
  0xD6FB, 0xD6FB, 0xD6FB, 0xD6FB, 0xD6FB, 0xD6FB, 0xD6FB, 0xD6FB, 0xD6FB, 0xD6FB, 0xD6FB, 0xD6FB, 0xD6FB, 0xD6FB, 0xD6FB, 0xD6FB,
  0xD6FB, 0xD6FB, 0xD6FB, 0xD6FB, 0xD6FB, 0xD6FB, 0xD6FB, 0xD6FB, 0xD6FB, 0xD6FB, 0xD6FB, 0xD6FB, 0xD6FB, 0xD6FB, 0xD6FB, 0xD6FB,
  0xD6FB, 0xD6FB, 0xD6FB, 0xD6FB, 0xD6FB, 0xDF1B, 0xAD52, 0x948E, 0xCE98, 0xC657, 0x948D, 0xD6B9, 0xC657, 0xA531, 0xD6DA, 0xDF3C,
  0xDF1B, 0xDF1B, 0xBE16, 0xC637, 0xC637, 0x7BEB, 0x5AE7, 0x6307, 0x5AE7, 0x5AA6, 0x5AC7, 0x6307, 0x6308, 0x62E7, 0x5AA6, 0x5AC6,
  0x5AC6, 0x62E7, 0x62E6, 0x5AA5, 0x5AA5, 0x5AA6, 0x5AA5, 0x5AC6, 0x5AA5, 0x5285, 0x5285, 0x5285, 0x5264, 0x5285, 0x5264, 0x5264,
  0x5264, 0x5285, 0x5285, 0x5264, 0x5264, 0x5264, 0x5A85, 0x5A85, 0x5A84, 0x5A85, 0x5264, 0x5244, 0x4A24, 0x4A24, 0x5244, 0x5244,
  0x5244, 0x5244, 0x5223, 0x5223, 0x5243, 0x5A63, 0x5A63, 0x5243, 0x4A23, 0x4A23, 0x5223, 0x5243, 0x5A63, 0x6AA3, 0x6AC4, 0x5A64,
  0x52C7, 0x31C2, 0x73AC, 0x31C6, 0x1903, 0x2123, 0x2185, 0x29C7, 0x29C7, 0x29C7, 0x29A6, 0x29C7, 0x2186, 0x29C7, 0x29E7, 0x29C7,
  0x2165, 0x2985, 0x39E7, 0x2944, 0x41C4, 0x5A46, 0x8327, 0x9BC6, 0xB468, 0xCD0A, 0xB46B, 0xA40C, 0xB46D, 0xC4CE, 0xB46D, 0x93CB,
  0xAC0B, 0xB42B, 0xAC0B, 0xB46B, 0xBCEE, 0xBD31, 0xC5D5, 0xD657, 0xDEB9, 0xE6DA, 0xE6FA, 0xE6DA, 0xE6B9, 0xE6B9, 0xDEB9, 0xE6B9,
  0xE6B9, 0xE6B9, 0xE6DA, 0xE6B9, 0xE6D9, 0xE6DA, 0xE6DA, 0xE6D9, 0xE6D9, 0xE6D9, 0xE6B9, 0xE6B9, 0xE6B9, 0xE6B9, 0xE6B9, 0xE6B9,
  0xE6B9, 0xE6B9, 0xE6B9, 0xE6B9, 0xE6B9, 0xDEB9, 0xDEB9, 0xDEB9, 0xE6B9, 0xE6B9, 0xE6B9, 0xE6B9, 0xE6B9, 0xE6B9, 0xE6B9, 0xEEB8,
  0xEEB8, 0xEEB8, 0xEEB8, 0xEEB8, 0xEEB8, 0xEEB8, 0xEED8, 0xEED8, 0xEED8, 0xEED8, 0xEED8, 0xEED8, 0xEED8, 0xEED8, 0xEEF9, 0xF6F8,
  0xF6F8, 0xF6F8, 0xF6F9, 0xF719, 0xF719, 0xF719, 0xF718, 0xF718, 0xF719, 0xF739, 0xF719, 0xF719, 0xF718, 0xE6F9, 0xD6DA, 0xD6DA,
  0xD6DA, 0xD6DA, 0xE6F9, 0xEEF9, 0xDEFA, 0xD6DB, 0xD6DA, 0xD6DA, 0xD6FB, 0xD6FB, 0xD6FB, 0xD6FB, 0xD6FB, 0xD6FB, 0xD6FB, 0xD6FB,
  0xD6FB, 0xD6FB, 0xD6FB, 0xD6FB, 0xD6FB, 0xD6FB, 0xD6FB, 0xD6DB, 0xD6DB, 0xD6FB, 0xD6FB, 0xD6FB, 0xD6FB, 0xD6FB, 0xD6FB, 0xD6FB,
  0xD6FB, 0xD6DB, 0xD6FB, 0xD6FB, 0xD6FB, 0xD6FB, 0xD6FB, 0xD6FB, 0xD6FB, 0xD6FB, 0xD6FB, 0xD6FB, 0xD6FB, 0xD6FB, 0xD6FB, 0xD6FB,
  0xD6FB, 0xD6FB, 0xD6FB, 0xD6FB, 0xD6FB, 0xD6FB, 0xD6FB, 0xD6FB, 0xD6FB, 0xD6FB, 0xD6FB, 0xD6FB, 0xD6FB, 0xD6FB, 0xD6FB, 0xD6FB,
  0xD6FB, 0xD6FB, 0xD6FB, 0xD6FB, 0xD6FB, 0xD6FB, 0xD6FB, 0xD6FB, 0xD6FB, 0xD6FB, 0xD6FB, 0xD6FB, 0xD6FB, 0xD6FB, 0xD6FB, 0xD6FB,
  0xD6FB, 0xD6FB, 0xD6FB, 0xD6FB, 0xD6FB, 0xD6FB, 0xD6FB, 0xD6FB, 0xD6FB, 0xD6FB, 0xD6FB, 0xD6FB, 0xD6FB, 0xD6FB, 0xD6FB, 0xD6FB,
  0xD6FB, 0xD6FB, 0xD6FB, 0xD6FB, 0xD6FB, 0xD6FB, 0xD6FB, 0xD6FB, 0xD6FB, 0xD6FB, 0xD6FB, 0xD6FB, 0xD6FB, 0xD6FB, 0xD6FB, 0xD6FB,
  0xD6FB, 0xD6FB, 0xD6FB, 0xD6FB, 0xD6FB, 0xD71B, 0xD71B, 0xD6FB, 0xD6FB, 0xD6FB, 0xD6FB, 0xD6FB, 0xD6FB, 0xD6FB, 0xD6FB, 0xD6FB,
  0xD6FB, 0xDEFB, 0xD6FB, 0xD6FA, 0xD6FB, 0xCEB9, 0x7347, 0x6B68, 0x946D, 0xA4EF, 0xC636, 0xD6DA, 0x7BCA, 0x840B, 0xDEFA, 0xCE98,
  0x94AE, 0x9CF0, 0xEF7D, 0xEF5D, 0x840C, 0x840B, 0x6B49, 0x5AC6, 0x62E7, 0x738A, 0x6328, 0x6307, 0x62E7, 0x5AC7, 0x62E7, 0x6307,
  0x62E7, 0x62E6, 0x6307, 0x5AC6, 0x5AC6, 0x5AA5, 0x5A85, 0x5A85, 0x5285, 0x5264, 0x5285, 0x5285, 0x52A5, 0x5285, 0x5285, 0x5264,
  0x5A84, 0x5264, 0x5264, 0x5A85, 0x5A85, 0x5A85, 0x5A85, 0x5A84, 0x5264, 0x5A64, 0x6AC5, 0x6AE5, 0x5244, 0x4A03, 0x4A03, 0x5264,
  0x5244, 0x4A23, 0x5243, 0x4A23, 0x5244, 0x5A64, 0x5A83, 0x5A64, 0x4A24, 0x4A04, 0x4A03, 0x4A23, 0x5A63, 0x5244, 0x5244, 0x5224,
  0x634A, 0x636A, 0x1922, 0x2123, 0x2144, 0x29A5, 0x29C6, 0x21C7, 0x29C7, 0x29E6, 0x21A6, 0x21A7, 0x29C6, 0x29E7, 0x29E7, 0x21C7,
  0x21C7, 0x21A7, 0x2144, 0x2942, 0x41E5, 0x5246, 0x3163, 0x10C2, 0x41C3, 0xBCE9, 0xBCA9, 0xA3C9, 0xBC6B, 0xC4AC, 0xD52D, 0xBC6C,
  0x9BCB, 0xA40B, 0xAC0B, 0xA3EB, 0xB429, 0xB42B, 0xA3EB, 0x9BCB, 0x9C0D, 0xACD1, 0xBDB4, 0xCE37, 0xDEB9, 0xE6DA, 0xE6FA, 0xE6DA,
  0xE6DA, 0xE6B9, 0xE6B9, 0xE6B9, 0xE6B9, 0xE6B9, 0xE6BA, 0xE6B9, 0xE6B9, 0xE6B9, 0xE6B9, 0xE6B9, 0xE6B9, 0xE6B9, 0xE6B9, 0xE6B9,
  0xE6B9, 0xE6B9, 0xE6B9, 0xE6B9, 0xDEB9, 0xDEB9, 0xDEB9, 0xE6B9, 0xE6B9, 0xE6B9, 0xE6B9, 0xE6B9, 0xE6B9, 0xE6B9, 0xE6B9, 0xEEB9,
  0xEEB8, 0xE6B8, 0xEEB8, 0xEEB8, 0xEEB8, 0xEEB8, 0xEEB8, 0xEED8, 0xEED8, 0xEED8, 0xEED8, 0xF6D8, 0xEED8, 0xEED8, 0xEEF8, 0xF6F8,
  0xF6F8, 0xF6F8, 0xF6F8, 0xF6F8, 0xF719, 0xF719, 0xF719, 0xF719, 0xF719, 0xF739, 0xF719, 0xF718, 0xF6F8, 0xDEDA, 0xD6DA, 0xD6DA,
  0xE6D9, 0xEEF8, 0xF718, 0xF718, 0xF719, 0xE6F9, 0xD6FA, 0xD6FA, 0xD6FB, 0xD6FB, 0xD6FB, 0xD6FB, 0xD6FB, 0xD6FB, 0xD6FB, 0xD6FB,
  0xD6FB, 0xD6FB, 0xD6FB, 0xD6FB, 0xD6FB, 0xD6FB, 0xD6FB, 0xD6FB, 0xD6FB, 0xD6FB, 0xD6FB, 0xD6FB, 0xD6FB, 0xD6FB, 0xD6FB, 0xD6FB,
  0xD6FB, 0xD6FB, 0xD6FB, 0xD6FB, 0xD6FB, 0xD6FB, 0xD6FB, 0xD6FB, 0xD6FB, 0xD6FB, 0xD6FB, 0xD6FB, 0xD6FB, 0xD6FB, 0xD6FB, 0xD6FB,
  0xD6FB, 0xD6FB, 0xD6FB, 0xD6FB, 0xD6FB, 0xD6FB, 0xD6FB, 0xD6FB, 0xD6FB, 0xD6FB, 0xD6FB, 0xD6FB, 0xD6FB, 0xD6FB, 0xD6FB, 0xD6FB,
  0xD6FB, 0xD6FB, 0xD6FB, 0xD6FB, 0xD6FB, 0xD6FB, 0xD6FB, 0xD6FB, 0xD6FB, 0xD6FB, 0xD6FB, 0xD6FB, 0xD6FB, 0xD6FB, 0xD6FB, 0xD6FB,
  0xD6FB, 0xD6FB, 0xD6FB, 0xD6FB, 0xD6FB, 0xD6FB, 0xD6FB, 0xD6FB, 0xD6FB, 0xD6FB, 0xD6FB, 0xD6FB, 0xD6FB, 0xD6FB, 0xD6FB, 0xD6FB,
  0xD6FB, 0xD6FB, 0xD6FB, 0xD6FB, 0xD6FB, 0xD6FB, 0xD6FB, 0xD6FB, 0xD6FB, 0xD6FB, 0xD6FB, 0xD6FB, 0xD6FB, 0xD6FB, 0xD6FB, 0xD6FB,
  0xD6FB, 0xD6FB, 0xD6FB, 0xD6FB, 0xD6FB, 0xDEFB, 0xDF1B, 0xDF1B, 0xDF1B, 0xDF1B, 0xDF1B, 0xDF1B, 0xDF1B, 0xDEFB, 0xDEFB, 0xD6FB,
  0xD6FB, 0xDEFB, 0xD6FA, 0xDF1B, 0xDF3C, 0xD6FB, 0xAD72, 0x8C2C, 0x6B47, 0x7347, 0x9CAD, 0xCE97, 0x7BAA, 0x8C2C, 0xCE78, 0x7BEB,
  0x6B48, 0x8C4D, 0xBDF5, 0xAD52, 0x7389, 0xD6DA, 0xAD94, 0x6B6A, 0xC658, 0x9D11, 0x6307, 0x6308, 0x6308, 0x6307, 0x6328, 0x6328,
  0x62E7, 0x5AC6, 0x5AC6, 0x5AC6, 0x5AC6, 0x5AE7, 0x5A85, 0x5285, 0x5285, 0x5244, 0x5265, 0x5286, 0x5AA6, 0x5285, 0x5244, 0x5A85,
  0x5A85, 0x83EB, 0x83EB, 0x5285, 0x5A85, 0x5A85, 0x5AE7, 0x5AC6, 0x5264, 0x5244, 0x5A84, 0x62C5, 0x5264, 0x4203, 0x41E3, 0x4A23,
  0x4A03, 0x4203, 0x4A23, 0x4A23, 0x5244, 0x4A24, 0x5244, 0x5A84, 0x5224, 0x4203, 0x4A03, 0x4A23, 0x5223, 0x4A03, 0x5244, 0x5244,
  0xE75D, 0x73CE, 0x2122, 0x2964, 0x29A6, 0x29E7, 0x31E6, 0x39E5, 0x29E6, 0x3A05, 0x3A06, 0x4246, 0x31E6, 0x29C7, 0x3A26, 0x3A06,
  0x19C8, 0x21C7, 0x2186, 0x39E5, 0x4A05, 0x5A88, 0xC4CD, 0x9BC9, 0x5A25, 0x62A4, 0xA405, 0x49E4, 0x49E5, 0x6A86, 0x8348, 0x9BA9,
  0xA3EA, 0xB44C, 0xC48C, 0xBC6D, 0xAC2C, 0xBC8C, 0xBC6C, 0x93AB, 0x7B0A, 0x834A, 0x938B, 0x8B6B, 0x93CD, 0xA48F, 0xAD33, 0xC5F6,
  0xD678, 0xE6DA, 0xEF1B, 0xEEFA, 0xE6DA, 0xE6B9, 0xE6B9, 0xE6B9, 0xE6B9, 0xE6B9, 0xE6B9, 0xE6B9, 0xE6B9, 0xE6B9, 0xE6B9, 0xE6B9,
  0xE6B9, 0xE6B9, 0xE6B9, 0xE6B9, 0xE6B9, 0xE6B9, 0xDEB9, 0xE6B9, 0xE6B9, 0xE6B9, 0xE6B9, 0xE6B9, 0xE6B9, 0xE6B9, 0xE6B9, 0xEEB9,
  0xEEB8, 0xE6B8, 0xEEB8, 0xEEB8, 0xEEB8, 0xEEB8, 0xEEB8, 0xEEB8, 0xEED8, 0xEED8, 0xEED8, 0xF6D8, 0xF6D8, 0xEED8, 0xEED8, 0xF6F8,
  0xF6F8, 0xF6F8, 0xF6F8, 0xF6F8, 0xF719, 0xF719, 0xF719, 0xF718, 0xF719, 0xF739, 0xF719, 0xF718, 0xEEF9, 0xE6F9, 0xDEF9, 0xDEDA,
  0xE6D9, 0xF6F8, 0xF719, 0xF719, 0xF719, 0xF6F9, 0xDEFA, 0xD6FB, 0xD6FB, 0xD6FB, 0xD6FB, 0xD6FB, 0xD6FB, 0xD6FB, 0xD6FB, 0xD6FB,
  0xD6FB, 0xD6FB, 0xD6FB, 0xD6FB, 0xD6FB, 0xD6FB, 0xD6FB, 0xD6FB, 0xD6FB, 0xD6FB, 0xD6FB, 0xD6FB, 0xD6FB, 0xD6FB, 0xD6FB, 0xD6FB,
  0xD6FB, 0xD6FB, 0xD6FB, 0xD6FB, 0xD6FB, 0xD6FB, 0xD6FB, 0xD6FB, 0xD6FB, 0xD6FB, 0xD6FB, 0xD6FB, 0xD6FB, 0xD6FB, 0xD6FB, 0xD6FB,
  0xD6FB, 0xD6FB, 0xD6FB, 0xD6FB, 0xD6FB, 0xD6FB, 0xD6FB, 0xD6FB, 0xD6FB, 0xD6FB, 0xD6FB, 0xD6FB, 0xD6FB, 0xD6FB, 0xD6FB, 0xD6FB,
  0xD6FB, 0xD6FB, 0xD6FB, 0xD6FB, 0xD6FB, 0xD6FB, 0xD6FB, 0xD6FB, 0xD6FB, 0xD6FB, 0xD6FB, 0xD6FB, 0xD6FB, 0xD6FB, 0xD6FB, 0xD6FB,
  0xD6FB, 0xD6FB, 0xD6FB, 0xD6FB, 0xD6FB, 0xD6FB, 0xD6FB, 0xD6FB, 0xD6FB, 0xD6FB, 0xD6FB, 0xD6FB, 0xD6FB, 0xD6FB, 0xD6FB, 0xD6FB,
  0xD6FB, 0xD6FB, 0xD6FB, 0xD6FB, 0xD6FB, 0xD6FB, 0xD6FB, 0xD6FB, 0xD6FB, 0xD6FB, 0xD6FB, 0xD6FB, 0xDEFB, 0xD6FB, 0xD6FB, 0xD6FB,
  0xD6FB, 0xDEFB, 0xDF1B, 0xDEFB, 0xDEFB, 0xDF1B, 0xDF1B, 0xDF1B, 0xDF1B, 0xDF1B, 0xDF1B, 0xDF1B, 0xDF1B, 0xDF1B, 0xDEFB, 0xDEFB,
  0xDEFB, 0xD6FA, 0xE73C, 0xBDD4, 0x9CCF, 0xBDD4, 0xE75D, 0xCE78, 0x83C9, 0x6B27, 0x946C, 0x8C4B, 0xBDF5, 0xCE99, 0x9CF1, 0x6B69,
  0xA531, 0xCE57, 0x6B69, 0x83EC, 0x6B28, 0x83EC, 0x948F, 0x7BCB, 0xBE16, 0x6B49, 0x5AE7, 0x6329, 0x6B49, 0x6B49, 0x6328, 0x6308,
  0x5AE7, 0x5AE7, 0x5AC6, 0x5AA6, 0x5AA6, 0x52A5, 0x5285, 0x5AA6, 0x5AA5, 0x5264, 0x5244, 0x5264, 0x5264, 0x5265, 0x5264, 0x62E7,
  0x62E7, 0x9CAF, 0xC636, 0x6B28, 0x5264, 0x62C7, 0x5AC7, 0x62C6, 0x5264, 0x5244, 0x5244, 0x5A85, 0x5AA5, 0x5264, 0x4A23, 0x41E3,
  0x41E3, 0x41E3, 0x4A23, 0x5244, 0x4A44, 0x5264, 0x5244, 0x4A03, 0x4A23, 0x4A24, 0x4A24, 0x8324, 0x8B64, 0x72C3, 0x5244, 0x5224,
  0x8450, 0x1902, 0x2983, 0x29A6, 0x29E7, 0x29E7, 0x3207, 0x3207, 0x3A06, 0x4224, 0x31C5, 0x39E5, 0x29C7, 0x31E6, 0x29E7, 0x29E7,
  0x21C8, 0x21C7, 0x21A6, 0x29C7, 0x2965, 0x2145, 0x6AEA, 0xE56F, 0xDD4E, 0xB44B, 0x9BEA, 0x72C7, 0x62A6, 0x5205, 0x3964, 0x41A5,
  0x41C5, 0x6267, 0x8329, 0x8B69, 0xAC0B, 0xBC6C, 0xC4AC, 0xBC6C, 0x9BCB, 0x8B6B, 0x834B, 0x834B, 0x7B2A, 0x834A, 0x732A, 0x732B,
  0x93AB, 0x8C0E, 0x9CD1, 0xBD95, 0xCE37, 0xDEB9, 0xEEFA, 0xEEFA, 0xE6DA, 0xE6B9, 0xE6B9, 0xE699, 0xE699, 0xE6B9, 0xE6B9, 0xE6B9,
  0xE6B9, 0xE6B9, 0xE6B9, 0xE6B9, 0xE6B9, 0xE6B9, 0xE6B9, 0xE6B9, 0xE6B9, 0xE6B9, 0xE6B9, 0xE6B8, 0xE6B8, 0xE6B8, 0xE6B9, 0xEEB9,
  0xEEB8, 0xEEB8, 0xEEB8, 0xEEB8, 0xEEB8, 0xEEB8, 0xEEB8, 0xEEB8, 0xEED8, 0xEED8, 0xEED8, 0xF6D8, 0xF6D8, 0xF6D8, 0xF6D8, 0xF6F8,
  0xF6F8, 0xF6F8, 0xF6F8, 0xF6F8, 0xF6F8, 0xF719, 0xF719, 0xF719, 0xF739, 0xF719, 0xF719, 0xF719, 0xEEF9, 0xEEF8, 0xF718, 0xEEF9,
  0xE6F9, 0xF6F9, 0xF719, 0xF719, 0xF719, 0xEEF9, 0xEEF9, 0xDEFA, 0xDEFA, 0xEEF9, 0xE6FA, 0xD6FB, 0xD6FB, 0xD6FB, 0xD6FB, 0xD6FB,
  0xD6FB, 0xD6FB, 0xD6FB, 0xD6FB, 0xD6FB, 0xD6FB, 0xD6FB, 0xD6FB, 0xD6FB, 0xD6FB, 0xD6FB, 0xD6FB, 0xD6FB, 0xD6FB, 0xD6FB, 0xD6FB,
  0xD6FB, 0xD6FB, 0xD6FB, 0xD6FB, 0xD6FB, 0xD6FB, 0xD6FB, 0xD6FB, 0xD6FB, 0xD6FB, 0xD6FB, 0xD6FB, 0xD6FB, 0xD6FB, 0xD6FB, 0xD6FB,
  0xD6FB, 0xD6FB, 0xD6FB, 0xD6FB, 0xD6FB, 0xD6FB, 0xD6FB, 0xD6FB, 0xD6FB, 0xD6FB, 0xD6FB, 0xD6FB, 0xD6FB, 0xD6FB, 0xD6FB, 0xD6FB,
  0xD6FB, 0xD6FB, 0xD6FB, 0xD6FB, 0xD6FB, 0xD6FB, 0xD6FB, 0xD6FB, 0xD6FB, 0xD6FB, 0xD6FB, 0xD6FB, 0xD6FB, 0xD6FB, 0xD6FB, 0xD6FB,
  0xD6FB, 0xD6FB, 0xD6FB, 0xD6FB, 0xD6FB, 0xD6FB, 0xD6FB, 0xD6FB, 0xD6FB, 0xD6FB, 0xD6FB, 0xD6FB, 0xD6FB, 0xD6FB, 0xD6FB, 0xD6FB,
  0xD6FB, 0xD6FB, 0xD6FB, 0xD6FB, 0xD6FB, 0xDEFB, 0xD6FB, 0xD6FB, 0xD6FB, 0xD6FB, 0xD6FB, 0xD6FB, 0xDEFB, 0xD6FB, 0xD6FB, 0xDEFB,
  0xDEFB, 0xDEFB, 0xDF1B, 0xDF1B, 0xDEFB, 0xDEFB, 0xDEFB, 0xDF1B, 0xDF1B, 0xDF1B, 0xDF1B, 0xDF1B, 0xDF1B, 0xDF1B, 0xDF1B, 0xDEFB,
  0xDEFA, 0xDF1B, 0xBDD4, 0x83C9, 0x7366, 0x7367, 0x83EA, 0xAD72, 0xA4F0, 0x7B89, 0x7368, 0x6B06, 0x94AE, 0x94B0, 0x6308, 0x6B6A,
  0x840C, 0x83EC, 0x6B49, 0x736A, 0x62E8, 0x5AC7, 0x62E7, 0x5AE7, 0x5AC7, 0x5AE7, 0x6307, 0x6329, 0x6B6A, 0x6B6A, 0x6349, 0x62E7,
  0x5264, 0x5AE7, 0x6B28, 0x5A85, 0x5285, 0x5285, 0x5285, 0x5A85, 0x5285, 0x5285, 0x5AA6, 0x5AE7, 0x5AC6, 0x4A44, 0x5264, 0x5285,
  0x4A45, 0x4A04, 0x738A, 0x7349, 0x5265, 0x5AA6, 0x5A86, 0x5AA6, 0x5245, 0x5244, 0x4A24, 0x5264, 0x5AA5, 0x5AA5, 0x5244, 0x4A03,
  0x4203, 0x4203, 0x72E4, 0x72E4, 0x5264, 0x5244, 0x4A04, 0x4A24, 0x5A83, 0x5A84, 0x5A84, 0x8B44, 0x9384, 0x9BC4, 0x6AA4, 0x6AC4,
  0x2144, 0x2123, 0x29A6, 0x29C7, 0x29C6, 0x31E7, 0x2A08, 0x3207, 0x3208, 0x29C6, 0x10A2, 0x10C3, 0x29C7, 0x29E8, 0x29C7, 0x21E8,
  0x21E8, 0x21C7, 0x29C6, 0x29C6, 0x2165, 0x31A6, 0x31A7, 0x4A48, 0xD54F, 0xDD90, 0xC4CE, 0xCCCD, 0xBC6A, 0xAC4A, 0x8308, 0x6AA8,
  0x5A67, 0x5226, 0x39A4, 0x39A4, 0x3984, 0x5206, 0x6266, 0x7AE8, 0x8B49, 0x938A, 0x9BCB, 0x9BCC, 0x93AC, 0x8BAC, 0x8B8C, 0x732B,
  0x7B4B, 0x8B2A, 0x6AEA, 0x6B0A, 0x6B2B, 0x7B8D, 0x9450, 0xBD94, 0xCE37, 0xDE99, 0xE6DA, 0xEEFA, 0xEEFA, 0xE6DA, 0xE6B9, 0xE699,
  0xE699, 0xE699, 0xE6B9, 0xE6B9, 0xE6B9, 0xE699, 0xE699, 0xE6B9, 0xE6B9, 0xE6B9, 0xE6B8, 0xE6B8, 0xE6B8, 0xE6B8, 0xEEB8, 0xEEB8,
  0xEEB8, 0xEEB8, 0xEED8, 0xEED8, 0xEEB8, 0xEEB8, 0xEEB8, 0xEEB8, 0xEEB8, 0xEED8, 0xEED8, 0xF6D8, 0xF6D8, 0xF6D8, 0xF6D8, 0xF6D8,
  0xF6D8, 0xF6F8, 0xF6F8, 0xF6F8, 0xF6F8, 0xF718, 0xF719, 0xF719, 0xF719, 0xF718, 0xF719, 0xF719, 0xF718, 0xF718, 0xF719, 0xF719,
  0xF718, 0xF718, 0xF719, 0xF719, 0xEF19, 0xF719, 0xF719, 0xEEF9, 0xF6F9, 0xF719, 0xF719, 0xDEFA, 0xD6FB, 0xD6FB, 0xD6FB, 0xD6FB,
  0xD6FB, 0xD6FB, 0xD6FB, 0xD6FB, 0xD6FB, 0xD6FB, 0xD6FB, 0xD6FB, 0xD6FB, 0xD6FB, 0xD6FB, 0xD6FB, 0xD6FB, 0xD6FB, 0xD6FB, 0xD6FB,
  0xD6FB, 0xD6FB, 0xD6FB, 0xD6FB, 0xD6FB, 0xD6FB, 0xD6FB, 0xD6FB, 0xD6FB, 0xD6FB, 0xD6FB, 0xD6FB, 0xD6FB, 0xD6FB, 0xD6FB, 0xD6FB,
  0xD6FB, 0xD6FB, 0xD6FB, 0xD6FB, 0xD6FB, 0xD6FB, 0xD6FB, 0xD6FB, 0xD6FB, 0xD6FB, 0xD6FB, 0xD6FB, 0xD6FB, 0xD6FB, 0xD6FB, 0xDEFB,
  0xD6FB, 0xD6FB, 0xDEFB, 0xD6FB, 0xD6FB, 0xDEFB, 0xD6FB, 0xDEFB, 0xD6FB, 0xD6FB, 0xDEFB, 0xDEFB, 0xDEFB, 0xDEFB, 0xDEFB, 0xDEFB,
  0xDEFB, 0xDEFB, 0xD6FB, 0xDEFB, 0xDEFB, 0xD6FB, 0xDEFB, 0xDEFB, 0xDEFB, 0xDEFB, 0xD6FB, 0xDEFB, 0xDEFB, 0xD6FB, 0xDEFB, 0xDEFB,
  0xDEFB, 0xDEFB, 0xDEFB, 0xDEFB, 0xDEFB, 0xD6FB, 0xDEFB, 0xDEFB, 0xDEFB, 0xDEFB, 0xDEFB, 0xDEFB, 0xDEFB, 0xDEFA, 0xDEFB, 0xDEFB,
  0xDEFB, 0xDEFB, 0xDEFB, 0xDEFB, 0xDEFB, 0xDEFB, 0xDF1B, 0xDF1B, 0xDF1B, 0xDF1B, 0xDF1B, 0xDF1B, 0xDF1B, 0xDF1B, 0xDF1B, 0xDEFA,
  0xDF3B, 0xBE15, 0x6B26, 0x83EA, 0xAD72, 0xC636, 0x9CAE, 0x6B06, 0x6B47, 0x6B47, 0x6B27, 0x6B27, 0x7368, 0x946E, 0x73AA, 0x5AE7,
  0x7BAA, 0x8C6E, 0x62E7, 0x62E7, 0x5AE7, 0x6308, 0x6B49, 0x6307, 0x6308, 0x5AE8, 0x6308, 0x6308, 0x6329, 0x6B4A, 0x6349, 0x5285,
  0x4A44, 0x4A44, 0x5A85, 0x5244, 0x5244, 0x5244, 0x5264, 0x5265, 0x5285, 0x5AA5, 0x5AA5, 0x6B49, 0x7BED, 0x5AA6, 0x5244, 0x4A44,
  0x4A44, 0x5264, 0x4A23, 0x5244, 0x5AA5, 0x5AA6, 0x5286, 0x5AA7, 0x4A25, 0x4A04, 0x5244, 0x5A85, 0x5AA5, 0x5A85, 0x4A23, 0x4A03,
  0x4A24, 0x4A24, 0x5A84, 0x6AC4, 0x5264, 0x4A04, 0x4A04, 0x4A24, 0x5A84, 0x6284, 0x62A4, 0x72E4, 0x6AA3, 0x7B04, 0x9384, 0x6AC4,
  0x2123, 0x21A6, 0x29E7, 0x29C7, 0x29E7, 0x3207, 0x4245, 0x3A47, 0x29C7, 0x10E3, 0x10A2, 0x1903, 0x31A4, 0x29C7, 0x29E8, 0x29E7,
  0x29E7, 0x21C7, 0x3A05, 0x39E4, 0x21A6, 0x1986, 0x31C7, 0x31C7, 0x5268, 0xD54F, 0xD52E, 0xC4CD, 0xCCCD, 0xCCCC, 0xB44B, 0xA3EB,
  0x9BCB, 0x9BCB, 0x938A, 0x8329, 0x72C8, 0x5226, 0x41C4, 0x39A4, 0x3164, 0x41C5, 0x5A67, 0x72E8, 0x8329, 0x8B6A, 0x9BCB, 0xA3EC,
  0x836B, 0x834B, 0x834B, 0x7B2B, 0x730B, 0x6AEB, 0x62CA, 0x7B4A, 0x7B6A, 0x736D, 0x8C2F, 0xA4D2, 0xBDD5, 0xD678, 0xE6D9, 0xEEFA,
  0xEEFA, 0xEED9, 0xE6B9, 0xE699, 0xE698, 0xE698, 0xE699, 0xE699, 0xE6B9, 0xE6B9, 0xE6B8, 0xE6B8, 0xEEB8, 0xEEB8, 0xEEB8, 0xEEB8,
  0xEEB8, 0xEEB8, 0xEED8, 0xEED8, 0xEEB8, 0xEEB8, 0xEEB8, 0xEEB8, 0xEEB8, 0xEEB8, 0xEED8, 0xF6D8, 0xF6D8, 0xF6D8, 0xF6D8, 0xF6D8,
  0xF6D8, 0xF6D8, 0xF6F8, 0xF6F8, 0xF6F8, 0xF6F8, 0xF719, 0xF719, 0xF6F8, 0xF6F8, 0xF719, 0xF719, 0xF719, 0xF719, 0xF719, 0xF718,
  0xF718, 0xF719, 0xF739, 0xF719, 0xF719, 0xF719, 0xF719, 0xF719, 0xF719, 0xF719, 0xF719, 0xEF19, 0xDEFA, 0xD6FB, 0xD6FA, 0xD6FA,
  0xD6FA, 0xD6FA, 0xD6FA, 0xD6FA, 0xD6FA, 0xD6FA, 0xD6FA, 0xD6FA, 0xD6FB, 0xD6FB, 0xD6FB, 0xD6FB, 0xD6FB, 0xD6FB, 0xD6FB, 0xD6FB,
  0xD6FB, 0xD6FB, 0xD6FB, 0xD6FB, 0xD6FB, 0xD6FB, 0xD6FB, 0xD6FB, 0xD6FB, 0xD6FB, 0xD6FB, 0xD6FB, 0xD6FB, 0xD6FB, 0xD6FB, 0xD6FB,
  0xD6FB, 0xD6FB, 0xD6FB, 0xD6FB, 0xD6FB, 0xD6FB, 0xD6FB, 0xD6FB, 0xD6FB, 0xD6FB, 0xD6FB, 0xDEFB, 0xDEFB, 0xDEFB, 0xDEFB, 0xDEFB,
  0xDEFB, 0xDEFB, 0xDEFB, 0xD6FB, 0xDEFB, 0xDEFB, 0xDEFB, 0xDEFB, 0xDEFB, 0xDEFB, 0xDEFB, 0xDEFB, 0xDEFB, 0xDEFB, 0xDEFB, 0xDEFB,
  0xDEFB, 0xDEFB, 0xDEFB, 0xDEFB, 0xDF1B, 0xDEFB, 0xD6FB, 0xDEFB, 0xDEFB, 0xDF1B, 0xDF1B, 0xDEFB, 0xDEFB, 0xDEFB, 0xDEFB, 0xDEFB,
  0xDEFB, 0xDEFB, 0xDEFB, 0xDF1B, 0xDEFB, 0xDEFB, 0xDEFA, 0xDEFB, 0xDEFA, 0xDEFB, 0xDEFA, 0xDEFB, 0xDEFB, 0xDEFA, 0xDEFA, 0xDEFA,
  0xDEFA, 0xDEFB, 0xDEFB, 0xDF1B, 0xDF1B, 0xDF1B, 0xDF1B, 0xDF1B, 0xDF1B, 0xDF1B, 0xDF1B, 0xDF1B, 0xDF1A, 0xDF1A, 0xDEFA, 0xDEFA,
  0xDF1B, 0x9CAE, 0x9CCE, 0xCE98, 0xDF1B, 0xAD52, 0x7368, 0x6B27, 0x62E6, 0x6306, 0x6B07, 0x6B06, 0x6B27, 0x6307, 0x6327, 0x6B48,
  0x6328, 0x6308, 0x6308, 0x6308, 0x6307, 0x62E7, 0x5AC6, 0x5AC6, 0x5AE7, 0x5AE8, 0x5AE8, 0x5AC7, 0x5AC7, 0x5AE8, 0x5AC6, 0x5264,
  0x5265, 0x5244, 0x4A44, 0x5264, 0x5244, 0x5285, 0x5285, 0x5AA6, 0x62C6, 0x5265, 0x52A6, 0x5AC7, 0x5AE7, 0x6B08, 0x7B8B, 0x5265,
  0x5264, 0x5264, 0x5264, 0x5A85, 0x62C7, 0x5AC7, 0x5AA7, 0x5266, 0x4A04, 0x4A24, 0x4A24, 0x4A44, 0x5264, 0x5264, 0x62A4, 0x5244,
  0x41E3, 0x4204, 0x4204, 0x5264, 0x5224, 0x4A04, 0x4A04, 0x4A03, 0x5244, 0x5244, 0x5243, 0x6AA3, 0x5A63, 0x6283, 0x62A3, 0x5A64,
  0x21A6, 0x29E8, 0x29C7, 0x29E7, 0x3207, 0x3207, 0x3A26, 0x3206, 0x18E3, 0x10A2, 0x10A2, 0x3184, 0x31A3, 0x2143, 0x2A07, 0x3248,
  0x3207, 0x29E6, 0x29C6, 0x29C6, 0x21A6, 0x19A7, 0x2186, 0x31A7, 0x31A7, 0x41E6, 0x7309, 0x8B48, 0xAC0A, 0xCCED, 0xDD6E, 0xCCCD,
  0xAC2C, 0xA3EC, 0x9BCB, 0x93AB, 0x9BAB, 0xA3CB, 0x938A, 0x7B09, 0x7AE8, 0x72C7, 0x49E6, 0x41C5, 0x39A5, 0x41A5, 0x4A06, 0x5A46,
  0x72C8, 0x8349, 0x72E9, 0x7B0A, 0x7B2A, 0x732B, 0x6B2C, 0x732C, 0x838C, 0x732B, 0x62CA, 0x62AA, 0x6AEA, 0x734C, 0x83CE, 0x9470,
  0xAD34, 0xCE17, 0xDE98, 0xEED9, 0xEEFA, 0xEED9, 0xE6B9, 0xE699, 0xE698, 0xE698, 0xE6B8, 0xE6B8, 0xEEB8, 0xEEB8, 0xEEB8, 0xEEB8,
  0xEEB8, 0xEEB8, 0xEEB8, 0xEEB8, 0xEEB8, 0xEEB8, 0xEEB8, 0xEEB8, 0xEEB8, 0xEED8, 0xEED8, 0xEED8, 0xEED8, 0xF6D8, 0xF6D8, 0xF6D8,
  0xF6D8, 0xF6D8, 0xF6D8, 0xF6D8, 0xF6F8, 0xF6F8, 0xF6F8, 0xF6F8, 0xF6F8, 0xF718, 0xF719, 0xF719, 0xF719, 0xF719, 0xF719, 0xF718,
  0xF718, 0xF719, 0xF719, 0xF719, 0xF719, 0xF719, 0xF719, 0xF719, 0xF719, 0xF739, 0xF739, 0xF719, 0xE6FA, 0xDEFA, 0xD6FA, 0xD6FA,
  0xD6FA, 0xD6FB, 0xD6FA, 0xD6FA, 0xD6FA, 0xD6FA, 0xD6FA, 0xD6FA, 0xD6FA, 0xD6FB, 0xD6FB, 0xD6FA, 0xD6FB, 0xD6FB, 0xD6FB, 0xD6FB,
  0xD6FB, 0xD6FB, 0xD6FB, 0xD6FB, 0xD6FB, 0xD6FB, 0xD6FA, 0xD6FB, 0xD6FB, 0xD6FB, 0xD6FB, 0xD6FB, 0xDEFA, 0xD6FB, 0xD6FB, 0xDEFB,
  0xDEFA, 0xD6FB, 0xDEFB, 0xDEFB, 0xDEFB, 0xDEFA, 0xDEFB, 0xDEFB, 0xDEFB, 0xDEFB, 0xDEFB, 0xDEFB, 0xDEFB, 0xDEFB, 0xDEFB, 0xDEFB,
  0xDEFB, 0xDEFB, 0xDEFB, 0xDEFB, 0xDEFB, 0xDEFB, 0xDEFB, 0xDEFB, 0xDEFB, 0xDEFB, 0xDEFB, 0xDEFB, 0xDEFB, 0xDEFB, 0xDEFB, 0xDEFB,
  0xDEFB, 0xDEFB, 0xDF1B, 0xDEFB, 0xDEFB, 0xDEFA, 0xDEFB, 0xDEFB, 0xDEFB, 0xDF1B, 0xDF1B, 0xDF1B, 0xDEFB, 0xDEFB, 0xDEFB, 0xDF1B,
  0xDEFA, 0xDEFB, 0xDF1B, 0xDEFA, 0xDEFA, 0xDEFA, 0xDEFA, 0xDEFA, 0xDEFA, 0xDEFA, 0xDEFA, 0xDEFA, 0xDEFA, 0xDEFB, 0xDEFA, 0xDEFA,
  0xDEFB, 0xDF1A, 0xDF1A, 0xDF1A, 0xDF1B, 0xDF1B, 0xDF1A, 0xDF1A, 0xDF1B, 0xDF1B, 0xDF1B, 0xDF1A, 0xDF1A, 0xDEFA, 0xDEFA, 0xDF1A,
  0xD6D9, 0xBDD4, 0xDF1A, 0xDF1B, 0xCEB8, 0x83EA, 0x62E5, 0x7BCA, 0xA510, 0x9CEF, 0x6307, 0x62E6, 0x6307, 0x6B28, 0x6328, 0x6328,
  0x6328, 0x6308, 0x6308, 0x62E7, 0x5AC6, 0x5AC6, 0x5AC6, 0x62C6, 0x5AC7, 0x52C8, 0x52C7, 0x52A7, 0x52A6, 0x5286, 0x5265, 0x5265,
  0x5265, 0x5265, 0x5265, 0x5285, 0x5285, 0x52A5, 0x5AC6, 0x5AC6, 0x5285, 0x4A44, 0x4A65, 0x4A44, 0x4A24, 0x5AA6, 0x736A, 0x5285,
  0x5A85, 0x5AA5, 0x5A84, 0x5AA4, 0x5A85, 0x4A25, 0x5245, 0x4A24, 0x4204, 0x4A24, 0x4A24, 0x4A04, 0x5244, 0x5264, 0x5A84, 0x5A64,
  0x41E3, 0x4A04, 0x5244, 0x5A84, 0x6AA4, 0x5224, 0x4A24, 0x6AC4, 0x62A4, 0x5244, 0x41E4, 0x5243, 0x62A3, 0x6AC4, 0x8B85, 0x7B45,
  0x2A08, 0x29E7, 0x29E8, 0x3208, 0x3A27, 0x29E7, 0x3207, 0x2964, 0x18C2, 0x10C2, 0x18E2, 0x2983, 0x31A4, 0x2943, 0x2123, 0x3228,
  0x3A68, 0x29C6, 0x29A6, 0x21A7, 0x21A7, 0x21A6, 0x21A7, 0x2186, 0x3186, 0x18E3, 0x39C6, 0x9BEA, 0x8B69, 0x72E7, 0x8349, 0x9BCA,
  0xBCAC, 0xCCCC, 0xB42C, 0xAC0C, 0x9BEC, 0x9BCC, 0x9BCC, 0x8B8B, 0x8B6B, 0x93AB, 0x93AB, 0x834B, 0x7B2A, 0x6287, 0x41A5, 0x3984,
  0x3164, 0x3984, 0x2944, 0x41C5, 0x5A47, 0x6288, 0x62A9, 0x6AEA, 0x734C, 0x7B8C, 0x7B4C, 0x732B, 0x6B0B, 0x6B0B, 0x6AEB, 0x6AC9,
  0x62CA, 0x62EB, 0x736D, 0x8C0E, 0xACF1, 0xBD94, 0xD637, 0xE6B8, 0xEEF9, 0xEEF9, 0xEED9, 0xEED9, 0xEEB8, 0xEEB8, 0xEEB8, 0xEEB8,
  0xEEB8, 0xEEB8, 0xEEB8, 0xEEB8, 0xEEB8, 0xEEB8, 0xEEB8, 0xEEB8, 0xEEB8, 0xEED8, 0xEED8, 0xEED8, 0xEED8, 0xF6D8, 0xF6D8, 0xF6D8,
  0xF6D8, 0xF6D8, 0xF6D8, 0xF6D8, 0xF6D8, 0xF6F8, 0xF6F8, 0xF6F8, 0xF6F8, 0xF6F8, 0xF6F8, 0xF719, 0xF719, 0xF719, 0xF719, 0xF719,
  0xF719, 0xF719, 0xF719, 0xF719, 0xF719, 0xF719, 0xF719, 0xF719, 0xF719, 0xF719, 0xF739, 0xF719, 0xEF19, 0xEEF9, 0xDEFA, 0xD6FA,
  0xDEFA, 0xD6FA, 0xD6FA, 0xD6FA, 0xD6FA, 0xD6FA, 0xD6FA, 0xD6FB, 0xD6FA, 0xD6FA, 0xD6FB, 0xDEFA, 0xD6FA, 0xD6FB, 0xDEFA, 0xDEFA,
  0xD6FB, 0xDEFB, 0xD6FB, 0xDEFA, 0xD6FB, 0xD6FB, 0xD6FB, 0xDEFB, 0xDEFB, 0xDEFB, 0xDEFA, 0xD6FA, 0xDEFA, 0xDEFA, 0xDEFA, 0xD6FA,
  0xDEFA, 0xDEFA, 0xDEFA, 0xDEFA, 0xDEFA, 0xDEFB, 0xDEFA, 0xDEFB, 0xDEFA, 0xDEFA, 0xDEFA, 0xDEFA, 0xDEFA, 0xDEFA, 0xDEFB, 0xDEFB,
  0xDEFB, 0xDEFB, 0xDEFB, 0xDEFB, 0xDEFB, 0xDEFB, 0xDEFA, 0xDEFA, 0xDEFA, 0xDEFB, 0xDEFB, 0xDF1B, 0xDEFB, 0xDEFA, 0xDEFA, 0xDEFA,
  0xDEFA, 0xDF1A, 0xDF1B, 0xDEFB, 0xDEFB, 0xDEFA, 0xDEFA, 0xDEFA, 0xDEFA, 0xDF1A, 0xDF1B, 0xDEFA, 0xDEFA, 0xDEFA, 0xDEFA, 0xDEFA,
  0xDEFA, 0xDF1A, 0xDEFB, 0xDEFA, 0xDEFA, 0xDEFA, 0xDEFA, 0xDEFA, 0xDEFA, 0xDEFA, 0xDEFA, 0xDF1A, 0xDEFA, 0xDEFA, 0xDEFA, 0xDEFA,
  0xDEFA, 0xDEFA, 0xDF1A, 0xDF1A, 0xDF1A, 0xDF1A, 0xDF1A, 0xDF1A, 0xDF1A, 0xDF1A, 0xDF1A, 0xDF1A, 0xDF1A, 0xDEFA, 0xDEFA, 0xDEFA,
  0xDEFA, 0xDF1A, 0xDEFA, 0xE73B, 0xB5D4, 0x6B05, 0x7B89, 0xC656, 0xE75B, 0xA4F0, 0x62C6, 0x5AC6, 0x62E6, 0x5AE6, 0x62E7, 0x6328,
  0x6308, 0x6308, 0x6307, 0x62C6, 0x62C6, 0x5AC6, 0x5AE7, 0x5AE8, 0x5AE8, 0x52A7, 0x5286, 0x5AE8, 0x52A6, 0x5285, 0x5265, 0x4A44,
  0x5265, 0x5265, 0x5264, 0x5285, 0x5AA5, 0x5AA6, 0x5AA6, 0x5265, 0x4A44, 0x4A44, 0x5244, 0x5244, 0x4A44, 0x4A24, 0x4A24, 0x5AA6,
  0x62E6, 0x7348, 0x7348, 0x62C6, 0x41E3, 0x4204, 0x4A04, 0x4A44, 0x5A64, 0x5244, 0x4A24, 0x4A04, 0x4A04, 0x5244, 0x41E3, 0x39C3,
  0x4204, 0x4A24, 0x4A24, 0x5A64, 0xAC26, 0x93C6, 0x4A24, 0x5264, 0x6284, 0x4A24, 0x41E4, 0x41E4, 0x6283, 0x7B24, 0xBCA7, 0xAC47,
  0x29E8, 0x3207, 0x3207, 0x3A06, 0x3227, 0x2A07, 0x2964, 0x2103, 0x2984, 0x2143, 0x2963, 0x31A4, 0x39E5, 0x31A4, 0x2123, 0x39C5,
  0x3227, 0x1986, 0x21A7, 0x29E6, 0x31C6, 0x29C6, 0x21A7, 0x21C7, 0x1986, 0x1903, 0x29A6, 0x62C9, 0xDD90, 0xE5D0, 0xB46C, 0x8328,
  0x8307, 0x8B47, 0x8B48, 0x9BCB, 0xBC8D, 0xB46D, 0xB44D, 0xAC2D, 0x93AB, 0x832A, 0x834A, 0x834B, 0x836B, 0x8BAC, 0x834B, 0x6AC9,
  0x6AA8, 0x5A47, 0x4A27, 0x41E6, 0x39A5, 0x3184, 0x39A5, 0x39C5, 0x4A06, 0x5A68, 0x62C9, 0x7B0A, 0x7B2A, 0x6AEB, 0x6B2C, 0x732C,
  0x730B, 0x6AEB, 0x62EB, 0x6AEA, 0x6AE9, 0x6B0A, 0x6B0B, 0x738D, 0x8C50, 0xB553, 0xD616, 0xE677, 0xEED9, 0xF6F9, 0xEEF9, 0xEED9,
  0xEEB8, 0xEEB8, 0xEEB8, 0xEEB8, 0xEEB8, 0xEEB8, 0xEEB8, 0xEEB8, 0xEEB8, 0xEEB8, 0xEED8, 0xEED8, 0xEED8, 0xF6D8, 0xF6D8, 0xF6D8,
  0xF6D8, 0xF6D8, 0xF6D8, 0xF6D8, 0xF6D8, 0xF6D8, 0xF6D8, 0xF6D8, 0xF6F8, 0xF6F8, 0xF6F8, 0xF6F8, 0xF6F8, 0xF6F8, 0xF718, 0xF719,
  0xF719, 0xF719, 0xF719, 0xF719, 0xF719, 0xF719, 0xF719, 0xF719, 0xF719, 0xF719, 0xF739, 0xF719, 0xF719, 0xF718, 0xDEFA, 0xDEFA,
  0xDEFA, 0xDEFA, 0xDEFA, 0xDEFA, 0xDEFA, 0xDEFA, 0xD6FA, 0xD6FA, 0xD6FA, 0xDEFA, 0xDEFA, 0xDEFA, 0xDEFA, 0xDEFA, 0xDEFA, 0xDEFA,
  0xDEFA, 0xDEFA, 0xDEFA, 0xDEFA, 0xD6FA, 0xD6FA, 0xDEFB, 0xDEFB, 0xDEFB, 0xDEFA, 0xDEFA, 0xDEFA, 0xDEFA, 0xDEFA, 0xDEFA, 0xDEFA,
  0xDEFA, 0xDEFA, 0xDEFA, 0xDEFA, 0xDEFA, 0xDEFA, 0xDEFA, 0xDEFA, 0xDEFA, 0xDEFA, 0xDEFA, 0xDEFA, 0xDEFA, 0xDEFA, 0xDEFB, 0xDEFB,
  0xDEFA, 0xDEFB, 0xDF1B, 0xDEFA, 0xDEFA, 0xDEFA, 0xDEFA, 0xDEFA, 0xDEFA, 0xDEFB, 0xDEFA, 0xDEFB, 0xDEFB, 0xDEFA, 0xDEFA, 0xDEFA,
  0xDEFA, 0xDEFA, 0xDEFB, 0xDEFA, 0xDEFA, 0xDEFA, 0xDEFA, 0xDEFA, 0xDEFA, 0xDF1A, 0xDF1A, 0xDEFA, 0xDEFA, 0xDEFA, 0xDF1A, 0xDF1A,
  0xDF1A, 0xDF1A, 0xDEFA, 0xDEFA, 0xDEFA, 0xDEFA, 0xDEFA, 0xDEFA, 0xDEFA, 0xDEFA, 0xDEFA, 0xDEFA, 0xDF1A, 0xDF1A, 0xDEFA, 0xDEFA,
  0xDEFA, 0xDEFA, 0xDEFA, 0xDEFA, 0xDF1A, 0xDF1A, 0xDF1A, 0xDF1A, 0xDF1A, 0xDF1A, 0xDF1A, 0xDF1A, 0xDF1A, 0xDEFA, 0xDEFA, 0xDEFA,
  0xDEFA, 0xDEFA, 0xDEFA, 0xE71B, 0xC615, 0xAD51, 0xD6B8, 0xE71A, 0xC635, 0x5AC6, 0x7389, 0xAD52, 0x8C4D, 0x6307, 0x6B49, 0x5AE7,
  0x6307, 0x6307, 0x62E7, 0x62E6, 0x62E6, 0x5AC7, 0x5AC7, 0x5AE7, 0x5B08, 0x52A6, 0x4A44, 0x52A7, 0x52A7, 0x4A65, 0x4A24, 0x4A44,
  0x4A44, 0x5285, 0x5285, 0x4A44, 0x5265, 0x5285, 0x5265, 0x5285, 0x5264, 0x5264, 0x5244, 0x4A44, 0x4A24, 0x4A44, 0x5265, 0x5265,
  0x5264, 0x5AA5, 0x6B07, 0x4A24, 0x4204, 0x4A24, 0x4A04, 0x5244, 0x7304, 0x7304, 0x4A44, 0x4204, 0x41E4, 0x4A24, 0x4A24, 0x41E4,
  0x4204, 0x4A24, 0x4A03, 0x4A03, 0x72E4, 0x8365, 0x4A24, 0x41C3, 0x5224, 0x41E4, 0x41C3, 0x39C3, 0x5223, 0x6AC4, 0x72E5, 0x5A84,
  0x29E8, 0x29E7, 0x2A08, 0x3A26, 0x3A25, 0x29A4, 0x10C2, 0x2143, 0x31A4, 0x2963, 0x39A4, 0x39A3, 0x39E4, 0x39E5, 0x39C4, 0x4203,
  0x31A4, 0x2186, 0x21C8, 0x29E7, 0x31E6, 0x31E6, 0x21A7, 0x21A7, 0x21A7, 0x1986, 0x2986, 0x2986, 0x4208, 0xC50F, 0xE5B0, 0xEDCF,
  0xDD6F, 0xC4CD, 0x8349, 0x6267, 0x6A87, 0x72E8, 0x7B08, 0x834A, 0xAC0C, 0xA40C, 0x9BCB, 0x8B6B, 0x7B4B, 0x7B4B, 0x836C, 0x7B2B,
  0x7B2B, 0x7B4B, 0x7B4B, 0x836B, 0x732A, 0x62CA, 0x5AA9, 0x4206, 0x39A5, 0x39A5, 0x3985, 0x39A5, 0x41C5, 0x41C6, 0x5248, 0x5A89,
  0x62CA, 0x6AEA, 0x732B, 0x7B4B, 0x732B, 0x732B, 0x732B, 0x62CB, 0x5AAA, 0x6B0A, 0x7B6B, 0x736C, 0x942E, 0xBD11, 0xCDD4, 0xDE36,
  0xE698, 0xF6F9, 0xF6F9, 0xEED8, 0xEEB8, 0xEEB8, 0xEEB8, 0xEE98, 0xEEB8, 0xEEB8, 0xEEB8, 0xEEB8, 0xEEB8, 0xEEB8, 0xEED8, 0xEED8,
  0xF6D8, 0xF6D8, 0xF6D8, 0xF6D8, 0xF6D8, 0xF6D8, 0xF6D8, 0xF6D8, 0xF6D8, 0xF6F8, 0xF6F8, 0xF6F8, 0xF6F8, 0xF6F8, 0xF6F8, 0xF718,
  0xF719, 0xF719, 0xF719, 0xF719, 0xF719, 0xF719, 0xF719, 0xF719, 0xF719, 0xF719, 0xF739, 0xF719, 0xF718, 0xE6F9, 0xDEFA, 0xDEFA,
  0xDEFA, 0xDEFA, 0xDEFA, 0xDEFA, 0xDEFA, 0xDEFA, 0xDEFA, 0xDEFA, 0xDEFA, 0xDEFA, 0xDEFA, 0xDEFA, 0xDEFA, 0xDEFA, 0xDEFA, 0xDEFA,
  0xDEFA, 0xDEFA, 0xDEFA, 0xDEFA, 0xDEFA, 0xDEFA, 0xDEFA, 0xDEFB, 0xDEFA, 0xDEFA, 0xDEFA, 0xDEFA, 0xDEFA, 0xDEFA, 0xDEFA, 0xDEFA,
  0xDEFA, 0xDEFA, 0xDEFA, 0xDEFA, 0xDEFA, 0xDEFA, 0xDEFA, 0xDEFA, 0xDEFA, 0xDEFA, 0xDEFA, 0xDEFA, 0xDEFA, 0xDEFA, 0xDEFA, 0xDEFA,
  0xDEFA, 0xDF1A, 0xDEFA, 0xDEFA, 0xDEFA, 0xDEFA, 0xDEFA, 0xDEFA, 0xDEFA, 0xDEFA, 0xDEFA, 0xDEFA, 0xDEFA, 0xDEFA, 0xDEFA, 0xDEFA,
  0xDF1A, 0xDEFA, 0xDEFA, 0xDF1A, 0xDF1A, 0xDEFA, 0xDEFA, 0xDF1A, 0xDF1A, 0xDF1A, 0xDF1A, 0xDEFA, 0xDEFA, 0xDEFA, 0xDF1A, 0xDF1A,
  0xDF1A, 0xDF1A, 0xDEFA, 0xDEFA, 0xDEFA, 0xDF1A, 0xDEFA, 0xDF1A, 0xDEFA, 0xDEFA, 0xDF1A, 0xDEFA, 0xE71A, 0xDF1A, 0xDF1A, 0xDF1A,
  0xDF1A, 0xDF1A, 0xDEFA, 0xDEFA, 0xDF1A, 0xDF1A, 0xE71A, 0xDF1A, 0xDF1A, 0xDF1A, 0xDF1A, 0xDF1A, 0xDEFA, 0xE71A, 0xE6FA, 0xDF1A,
  0xDEFA, 0xDEFA, 0xDEFA, 0xDEFA, 0xDF1A, 0xE73B, 0xDF1A, 0xE71A, 0xA531, 0x9CF0, 0xCE78, 0xCE77, 0xA511, 0x8C4D, 0x8C4D, 0x5285,
  0x6307, 0x6307, 0x5AE6, 0x5AC6, 0x5AA6, 0x5AA6, 0x5AC7, 0x5AC7, 0x5AA6, 0x5264, 0x4A24, 0x4204, 0x4A24, 0x4224, 0x4A44, 0x5265,
  0x4A45, 0x4A44, 0x4A24, 0x4204, 0x4204, 0x4A24, 0x4A44, 0x5285, 0x5285, 0x5285, 0x5265, 0x5264, 0x5264, 0x4A44, 0x4A24, 0x5244,
  0x4A24, 0x4A24, 0x4A24, 0x4A24, 0x5265, 0x5245, 0x5AA6, 0x7326, 0x9BE6, 0x93A6, 0x5264, 0x4204, 0x31A3, 0x39C3, 0x41E3, 0x41E3,
  0x4A24, 0x5244, 0x5263, 0x5263, 0x4A03, 0x4A04, 0x41E4, 0x5A44, 0x6A83, 0x41E3, 0x39A3, 0x41E3, 0x6A83, 0x5223, 0x41E4, 0x4A24,
  0x2A08, 0x2A08, 0x2A08, 0x2A08, 0x29C5, 0x2963, 0x1903, 0x2963, 0x2963, 0x3164, 0x41E4, 0x41E5, 0x4205, 0x39C4, 0x31A4, 0x3183,
  0x3183, 0x2103, 0x31E6, 0x3A06, 0x31E6, 0x29E6, 0x21C7, 0x21A7, 0x1966, 0x1987, 0x1987, 0x2965, 0x31C7, 0x31A6, 0x5A46, 0x9389,
  0xBC8C, 0xE5B0, 0xEE11, 0xCD0E, 0x9BEA, 0x8349, 0x6287, 0x5226, 0x5A67, 0x72C8, 0x834A, 0x8B6A, 0x938A, 0x93AB, 0x834B, 0x836C,
  0x93AC, 0x836B, 0x730B, 0x730B, 0x836A, 0x7B4B, 0x734C, 0x7B4C, 0x6AEA, 0x62A9, 0x5A88, 0x4A27, 0x41E6, 0x3185, 0x3184, 0x39C5,
  0x39A5, 0x41E6, 0x5247, 0x62A8, 0x72E9, 0x6AEA, 0x836B, 0x836C, 0x732C, 0x6B0C, 0x734C, 0x732B, 0x62EA, 0x732A, 0x9BCB, 0xB44B,
  0x9C0C, 0x9C6F, 0xD5B3, 0xDE15, 0xE697, 0xEED8, 0xF6F9, 0xFEF9, 0xF6D8, 0xEEB8, 0xEEB8, 0xEEB8, 0xEEB8, 0xEEB8, 0xEEB8, 0xEED8,
  0xF6D8, 0xF6D8, 0xF6D8, 0xF6D8, 0xF6D8, 0xF6D8, 0xF6D8, 0xF6D8, 0xF6D8, 0xF6D8, 0xF6F8, 0xF6F8, 0xF6F8, 0xF6F8, 0xF6F8, 0xF718,
  0xF719, 0xF719, 0xF719, 0xF719, 0xF719, 0xF719, 0xF719, 0xF719, 0xF719, 0xF739, 0xF719, 0xF719, 0xE6F9, 0xDEFA, 0xDEFA, 0xDEFA,
  0xDEFA, 0xDEFA, 0xDEFA, 0xDEFA, 0xDEFA, 0xDEFA, 0xDEFA, 0xDEFA, 0xDEFA, 0xDEFA, 0xDEFA, 0xDEFA, 0xDEFA, 0xDEFA, 0xDEFA, 0xDEFA,
  0xDEFA, 0xDEFA, 0xDEFA, 0xDEFA, 0xDEFA, 0xDEFA, 0xDEFA, 0xDEFA, 0xDEFA, 0xDEFA, 0xDEFA, 0xDEFA, 0xDEFA, 0xDEFA, 0xDEFA, 0xDEFA,
  0xDEFA, 0xDEFA, 0xDEFA, 0xDEFA, 0xDEFA, 0xDEFA, 0xDEFA, 0xDEFA, 0xDEFA, 0xDEFA, 0xDEFA, 0xDEFA, 0xDEFA, 0xDF1A, 0xDF1A, 0xDF1A,
  0xDF1A, 0xDF1A, 0xDEFA, 0xDEFA, 0xDEFA, 0xDEFA, 0xDEFA, 0xDEFA, 0xDEFA, 0xDEFA, 0xDF1A, 0xDF1A, 0xDEFA, 0xDEFA, 0xDEFA, 0xDEFA,
  0xDEFA, 0xDEFA, 0xDF1A, 0xDF1A, 0xDF1A, 0xDF1A, 0xDF1A, 0xDEFA, 0xDEFA, 0xDF1A, 0xDF1A, 0xDEFA, 0xDEFA, 0xDEFA, 0xDEFA, 0xDF1A,
  0xDF1A, 0xDEFA, 0xDEFA, 0xDEFA, 0xDEFA, 0xDF1A, 0xDF1A, 0xDF1A, 0xDF1A, 0xDEFA, 0xDEFA, 0xDF1A, 0xE71A, 0xE71A, 0xE71A, 0xDF1A,
  0xDEFA, 0xDEFA, 0xE71A, 0xE71A, 0xDEFA, 0xE71A, 0xE71A, 0xE71A, 0xE71A, 0xE71A, 0xE71A, 0xE71A, 0xE71A, 0xDF1A, 0xE6FA, 0xE71A,
  0xE6FA, 0xDEFA, 0xDEFA, 0xDEFA, 0xDEFA, 0xDEFA, 0xE71A, 0xDEF9, 0xC615, 0xCE57, 0x7369, 0x6B68, 0x6B28, 0x6307, 0x7389, 0x9C8E,
  0x6328, 0x5AC6, 0x5AC6, 0x5AC6, 0x5AC7, 0x5AA6, 0x5AA6, 0x5AE7, 0x5265, 0x4A44, 0x4A44, 0x4A65, 0x4A44, 0x4A45, 0x4A45, 0x4A24,
  0x5265, 0x4A44, 0x4204, 0x4204, 0x4204, 0x4A24, 0x4A24, 0x4A24, 0x5244, 0x5285, 0x5265, 0x5264, 0x6B06, 0x7B67, 0x4A44, 0x62E6,
  0x5244, 0x4A24, 0x5244, 0x5A85, 0x5A85, 0x62C6, 0xA4AD, 0x83C9, 0x6AE5, 0x62C5, 0x5264, 0x4A24, 0x62A6, 0x7326, 0x6AE5, 0x5244,
  0x4A44, 0x5A84, 0x6AC4, 0x5A64, 0x4A03, 0x41E3, 0x41E3, 0x5A64, 0x72E4, 0x5243, 0x4A04, 0x5A64, 0x6AE5, 0x62A6, 0x41E3, 0x4A03,
  0x29E8, 0x29E8, 0x29E8, 0x21C7, 0x1903, 0x2143, 0x2123, 0x2943, 0x3164, 0x41C5, 0x41C4, 0x4246, 0x4246, 0x4A05, 0x41E5, 0x39C4,
  0x2123, 0x2963, 0x5A64, 0x4204, 0x21C8, 0x21C7, 0x21A7, 0x21A7, 0x21A6, 0x1986, 0x19A7, 0x1986, 0x2985, 0x2103, 0x3185, 0xA3EA,
  0xBC2A, 0xA3A9, 0xBC8B, 0xDD2D, 0xBC6C, 0xAC0B, 0xBC8D, 0xAC2C, 0x938B, 0x7B09, 0x6AA8, 0x5206, 0x5226, 0x6267, 0x72C8, 0x72E9,
  0x8B8B, 0xA40B, 0x9BEB, 0x8B8C, 0x7B4B, 0x836B, 0x7B4B, 0x732B, 0x732B, 0x6AEA, 0x62EB, 0x62CA, 0x6AC9, 0x62CA, 0x5AA9, 0x5A88,
  0x4207, 0x39A5, 0x3164, 0x3184, 0x39A5, 0x41E6, 0x5227, 0x5A88, 0x6AC9, 0x5A89, 0x834B, 0x9BEC, 0x8BAC, 0x7B6C, 0x6B0B, 0x834A,
  0x938A, 0x7B09, 0x8B6A, 0xAC0B, 0xB46D, 0xBCCF, 0xB4F0, 0xB532, 0xDE36, 0xEEB7, 0xF6F9, 0xF6F9, 0xF6D8, 0xF6D8, 0xEEB8, 0xEEB8,
  0xEEB8, 0xEED8, 0xEED8, 0xF6D8, 0xF6D8, 0xF6D8, 0xF6D8, 0xF6D8, 0xF6D8, 0xF6D8, 0xF6D8, 0xF6F8, 0xF6F8, 0xF6F8, 0xF6F8, 0xF719,
  0xF719, 0xF719, 0xF719, 0xF719, 0xF719, 0xF719, 0xF719, 0xF719, 0xF719, 0xF719, 0xF719, 0xEEF9, 0xDEFA, 0xDEFA, 0xDEFA, 0xDEFA,
  0xDEFA, 0xDEFA, 0xDEFA, 0xDEFA, 0xDEFA, 0xDEFA, 0xDEFA, 0xDEFA, 0xDEFA, 0xDEFA, 0xDEFA, 0xDEFA, 0xDEFA, 0xDEFA, 0xDEFA, 0xDEFA,
  0xDEFA, 0xDEFA, 0xDEFA, 0xDEFA, 0xDEFA, 0xDEFA, 0xDEFA, 0xDEFA, 0xDEFA, 0xDEFA, 0xDEFA, 0xDEFA, 0xDEFA, 0xDEFA, 0xDEFA, 0xDEFA,
  0xDEFA, 0xDEFA, 0xDEFA, 0xDEFA, 0xDEFA, 0xDEFA, 0xDEFA, 0xDEFA, 0xDEFA, 0xDEFA, 0xDEFA, 0xDEFA, 0xDEFA, 0xDEFA, 0xDEFA, 0xDF1A,
  0xDF1A, 0xDEFA, 0xDEFA, 0xDF1A, 0xDF1A, 0xDEFA, 0xDEFA, 0xDEFA, 0xDEFA, 0xDF1A, 0xDF1A, 0xDF1A, 0xDF1A, 0xE71A, 0xDEFA, 0xDEFA,
  0xDF1A, 0xDEFA, 0xDF1A, 0xDF1A, 0xDF1A, 0xDF1A, 0xDF1A, 0xDEFA, 0xDF1A, 0xDF1A, 0xDF1A, 0xDF1A, 0xDF1A, 0xDF1A, 0xDF1A, 0xDF1A,
  0xE6FA, 0xE71A, 0xDEFA, 0xDEFA, 0xDEFA, 0xDEFA, 0xDEFA, 0xDF1A, 0xE71A, 0xE71A, 0xE6FA, 0xE71A, 0xE71A, 0xE71A, 0xE71A, 0xE71A,
  0xE71A, 0xE71A, 0xE6FA, 0xE71A, 0xE71A, 0xE71A, 0xE71A, 0xE71A, 0xE71A, 0xE71A, 0xE71A, 0xE71A, 0xE71A, 0xE71A, 0xE6FA, 0xE6FA,
  0xE6FA, 0xE6FA, 0xE6FA, 0xE71A, 0xE71A, 0xE71A, 0xE6F9, 0xDEF9, 0xE73A, 0xDEB8, 0xAD72, 0xAD72, 0x6307, 0x6307, 0x7388, 0xAD10,
  0x6B48, 0x6308, 0x5AC7, 0x5AC7, 0x5AC7, 0x5AC6, 0x5AA6, 0x5AC7, 0x4A45, 0x4A24, 0x5265, 0x5AC7, 0x5285, 0x6308, 0x5265, 0x41E4,
  0x4204, 0x4A04, 0x4A24, 0x4A23, 0x4A44, 0x4A24, 0x4204, 0x5244, 0x4A23, 0x4A44, 0x5265, 0x5264, 0x5285, 0x83A9, 0x6B06, 0x62C5,
  0x5284, 0x5A84, 0x5A85, 0x5AA5, 0x5A85, 0x5AA5, 0x5A84, 0x5A65, 0x6AC6, 0x4A24, 0x5A84, 0x8BA7, 0xB4CB, 0xA469, 0xAC87, 0x7B25,
  0x4A24, 0x5244, 0x5244, 0x41E4, 0x4A24, 0x41E3, 0x4A03, 0x4A23, 0x4A23, 0x5223, 0x6284, 0x6AC5, 0x62A6, 0x5A86, 0x5224, 0x5A63,
  0x21E8, 0x29E8, 0x29C7, 0x18E3, 0x18C2, 0x2984, 0x2963, 0x2943, 0x39A4, 0x39A4, 0x39C4, 0x4246, 0x39E5, 0x4205, 0x4205, 0x39C4,
  0x2143, 0x31A4, 0x39A3, 0x20E2, 0x1945, 0x21C7, 0x21A7, 0x21A6, 0x29C6, 0x29C6, 0x1986, 0x21A7, 0x21A7, 0x1924, 0x2966, 0x39C7,
  0xBCCE, 0xF610, 0xCCCC, 0xD50D, 0xCCCD, 0xA3EB, 0x9BAA, 0x9BAB, 0x93AB, 0x8B6B, 0x8B6B, 0x8B6B, 0x938A, 0x8B6A, 0x6AC8, 0x5A47,
  0x5A46, 0x5226, 0x6267, 0x8B69, 0x8B8B, 0x836B, 0x8B8B, 0x836B, 0x7B2B, 0x7B4B, 0x6AEB, 0x62CB, 0x62CA, 0x6AEA, 0x6AEA, 0x6AEA,
  0x6ACA, 0x6B0B, 0x6AEB, 0x5A89, 0x5248, 0x4207, 0x39A5, 0x3184, 0x3984, 0x3164, 0x41C6, 0x5A67, 0x6AC8, 0x834A, 0x834A, 0x8B8A,
  0x93AB, 0x93AB, 0x93AB, 0xA40C, 0xA3EB, 0xA3CA, 0xA3CA, 0x8B49, 0x7B4B, 0x8BCD, 0xB4AE, 0xD591, 0xD5F4, 0xE676, 0xEED8, 0xF6F9,
  0xFF19, 0xF719, 0xF6F8, 0xF6D8, 0xEED8, 0xF6D8, 0xF6D8, 0xF6D8, 0xF6D8, 0xF6D8, 0xF6D8, 0xF6D8, 0xF6F8, 0xF6F8, 0xF6F8, 0xF6F8,
  0xF6F8, 0xF718, 0xF719, 0xF719, 0xF719, 0xF719, 0xF719, 0xF719, 0xF719, 0xF719, 0xF719, 0xEEF9, 0xDEFA, 0xDEFA, 0xDEFA, 0xDEFA,
  0xE6FA, 0xE6FA, 0xE6FA, 0xE6FA, 0xDEFA, 0xDEFA, 0xDEFA, 0xDEFA, 0xDEFA, 0xDEFA, 0xDEFA, 0xDEFA, 0xDEFA, 0xDEFA, 0xDEFA, 0xDEFA,
  0xDEFA, 0xDEFA, 0xDEFA, 0xDEFA, 0xDEFA, 0xDEFA, 0xDEFA, 0xDEFA, 0xDEFA, 0xDEFA, 0xDEFA, 0xDEFA, 0xDEFA, 0xDEFA, 0xDEFA, 0xDEFA,
  0xDEFA, 0xDEFA, 0xDEFA, 0xDEFA, 0xDEFA, 0xDEFA, 0xDEFA, 0xDEFA, 0xDEFA, 0xDEFA, 0xDEFA, 0xDEFA, 0xDEFA, 0xDEFA, 0xDEFA, 0xDEFA,
  0xDF1A, 0xDF1A, 0xDEFA, 0xE71A, 0xE71A, 0xDEFA, 0xE6FA, 0xE6FA, 0xDEFA, 0xDEFA, 0xDF1A, 0xE71A, 0xE71A, 0xE71A, 0xE6FA, 0xDEFA,
  0xDEFA, 0xE6FA, 0xDF1A, 0xE71A, 0xE6FA, 0xDF1A, 0xDF1A, 0xDF1A, 0xE71A, 0xE71A, 0xE71A, 0xE71A, 0xE71A, 0xE71A, 0xE71A, 0xE71A,
  0xE6FA, 0xE71A, 0xE71A, 0xDEFA, 0xE6FA, 0xE6FA, 0xE71A, 0xE71A, 0xE71A, 0xE71A, 0xE71A, 0xE71A, 0xE71A, 0xE71A, 0xE71A, 0xE71A,
  0xE71A, 0xE71A, 0xE71A, 0xE71A, 0xE71A, 0xE6FA, 0xE71A, 0xE71A, 0xE71A, 0xE71A, 0xE71A, 0xE71A, 0xE71A, 0xE71A, 0xE71A, 0xE71A,
  0xE719, 0xE6F9, 0xE71A, 0xE719, 0xE71A, 0xE73A, 0xEF3A, 0xE6F9, 0xE71A, 0xC615, 0xA4F0, 0xB572, 0x7BA9, 0x6B27, 0x6B27, 0x7BA9,
  0x736A, 0x6308, 0x5AE7, 0x5AE7, 0x52A6, 0x5265, 0x5265, 0x52A6, 0x5265, 0x5244, 0x5AE7, 0x5AC7, 0x4A24, 0x5285, 0x4A24, 0x4204,
  0x4A44, 0x4A44, 0x5264, 0x5264, 0x5244, 0x6307, 0x6B28, 0x5A84, 0x62C5, 0x62C5, 0x5264, 0x5244, 0x39C2, 0x7348, 0x62C5, 0x5264,
  0x62C5, 0x62A5, 0x5244, 0x5284, 0x5A64, 0x5AA5, 0x7B68, 0x5AA5, 0x4A24, 0x39C3, 0x4A04, 0x5264, 0x62A5, 0x5264, 0x4A24, 0x4A03,
  0x4203, 0x5224, 0x62A4, 0x4204, 0x4204, 0x4A04, 0x5243, 0x4A23, 0x6284, 0x6AC4, 0x8B65, 0x62A5, 0x4A04, 0x5244, 0x6284, 0x8366,
  0x2A08, 0x21A6, 0x18E2, 0x10A2, 0x2963, 0x31A4, 0x2963, 0x39A4, 0x39C4, 0x41C5, 0x4205, 0x4205, 0x2143, 0x2964, 0x39E5, 0x2143,
  0x2143, 0x3163, 0x2923, 0x18E2, 0x2102, 0x2165, 0x21C7, 0x31C6, 0x29C6, 0x21C6, 0x21C7, 0x2186, 0x21A7, 0x21A7, 0x2986, 0x3187,
  0x2986, 0xAC6D, 0xEDD0, 0xE58E, 0xDD2E, 0xD52E, 0xC48C, 0x93AA, 0x8B6A, 0x8B8B, 0x7B2B, 0x7B4B, 0x8B8C, 0x93AB, 0xA40C, 0xA3EC,
  0x8B6B, 0x834A, 0x836A, 0x72E9, 0x5A46, 0x4A06, 0x5246, 0x5247, 0x62A9, 0x6AC9, 0x7B6B, 0x6B0B, 0x6B0B, 0x732B, 0x732B, 0x62CA,
  0x62CA, 0x62CA, 0x6B0C, 0x730B, 0x6AEB, 0x6AEA, 0x62CA, 0x5A89, 0x5A89, 0x5247, 0x41E6, 0x3985, 0x2944, 0x3164, 0x41C5, 0x5A46,
  0x7AE8, 0x8349, 0x8B8A, 0xA3EB, 0xAC0B, 0xB42B, 0xB44C, 0xBC6C, 0xA40C, 0x7B4B, 0x730B, 0x834A, 0x8B6A, 0xAC0C, 0xAC8E, 0xACD0,
  0xB532, 0xCDF5, 0xE677, 0xF6D8, 0xFF19, 0xFF39, 0xFF19, 0xF6F9, 0xF6F8, 0xF6D8, 0xEED8, 0xEED8, 0xF6D8, 0xF6D8, 0xF6F8, 0xF6F8,
  0xF6F8, 0xF6F8, 0xF719, 0xF719, 0xF719, 0xF719, 0xF719, 0xF719, 0xF719, 0xF719, 0xF719, 0xF719, 0xEEF9, 0xDEFA, 0xDEFA, 0xE6FA,
  0xEF19, 0xF719, 0xF719, 0xF719, 0xEF19, 0xE6F9, 0xE6FA, 0xDEFA, 0xDEFA, 0xDEFA, 0xDEFA, 0xDEFA, 0xDEFA, 0xDEFA, 0xDEFA, 0xDEFA,
  0xDEFA, 0xDEFA, 0xDEFA, 0xDEFA, 0xDEFA, 0xDEFA, 0xDEFA, 0xDEFA, 0xDEFA, 0xDEFA, 0xDEFA, 0xDEFA, 0xDEFA, 0xDEFA, 0xDEFA, 0xDEFA,
  0xDEFA, 0xDEFA, 0xDEFA, 0xDEFA, 0xDEFA, 0xDF1A, 0xDEFA, 0xE6FA, 0xDEFA, 0xDEFA, 0xE6FA, 0xDEFA, 0xDEFA, 0xDEFA, 0xDEFA, 0xE6FA,
  0xE71A, 0xE71A, 0xE71A, 0xE71A, 0xE71A, 0xE71A, 0xE71A, 0xE6FA, 0xE6FA, 0xE6FA, 0xE71A, 0xE71A, 0xE71A, 0xE71A, 0xE6FA, 0xE6FA,
  0xE71A, 0xE6FA, 0xE71A, 0xE71A, 0xDEFA, 0xE71A, 0xE71A, 0xE71A, 0xE71A, 0xE71A, 0xE71A, 0xE71A, 0xE71A, 0xE71A, 0xE71A, 0xE71A,
  0xE6FA, 0xE6FA, 0xE6FA, 0xE6FA, 0xE6FA, 0xE6FA, 0xE71A, 0xE71A, 0xE71A, 0xE71A, 0xE71A, 0xE71A, 0xE71A, 0xE71A, 0xE71A, 0xE71A,
  0xE71A, 0xE71A, 0xE71A, 0xE71A, 0xE71A, 0xE71A, 0xE71A, 0xE71A, 0xE71A, 0xE71A, 0xE71A, 0xE71A, 0xE6F9, 0xE719, 0xE719, 0xE719,
  0xE6F9, 0xE6F9, 0xE6F9, 0xEF3A, 0xEF3B, 0xD697, 0xCE35, 0xE6F9, 0xDEB8, 0x7389, 0x5AA5, 0x5AC6, 0x6327, 0x6B27, 0x6307, 0x5AC6,
  0x5AA6, 0x5AA6, 0x5AE7, 0x5AA6, 0x4A44, 0x4A45, 0x4A45, 0x5286, 0x5AC7, 0x5AC7, 0x5AE7, 0x4A44, 0x4A04, 0x4A44, 0x4A44, 0x5265,
  0x5AC6, 0x5AC6, 0x52A6, 0x5265, 0x4A24, 0x6B07, 0x6B28, 0x4A44, 0x6B07, 0x7BA8, 0x5AA5, 0x62A5, 0x6B07, 0x8BEA, 0x6AE7, 0x5243,
  0x944C, 0x7327, 0x5243, 0x5264, 0x5243, 0x5A85, 0xA48C, 0x7B47, 0x5285, 0x4A24, 0x4A24, 0x5264, 0x62A4, 0x4A24, 0x41E3, 0x39C3,
  0x4A03, 0x5244, 0x5224, 0x4A03, 0x5A63, 0x5A43, 0x5A63, 0x62A4, 0xA3E6, 0xAC07, 0x8B67, 0x6AC5, 0x5244, 0x5A84, 0x8346, 0xB489,
  0x29C6, 0x1903, 0x1902, 0x2123, 0x31C4, 0x31A4, 0x39A4, 0x41E5, 0x4A26, 0x5227, 0x4A27, 0x2963, 0x1902, 0x31A4, 0x31A4, 0x2943,
  0x2983, 0x31A4, 0x3163, 0x3163, 0x3184, 0x2123, 0x2186, 0x29C7, 0x31E6, 0x21C7, 0x21C7, 0x21C7, 0x2186, 0x21A7, 0x19A7, 0x2965,
  0x29A6, 0x2166, 0x6AE8, 0x8B49, 0x9BCA, 0xBC6C, 0xD50D, 0xDD4E, 0xAC2C, 0xB42C, 0xAC2D, 0x8B8B, 0x7B2B, 0x7B2B, 0x7B2A, 0x9BCB,
  0xA3EC, 0x93AB, 0x8B8B, 0x9BCC, 0x8BAB, 0x836A, 0x834A, 0x72E8, 0x5A67, 0x4A06, 0x5A87, 0x5226, 0x6AC8, 0x6AC8, 0x7B4A, 0x734B,
  0x734C, 0x732B, 0x6AEB, 0x6B0B, 0x6AEA, 0x62EA, 0x6AEA, 0x62EA, 0x62EB, 0x6B0B, 0x732B, 0x6ACA, 0x5A89, 0x5A67, 0x5A46, 0x39A5,
  0x41C5, 0x3185, 0x2964, 0x3184, 0x49E5, 0x6AC7, 0x93AA, 0xAC4B, 0xBC6C, 0xAC0C, 0x836C, 0x734C, 0x734C, 0x7B6C, 0x8BAB, 0x7B4B,
  0x730A, 0x62EB, 0x734C, 0x83AD, 0x9470, 0xA4F2, 0xC5B4, 0xE676, 0xE6B7, 0xF718, 0xFF39, 0xFF39, 0xFF19, 0xF6F8, 0xF6F8, 0xF6F8,
  0xF6F8, 0xF6F8, 0xF6F8, 0xF6F8, 0xF6F8, 0xF719, 0xF719, 0xF719, 0xF719, 0xF719, 0xF719, 0xF719, 0xF719, 0xEF19, 0xEEF9, 0xE6FA,
  0xF6F9, 0xF719, 0xF719, 0xF719, 0xF719, 0xF719, 0xE6F9, 0xDEFA, 0xDEFA, 0xE6FA, 0xDEFA, 0xDEFA, 0xDEFA, 0xDEFA, 0xDEFA, 0xDEFA,
  0xDEFA, 0xDEFA, 0xDEFA, 0xDEFA, 0xDEFA, 0xDEFA, 0xDEFA, 0xDEFA, 0xDEFA, 0xDEFA, 0xDEFA, 0xDEFA, 0xDEFA, 0xDEFA, 0xDEFA, 0xDEFA,
  0xDEFA, 0xDEFA, 0xDEFA, 0xDEFA, 0xE6FA, 0xDEFA, 0xE6FA, 0xE6FA, 0xE6FA, 0xE6FA, 0xE6FA, 0xE6FA, 0xE6FA, 0xE6FA, 0xE6FA, 0xE71A,
  0xE71A, 0xE71A, 0xE71A, 0xE71A, 0xE71A, 0xE71A, 0xE71A, 0xE71A, 0xE71A, 0xE71A, 0xE71A, 0xE71A, 0xE71A, 0xE71A, 0xE71A, 0xE71A,
  0xE71A, 0xE71A, 0xE71A, 0xE71A, 0xE71A, 0xE71A, 0xE71A, 0xE71A, 0xE71A, 0xE71A, 0xE71A, 0xE71A, 0xE71A, 0xE71A, 0xE71A, 0xE71A,
  0xE71A, 0xE6FA, 0xE71A, 0xE6FA, 0xE71A, 0xE71A, 0xE71A, 0xE71A, 0xE71A, 0xE71A, 0xE71A, 0xE71A, 0xE71A, 0xE71A, 0xE71A, 0xE71A,
  0xE71A, 0xE71A, 0xE71A, 0xE71A, 0xE71A, 0xE71A, 0xE71A, 0xE719, 0xE71A, 0xE71A, 0xE71A, 0xE719, 0xE719, 0xE719, 0xE719, 0xE719,
  0xE6F9, 0xE6F9, 0xE71A, 0xCE35, 0x946C, 0x6B47, 0x7B88, 0xCE35, 0xEF7C, 0xBDB3, 0x840B, 0x8C4C, 0x6B48, 0x62E6, 0x5AC6, 0x6B27,
  0x6B28, 0x5AA5, 0x5AC6, 0x6B27, 0x62C6, 0x4A45, 0x4A64, 0x5265, 0x4A65, 0x5265, 0x5AA6, 0x5265, 0x5265, 0x5264, 0x5A85, 0x5AA6,
  0x5AA6, 0x5AA6, 0x5A85, 0x5244, 0x5244, 0x4A24, 0x4A23, 0xAD10, 0x9C8E, 0x5264, 0xAD10, 0xACEF, 0xACEF, 0x944D, 0x9CAF, 0x4A03,
  0x5A64, 0x5244, 0x5244, 0x5264, 0x5A84, 0x5264, 0x5A84, 0x62C5, 0x6AE6, 0x5AA5, 0x5264, 0x62A5, 0x62C5, 0x4204, 0x41E3, 0x39C3,
  0x4A04, 0x4204, 0x4A24, 0x5263, 0x5A63, 0x5264, 0x6283, 0x6AC4, 0x7B26, 0x5A44, 0x8368, 0x8B87, 0x5263, 0x62C4, 0x7305, 0xC50C,
  0x1903, 0x10C2, 0x2983, 0x31A4, 0x31A4, 0x39C4, 0x41C5, 0x5247, 0x52A8, 0x5288, 0x4226, 0x31C4, 0x39E5, 0x4246, 0x4205, 0x3164,
  0x41E5, 0x4A05, 0x41E5, 0x4A26, 0x4A26, 0x4206, 0x4A06, 0x31C6, 0x21E8, 0x21C7, 0x21C7, 0x21C7, 0x21C7, 0x21A7, 0x21C7, 0x1986,
  0x2145, 0x31C7, 0x2944, 0x4A26, 0x9C0B, 0x7AE7, 0x6AA6, 0x8348, 0xA3EA, 0x72C7, 0xA3EA, 0xBC6C, 0x9BEB, 0x93AC, 0x8B6B, 0x834A,
  0x9BCB, 0x9BCB, 0x7B2A, 0x7B0A, 0x834A, 0x7B2B, 0x836C, 0x838B, 0x836B, 0x7B4C, 0x732B, 0x62A9, 0x5A68, 0x4A27, 0x4A27, 0x5247,
  0x5247, 0x62A9, 0x62A9, 0x62C9, 0x732B, 0x732B, 0x6B0B, 0x6B0B, 0x62EB, 0x5AAA, 0x62CA, 0x730B, 0x6B0B, 0x6B0B, 0x8B8A, 0xAC0B,
  0x8B6A, 0x6AA8, 0x5227, 0x41C5, 0x39A5, 0x3985, 0x3185, 0x41C5, 0x4A05, 0x6267, 0x6AA8, 0x8329, 0x834A, 0x836B, 0x838B, 0x7B6B,
  0x836C, 0x7B4C, 0x6B0C, 0x6B0A, 0x62CA, 0x5AAA, 0x62AA, 0x6B0B, 0x6B2B, 0x83EE, 0x9CB1, 0xB553, 0xCE16, 0xE697, 0xF6F8, 0xFF39,
  0xFF59, 0xFF59, 0xFF5A, 0xFF7A, 0xFF5A, 0xF719, 0xF6F8, 0xF719, 0xF719, 0xF719, 0xF719, 0xF719, 0xF719, 0xF739, 0xF719, 0xEF19,
  0xF6F9, 0xF719, 0xF719, 0xF719, 0xF719, 0xF719, 0xEF19, 0xDEFA, 0xDEFA, 0xDEFA, 0xE6FA, 0xDEFA, 0xE6FA, 0xE6FA, 0xE6FA, 0xE6FA,
  0xDEFA, 0xDEFA, 0xDEFA, 0xDEFA, 0xDEFA, 0xDEFA, 0xDEFA, 0xDEFA, 0xDEFA, 0xDEFA, 0xDEFA, 0xDEFA, 0xDEFA, 0xDEFA, 0xDEFA, 0xDEFA,
  0xDEFA, 0xDEFA, 0xE6FA, 0xDEFA, 0xE6FA, 0xE6FA, 0xE6FA, 0xE6FA, 0xE6FA, 0xE6FA, 0xE71A, 0xE6FA, 0xE6FA, 0xE6FA, 0xE6FA, 0xE71A,
  0xE71A, 0xE71A, 0xE71A, 0xE71A, 0xE71A, 0xE71A, 0xE71A, 0xE71A, 0xE71A, 0xE6FA, 0xE71A, 0xE6FA, 0xE6FA, 0xE71A, 0xE71A, 0xE6FA,
  0xE71A, 0xE71A, 0xE71A, 0xE71A, 0xE71A, 0xE71A, 0xE71A, 0xE71A, 0xE71A, 0xE71A, 0xE71A, 0xE71A, 0xE71A, 0xE71A, 0xE71A, 0xE71A,
  0xE71A, 0xE71A, 0xE71A, 0xE71A, 0xE71A, 0xE719, 0xE719, 0xE719, 0xE6F9, 0xE719, 0xE71A, 0xE71A, 0xE71A, 0xE71A, 0xE71A, 0xE71A,
  0xE71A, 0xE71A, 0xE71A, 0xE719, 0xE71A, 0xE719, 0xE719, 0xE719, 0xE719, 0xE719, 0xE719, 0xE719, 0xE719, 0xE719, 0xE6F9, 0xE6F9,
  0xE719, 0xEF3A, 0xEF3A, 0xC614, 0x83E9, 0x7367, 0x7B88, 0xAD30, 0xDEB8, 0xCE35, 0xD676, 0xCE14, 0x948D, 0x6B48, 0x62E6, 0x6306,
  0x62E6, 0x5AC6, 0x62E6, 0x8BEA, 0x7BAA, 0x5AA6, 0x5284, 0x4A44, 0x5265, 0x5AA6, 0x5285, 0x5AA6, 0x5AA6, 0x5A84, 0x62A5, 0x5AA6,
  0x5AA5, 0x5244, 0x6B07, 0x8C0B, 0x5A85, 0x5244, 0x5244, 0xB550, 0xB572, 0x5264, 0x62A5, 0x83A9, 0x7347, 0x4A03, 0x4A44, 0x5244,
  0x4A02, 0x5A64, 0x5A84, 0x5A84, 0x5A64, 0x5A84, 0x5223, 0x5AA5, 0x6AE6, 0x62A5, 0x5A85, 0x5285, 0x5264, 0x4A04, 0x4204, 0x4A24,
  0x41E4, 0x4204, 0x4A24, 0x5263, 0x5A64, 0x4A24, 0x8345, 0x9BE6, 0x5A65, 0x41E4, 0x5244, 0x62C4, 0x6AC4, 0x6AC4, 0x62A4, 0xA449,
  0x10A2, 0x1902, 0x2963, 0x3183, 0x3163, 0x3143, 0x39C5, 0x4A26, 0x39E5, 0x31C4, 0x31A4, 0x31A4, 0x4226, 0x39E5, 0x3184, 0x2963,
  0x4A25, 0x5246, 0x5247, 0x5247, 0x5247, 0x5247, 0x5247, 0x3984, 0x1965, 0x21E8, 0x21C8, 0x29E6, 0x21C7, 0x21C7, 0x21A7, 0x21C7,
  0x19A7, 0x2985, 0x41C5, 0x29E7, 0x940C, 0xF611, 0xCCED, 0xA3EA, 0x9BCA, 0x6266, 0x49E4, 0x6285, 0x72E7, 0x72E8, 0x6AA8, 0x834A,
  0x72E9, 0x8B6A, 0x938B, 0x8B8B, 0x834B, 0x7B4B, 0x7B2B, 0x7B4B, 0x7B4B, 0x730B, 0x730B, 0x732B, 0x6B0B, 0x730B, 0x7B4C, 0x732B,
  0x6AEA, 0x62C9, 0x5247, 0x4A06, 0x5247, 0x5247, 0x4A27, 0x5268, 0x62CA, 0x6AEA, 0x730A, 0x8B8B, 0x8B8B, 0x732B, 0x730B, 0x9BEB,
  0xC48C, 0xBC6C, 0x93AB, 0x730A, 0x72EA, 0x7B2A, 0x7B0A, 0x5A68, 0x41E6, 0x41C6, 0x41C6, 0x3984, 0x2944, 0x3984, 0x5A46, 0x5A47,
  0x6287, 0x7B29, 0x7B4B, 0x7B4B, 0x732C, 0x6B0C, 0x6AEB, 0x6B0B, 0x62EB, 0x62CA, 0x5AAA, 0x52AA, 0x5AEB, 0x630B, 0x6B4C, 0x8C0E,
  0xA4D1, 0xB552, 0x9490, 0x944F, 0xBD93, 0xEEF8, 0xFF39, 0xF6F8, 0xF719, 0xF719, 0xF719, 0xF719, 0xF719, 0xF719, 0xF739, 0xF719,
  0xF719, 0xF719, 0xF719, 0xF719, 0xF719, 0xF719, 0xF719, 0xE6FA, 0xE6F9, 0xE71A, 0xE6FA, 0xE6FA, 0xE6FA, 0xE6FA, 0xE6FA, 0xE6FA,
  0xE6FA, 0xE6FA, 0xDEFA, 0xDEFA, 0xDEFA, 0xDEFA, 0xDEFA, 0xDEFA, 0xE6FA, 0xE6FA, 0xE6FA, 0xE6FA, 0xE6FA, 0xE6FA, 0xE6FA, 0xE6FA,
  0xDEFA, 0xE6FA, 0xE6FA, 0xE6FA, 0xE6FA, 0xE6FA, 0xE6FA, 0xE6FA, 0xE6F9, 0xE6F9, 0xE71A, 0xE6FA, 0xE6FA, 0xE6FA, 0xE71A, 0xE71A,
  0xE71A, 0xE71A, 0xE71A, 0xE71A, 0xE71A, 0xE71A, 0xE6FA, 0xE6FA, 0xE71A, 0xE6FA, 0xE6F9, 0xE6F9, 0xE6FA, 0xE6FA, 0xE6FA, 0xE6FA,
  0xE71A, 0xE71A, 0xE71A, 0xE71A, 0xE6FA, 0xE71A, 0xE71A, 0xE71A, 0xE71A, 0xE71A, 0xE71A, 0xE71A, 0xE71A, 0xE71A, 0xE71A, 0xE71A,
  0xE71A, 0xE71A, 0xE719, 0xE71A, 0xE71A, 0xE719, 0xE719, 0xE6F9, 0xE719, 0xE6F9, 0xE71A, 0xE719, 0xE719, 0xE719, 0xE719, 0xE719,
  0xE719, 0xE719, 0xE719, 0xE719, 0xE719, 0xE719, 0xE719, 0xE6F9, 0xE719, 0xE719, 0xE719, 0xE719, 0xE719, 0xE719, 0xE6F9, 0xE719,
  0xDE97, 0xBDB2, 0xD656, 0xEF1A, 0xCE14, 0x7BA9, 0x6B46, 0x7347, 0x7368, 0x6307, 0x6B07, 0x840B, 0xAD51, 0x840C, 0x6B28, 0x6307,
  0x62E7, 0x62E6, 0x5AC6, 0x5AC6, 0x6B49, 0x5AC6, 0x5264, 0x4224, 0x4A24, 0x4A24, 0x5245, 0x5AA6, 0x5285, 0x5AA5, 0x6AE5, 0x62A5,
  0x5244, 0x72E4, 0x7B26, 0xBD50, 0x7B68, 0x39A2, 0x5A85, 0x6B28, 0x7348, 0xACEF, 0x8BEB, 0x5244, 0x5263, 0x5263, 0x4A22, 0x62C6,
  0xA4EF, 0x9C8D, 0x5A63, 0x5A84, 0x5A84, 0x5A84, 0x7BAA, 0x6B07, 0x6B07, 0x6B07, 0x6B28, 0x62C6, 0x62C5, 0x5244, 0x4A24, 0x5244,
  0x4A24, 0x41E4, 0x4A04, 0x5244, 0x5A64, 0x5A64, 0x7B24, 0x8B86, 0x4A04, 0x41C3, 0x5203, 0x7B03, 0x72E3, 0x72E4, 0x6AC4, 0x6284,
  0x2103, 0x2963, 0x2963, 0x3163, 0x3184, 0x39A4, 0x4A67, 0x4247, 0x2963, 0x2143, 0x2142, 0x2984, 0x31C5, 0x2122, 0x1902, 0x2123,
  0x4A05, 0x5246, 0x5246, 0x5247, 0x4A05, 0x41E5, 0x39A4, 0x3163, 0x10C2, 0x1945, 0x21E8, 0x21E8, 0x21E7, 0x21C8, 0x21C7, 0x2186,
  0x21A7, 0x21A7, 0x2165, 0x29C7, 0x1966, 0x732A, 0xEDF1, 0xEDAF, 0xC4AC, 0xDD4E, 0xC4CE, 0x9BCB, 0x8329, 0x7B08, 0x6287, 0x5A46,
  0x5206, 0x5A47, 0x5206, 0x5A47, 0x8B6A, 0x93CB, 0x836B, 0x838C, 0x8BAC, 0x836B, 0x730A, 0x6AEA, 0x6B0B, 0x6AEB, 0x6AEB, 0x7B4B,
  0x836B, 0x7B6C, 0x7B6C, 0x7B4B, 0x730B, 0x72E9, 0x6AA8, 0x6287, 0x5A47, 0x6287, 0x4A06, 0x5A67, 0x6AA8, 0x8B4A, 0x8B6B, 0x730A,
  0x834A, 0xC4AC, 0xDD2E, 0xC4AE, 0x9BEC, 0x732B, 0x7B2B, 0x9BAB, 0x834B, 0x6B0B, 0x732B, 0x62A9, 0x4A27, 0x41E6, 0x39C6, 0x3184,
  0x3164, 0x2923, 0x39A5, 0x41E6, 0x4A06, 0x5247, 0x6AC9, 0x5289, 0x62EB, 0x6B0B, 0x734C, 0x6B2C, 0x62EC, 0x6B0C, 0x62CB, 0x528A,
  0x5269, 0x62A9, 0x5A89, 0x4A49, 0x4A6A, 0x738D, 0xD656, 0xFF5A, 0xF6F8, 0xF719, 0xF719, 0xF719, 0xF719, 0xF719, 0xF719, 0xF719,
  0xF719, 0xF719, 0xF719, 0xF719, 0xF719, 0xF719, 0xEF19, 0xEF19, 0xF719, 0xF719, 0xEEF9, 0xE6FA, 0xE71A, 0xE6FA, 0xE6FA, 0xE6FA,
  0xE6FA, 0xE6FA, 0xE6FA, 0xE6FA, 0xE6FA, 0xE6FA, 0xE6FA, 0xE6FA, 0xE6FA, 0xE6FA, 0xE6FA, 0xE71A, 0xE71A, 0xE6FA, 0xE71A, 0xE6FA,
  0xE6FA, 0xE6FA, 0xE6FA, 0xE6FA, 0xE6FA, 0xE6FA, 0xE6FA, 0xE6F9, 0xEF3A, 0xEF3A, 0xE6FA, 0xE6F9, 0xE6F9, 0xE719, 0xE6F9, 0xE719,
  0xE719, 0xE71A, 0xE719, 0xE6F9, 0xE719, 0xE719, 0xE719, 0xE6F9, 0xE719, 0xE719, 0xE719, 0xE6F9, 0xE6F9, 0xE71A, 0xE6FA, 0xE719,
  0xE71A, 0xE719, 0xE719, 0xE71A, 0xE719, 0xE71A, 0xE719, 0xE71A, 0xE71A, 0xE71A, 0xE71A, 0xE71A, 0xE719, 0xE719, 0xE719, 0xE719,
  0xE719, 0xE71A, 0xEF19, 0xEF19, 0xEF19, 0xE719, 0xE719, 0xE719, 0xE719, 0xE719, 0xE719, 0xE719, 0xE719, 0xEF19, 0xE719, 0xE719,
  0xEF19, 0xEF19, 0xEF19, 0xE719, 0xE719, 0xE719, 0xE719, 0xEF19, 0xEF19, 0xEF19, 0xE719, 0xE719, 0xE719, 0xE6F9, 0xE6F9, 0xE6D8,
  0x9CAD, 0x6B25, 0x942B, 0xD675, 0xDED8, 0xA4CE, 0x7347, 0x6B06, 0x62E6, 0x5AC6, 0x6306, 0x73A9, 0x8C2C, 0x6B69, 0x62E7, 0x5AE7,
  0x5AC6, 0x52A5, 0x5285, 0x7B68, 0x6B07, 0x62C6, 0x5264, 0x5244, 0x4203, 0x4A24, 0x5285, 0x5265, 0x5AA5, 0x6B05, 0x62C4, 0x62C5,
  0x8BC9, 0x93C6, 0x72E4, 0x62A4, 0xACCE, 0x944D, 0x62A6, 0xC5D3, 0xB551, 0xEF3A, 0xAD11, 0x39A1, 0x7BA9, 0xD656, 0x8C2C, 0x5AA5,
  0xCE14, 0x7369, 0x5223, 0x5A64, 0x5263, 0x7347, 0xD635, 0x940B, 0x940A, 0x7328, 0x5286, 0x5A85, 0x5A85, 0x5A64, 0x5244, 0x4A44,
  0x4A24, 0x4204, 0x5224, 0x5244, 0x6AA4, 0x72C4, 0x49E3, 0x6AC7, 0x8368, 0x3162, 0x9C2A, 0xD58D, 0x8B86, 0x8345, 0x8345, 0x6AC5,
  0x2963, 0x2963, 0x2963, 0x41E5, 0x5247, 0x4A67, 0x4A67, 0x4A47, 0x2143, 0x2983, 0x2983, 0x31C5, 0x39E6, 0x2943, 0x2963, 0x3184,
  0x41E5, 0x49E5, 0x41C5, 0x39A4, 0x41C4, 0x4A06, 0x5A67, 0x5226, 0x2923, 0x18E2, 0x2165, 0x21C8, 0x21C7, 0x21C7, 0x21C8, 0x21A7,
  0x2186, 0x21A7, 0x1987, 0x2165, 0x29C7, 0x2187, 0x5AA9, 0xD56F, 0xD52E, 0xAC0A, 0xC4EE, 0xC4CE, 0xA40B, 0xA3EB, 0xA40B, 0xA3EA,
  0xA3EA, 0x7B08, 0x6AC7, 0x6266, 0x4A06, 0x5A46, 0x4A06, 0x5A67, 0x7B29, 0x8B8A, 0x93AB, 0x93AA, 0x8BAB, 0x8BAC, 0x7B4C, 0x732B,
  0x836B, 0x7B4B, 0x734B, 0x7B4B, 0x730B, 0x730B, 0x7B4A, 0x8BAB, 0x8B8B, 0x834A, 0x834A, 0x93AB, 0x7309, 0x6287, 0x6287, 0x5A46,
  0x6287, 0x72C7, 0x9368, 0xCCED, 0xDD4F, 0xC4AE, 0x8B8B, 0x7B2A, 0xA40C, 0xA40C, 0x7B6C, 0x6B2B, 0x6B0B, 0x62EB, 0x62EB, 0x5A89,
  0x5A89, 0x5248, 0x4A48, 0x31A5, 0x3164, 0x3185, 0x3164, 0x3164, 0x39A5, 0x41C6, 0x5247, 0x62A9, 0x5289, 0x5ACB, 0x6B0C, 0x6B0C,
  0x62EB, 0x62EB, 0x732B, 0x6B0B, 0x62EB, 0x52AA, 0x5ACB, 0xBD73, 0xFF7A, 0xF719, 0xF719, 0xF719, 0xF719, 0xF719, 0xF719, 0xF719,
  0xF719, 0xF719, 0xF718, 0xF719, 0xF719, 0xF719, 0xEF19, 0xEF19, 0xF719, 0xF719, 0xEF19, 0xE71A, 0xE71A, 0xE71A, 0xE6FA, 0xE6FA,
  0xE6FA, 0xE6FA, 0xE6FA, 0xE6FA, 0xE6FA, 0xE6FA, 0xE6FA, 0xE6FA, 0xE6FA, 0xE6FA, 0xE6FA, 0xE6FA, 0xE6FA, 0xE71A, 0xE71A, 0xE71A,
  0xE6FA, 0xE6FA, 0xE6FA, 0xE6FA, 0xE6F9, 0xE6FA, 0xE6F9, 0xEF3A, 0xCE57, 0xC5F5, 0xE6F9, 0xE6FA, 0xE6F9, 0xE6F9, 0xE719, 0xE6F9,
  0xE6F9, 0xE6F9, 0xE6F9, 0xE6F9, 0xE6F9, 0xE6F9, 0xE6F9, 0xE6F9, 0xE6F9, 0xE6F9, 0xE6F9, 0xE719, 0xE6F9, 0xE6F9, 0xE6F9, 0xE719,
  0xE719, 0xE71A, 0xE719, 0xE719, 0xE6F9, 0xE719, 0xE719, 0xE719, 0xE719, 0xE719, 0xE71A, 0xE719, 0xE719, 0xE719, 0xE719, 0xEF19,
  0xE719, 0xEF19, 0xEF19, 0xEF19, 0xEF19, 0xEF19, 0xEF19, 0xEF19, 0xEF19, 0xEF19, 0xEF19, 0xEF19, 0xEF19, 0xEF19, 0xE719, 0xEF19,
  0xEF19, 0xEF19, 0xEF19, 0xEF19, 0xEF19, 0xEF19, 0xEF19, 0xEF19, 0xEF19, 0xEF19, 0xEF19, 0xEF19, 0xEF19, 0xEF19, 0xE6F9, 0xE6F9,
  0xDEB7, 0x944B, 0x83A8, 0xA4AD, 0xEF5A, 0xEF3A, 0x7368, 0x8C2B, 0x8C0C, 0x5285, 0x62E6, 0x62E6, 0x5AA5, 0x5AA5, 0x5AC6, 0x6307,
  0x5AC6, 0x5265, 0x6AE6, 0x7B69, 0x5265, 0x5A85, 0x5284, 0x5264, 0x4A44, 0x5AA5, 0x5264, 0x83C9, 0xA48B, 0x62A5, 0x5223, 0xAD30,
  0xEEF8, 0xA4AC, 0x5A42, 0x5243, 0xACCE, 0xF718, 0x942C, 0x7307, 0x942C, 0x83EB, 0x6AE7, 0x41C1, 0xB571, 0xFFFE, 0xEF5B, 0x5A85,
  0x5243, 0x4A03, 0xACEF, 0x8C2C, 0x4A02, 0x7327, 0x9C6C, 0x6B06, 0x6B06, 0x7347, 0x5A86, 0x4A04, 0x4A04, 0x5244, 0x5244, 0x62A4,
  0x72E4, 0x4A24, 0x5224, 0x4A24, 0x6264, 0x5A44, 0x4A04, 0x5A65, 0x6285, 0x49E3, 0x9C4B, 0xFFFE, 0xB50F, 0x6242, 0xC591, 0x9BE9,
  0x3184, 0x4206, 0x39E5, 0x4A26, 0x5267, 0x31C4, 0x2963, 0x2963, 0x18E2, 0x1902, 0x2984, 0x4206, 0x4A68, 0x31A4, 0x2963, 0x41C5,
  0x4A06, 0x41C5, 0x4A06, 0x5247, 0x5A67, 0x5A88, 0x5AA8, 0x5247, 0x3183, 0x2963, 0x2943, 0x2165, 0x19C8, 0x21C8, 0x29C7, 0x21C7,
  0x21C7, 0x21A6, 0x21A7, 0x21A7, 0x2145, 0x31E7, 0x2187, 0x4208, 0xBCEE, 0xDD6F, 0xAC0A, 0xB44C, 0xAC2B, 0xA3CA, 0xA3EB, 0xA3EA,
  0xA3EA, 0xA3EA, 0x9BCB, 0xC48B, 0xBC49, 0x9BE9, 0x8349, 0x8329, 0x6AC8, 0x4A06, 0x6AA6, 0x5A45, 0x5A45, 0x8328, 0x8B69, 0x6AC9,
  0x72E9, 0xB44C, 0xA42C, 0x8BAC, 0x836B, 0x732B, 0x732B, 0x7B2A, 0x836B, 0x938B, 0x93AB, 0xA3EC, 0xBC6D, 0xB44C, 0xA3EB, 0x9389,
  0xA3EA, 0x9BEB, 0x7B48, 0x8328, 0x7AE7, 0x8B69, 0x8B49, 0x8329, 0x93AA, 0xBC8D, 0xC4AD, 0xA3EB, 0x9BCC, 0x8B8C, 0x6AEB, 0x62EB,
  0x62CA, 0x62CB, 0x6B0C, 0x6B0B, 0x5AAA, 0x62CA, 0x5AAA, 0x5248, 0x4207, 0x39A5, 0x3184, 0x3184, 0x3164, 0x3184, 0x41C6, 0x4207,
  0x4A27, 0x5289, 0x5289, 0x62EA, 0x6B0C, 0x630C, 0x6B2C, 0x5ACB, 0x9CB1, 0xF739, 0xF719, 0xF6F9, 0xF719, 0xF719, 0xF719, 0xF719,
  0xF719, 0xF719, 0xF719, 0xF719, 0xF719, 0xF719, 0xEF19, 0xEF19, 0xF719, 0xF719, 0xEF19, 0xE71A, 0xE71A, 0xE71A, 0xE71A, 0xE6FA,
  0xE6FA, 0xE6FA, 0xE6FA, 0xE6FA, 0xE6FA, 0xE6FA, 0xE6F9, 0xE6FA, 0xE6FA, 0xE6FA, 0xE71A, 0xE71A, 0xE71A, 0xE71A, 0xE71A, 0xE71A,
  0xE6FA, 0xE6F9, 0xE6F9, 0xE6F9, 0xE6F9, 0xE6F9, 0xEF3A, 0xC616, 0x2186, 0x39C6, 0xC54F, 0xE719, 0xE6F9, 0xE6F9, 0xE71A, 0xEF1A,
  0xEF3A, 0xEF3A, 0xEF5A, 0xF75A, 0xF75A, 0xF77B, 0xF77B, 0xF77A, 0xEF3A, 0xEF3A, 0xEF3A, 0xE719, 0xE6F9, 0xE6F9, 0xE6F9, 0xE6F9,
  0xE719, 0xE719, 0xE719, 0xE719, 0xE719, 0xE719, 0xE719, 0xE719, 0xE719, 0xE719, 0xE719, 0xE719, 0xE719, 0xEF19, 0xEF19, 0xEF19,
  0xEF19, 0xEF19, 0xEF19, 0xEF19, 0xEF19, 0xEF19, 0xEF19, 0xEF19, 0xEF19, 0xEF19, 0xEF19, 0xEF19, 0xEF19, 0xEF19, 0xEF19, 0xEF19,
  0xEF19, 0xEF19, 0xEF19, 0xEF19, 0xEF19, 0xEF19, 0xEF19, 0xEF19, 0xEF19, 0xEF19, 0xEF19, 0xEF19, 0xEEF8, 0xEF19, 0xEF19, 0xDE76,
  0xE719, 0xBDB2, 0x62E5, 0x6B05, 0x8C2B, 0x83EA, 0x62C5, 0x62E6, 0x5AC6, 0x5AC6, 0x5AC6, 0x5AA6, 0x5AA6, 0x5AA5, 0x5AC6, 0x5AE7,
  0x6307, 0x5265, 0x4A44, 0x4A45, 0x5265, 0x5264, 0x4A64, 0x5A84, 0x5AA5, 0x5AA5, 0x5264, 0x6AE6, 0x7327, 0x62C6, 0x62C6, 0x62C5,
  0xAD10, 0x7327, 0x49E2, 0x5244, 0x942B, 0xC590, 0x940B, 0x6AE7, 0x83A9, 0x49E2, 0x83CA, 0xCE35, 0xDEB7, 0xCE35, 0x946C, 0x5A65,
  0x5244, 0x6AE6, 0xC5D2, 0x942C, 0x5264, 0x6AE5, 0x5A84, 0x62A4, 0x5AA4, 0x62A5, 0x5A84, 0x5244, 0x5244, 0x5244, 0x6284, 0x7B24,
  0xAC05, 0x6284, 0x4A24, 0x5244, 0x5244, 0x4A24, 0x49E4, 0x4A04, 0x4A04, 0x49E3, 0x7B27, 0xD5F2, 0x93A6, 0x940A, 0xEED7, 0x8B86,
  0x4226, 0x5288, 0x4A67, 0x4226, 0x3184, 0x2963, 0x31A4, 0x1902, 0x1902, 0x2102, 0x31A5, 0x39E6, 0x3A06, 0x2143, 0x3184, 0x4A26,
  0x5267, 0x5A87, 0x62A8, 0x5A88, 0x5268, 0x5247, 0x5A88, 0x5247, 0x3163, 0x2963, 0x2963, 0x2102, 0x1944, 0x21C8, 0x29C7, 0x29C7,
  0x21C7, 0x21C7, 0x21A7, 0x21A7, 0x21A7, 0x2165, 0x31C7, 0x29C7, 0x29A7, 0xA44D, 0xEDF1, 0xCCED, 0xC4CD, 0xB44B, 0xA3CA, 0xA3EA,
  0xA3CA, 0xB42B, 0x938A, 0x9BCA, 0xB44A, 0xAC0A, 0x93AA, 0xA3EB, 0xBC6C, 0x9BCB, 0x9BCB, 0x8B8A, 0x7B49, 0x6287, 0x5A26, 0x7AE7,
  0x4A05, 0x6AA6, 0x72C6, 0x6AA7, 0x72E9, 0x938B, 0x8B8B, 0x9BCC, 0x938A, 0xA3EB, 0xB44C, 0xAC2C, 0x938A, 0xA3EB, 0xB42C, 0xA3EB,
  0x938A, 0xCD0E, 0xE5B0, 0xD50E, 0xC4AC, 0xA3EA, 0x9369, 0x8B48, 0x6246, 0x6AA7, 0x5A46, 0x7B08, 0x9B89, 0x8B69, 0x93AB, 0x8B6B,
  0x838C, 0x836C, 0x6B0B, 0x6B0B, 0x732C, 0x630B, 0x732C, 0x734C, 0x6B4C, 0x62EB, 0x528A, 0x4A48, 0x4A27, 0x4A28, 0x3985, 0x3184,
  0x3185, 0x3164, 0x2923, 0x3164, 0x3985, 0x39A5, 0x4206, 0x5268, 0x41E7, 0x734B, 0xF6F9, 0xF6F8, 0xF719, 0xF718, 0xF718, 0xF719,
  0xF719, 0xF719, 0xF719, 0xF719, 0xF719, 0xF719, 0xEF19, 0xF719, 0xF719, 0xF719, 0xF719, 0xE6F9, 0xE719, 0xE6F9, 0xE71A, 0xE71A,
  0xE6FA, 0xE71A, 0xE71A, 0xE6FA, 0xE6FA, 0xE6FA, 0xE6FA, 0xE6F9, 0xE6FA, 0xE6FA, 0xE6FA, 0xE71A, 0xE71A, 0xE71A, 0xE71A, 0xE71A,
  0xE71A, 0xE6F9, 0xE6F9, 0xE6F9, 0xE6F9, 0xE6F9, 0xF77B, 0x9CF2, 0x10E4, 0x31A7, 0x8BAA, 0xEEF9, 0xEF3A, 0xE6F9, 0xDED9, 0xD6B8,
  0xCE78, 0xC636, 0xB5D5, 0xA574, 0x94F2, 0x7C71, 0x7410, 0x63CF, 0x536E, 0x42EC, 0xC5B3, 0xEF3A, 0xE6F9, 0xE6F9, 0xE6F9, 0xE6F9,
  0xE719, 0xEF19, 0xE719, 0xE719, 0xE719, 0xEF19, 0xE719, 0xE719, 0xE719, 0xE719, 0xEF19, 0xEF19, 0xEF19, 0xEF19, 0xEF19, 0xEF19,
  0xEF19, 0xEF19, 0xEF19, 0xEF19, 0xEF19, 0xEF19, 0xEF19, 0xEF19, 0xEF19, 0xEF19, 0xEF19, 0xEF19, 0xEF19, 0xEF19, 0xEF19, 0xEF19,
  0xEF19, 0xEF19, 0xEF19, 0xEF19, 0xEF19, 0xEF19, 0xEF19, 0xEF19, 0xEF19, 0xEF19, 0xEF19, 0xEEF8, 0xEF18, 0xE6D7, 0x9C6C, 0x7B87,
  0xCE14, 0xCE14, 0x7326, 0x83C9, 0x83A9, 0x7368, 0x8BE9, 0x62C5, 0x62E6, 0x7346, 0x62C6, 0x5AC6, 0x5AA5, 0x5AA5, 0x5AA5, 0x5AA6,
  0x5AC6, 0x5265, 0x5265, 0x5AA6, 0x5AC6, 0x5284, 0x5AA5, 0x62C4, 0x5A84, 0x5264, 0x9C6B, 0x8BC9, 0x39A1, 0x8BEA, 0xDE75, 0x5223,
  0x4A03, 0x7B68, 0x5264, 0x41C2, 0x83A9, 0xF739, 0xC5D3, 0x7B48, 0xEF19, 0x83CA, 0x83EB, 0xF77B, 0xE6D8, 0x7B89, 0x5243, 0x5265,
  0x4A03, 0xD655, 0x9C8D, 0x5264, 0x5264, 0x7B88, 0x7326, 0x62A4, 0x62C5, 0x62A4, 0x62A4, 0x7305, 0x7B05, 0x8367, 0xAC48, 0x9BC5,
  0x72E4, 0x41E3, 0x5243, 0x72E4, 0x6AC3, 0x72C4, 0x49E3, 0x7B4A, 0xA44E, 0x41A2, 0x5A44, 0xB4CC, 0xAC48, 0xC54E, 0xCD8F, 0x72C3,
  0x4A47, 0x4226, 0x39E5, 0x2984, 0x1902, 0x2963, 0x2963, 0x31A4, 0x31A4, 0x39E5, 0x31C5, 0x2963, 0x3184, 0x2963, 0x41C5, 0x5226,
  0x5A88, 0x5AA8, 0x62A8, 0x5267, 0x4A26, 0x41C5, 0x4A06, 0x39A4, 0x2942, 0x2963, 0x2963, 0x2943, 0x2102, 0x2165, 0x21E8, 0x21C7,
  0x21C7, 0x21C7, 0x21C7, 0x21A7, 0x21A7, 0x21A7, 0x1945, 0x31C7, 0x29A7, 0x3185, 0x5246, 0x72E8, 0x93CB, 0xC4ED, 0xD50D, 0xAC0A,
  0xB42B, 0xAC0A, 0xAC2B, 0x8B6A, 0xA3EB, 0xAC0B, 0xA3CA, 0x9BA9, 0xBC4A, 0xC46B, 0xA3EB, 0xA40C, 0xA40C, 0x8BAC, 0x8B8B, 0x93AB,
  0xAC4C, 0xAC2A, 0xA3E9, 0x6AC7, 0x49E5, 0x5A67, 0x4A06, 0x5226, 0x6287, 0x7B08, 0xA3EA, 0xC4AC, 0xBC8C, 0xAC0B, 0xC48C, 0xD50D,
  0xB46C, 0x9B8A, 0xBC6C, 0xCCCD, 0xD50D, 0xDD2E, 0xD52E, 0xEDB0, 0xCD0E, 0xA3EB, 0x8B49, 0xA3CA, 0x9389, 0x6AC8, 0x6AA7, 0x6266,
  0x5A87, 0x6AC8, 0x8349, 0x7B29, 0x7B2A, 0x8B8C, 0x7B8D, 0x7B4B, 0x834B, 0x8B8C, 0x734C, 0x528A, 0x52AA, 0x630C, 0x5ACB, 0x5248,
  0x5AA9, 0x5AAA, 0x4A69, 0x4227, 0x41E6, 0x2943, 0x2963, 0x39A5, 0x3164, 0x39C5, 0xF719, 0xFF39, 0xF6F8, 0xF719, 0xF719, 0xF719,
  0xF718, 0xF718, 0xF719, 0xFF39, 0xF719, 0xF719, 0xF719, 0xF719, 0xF719, 0xF719, 0xF719, 0xE6F9, 0xE6F9, 0xE6F9, 0xE719, 0xE719,
  0xE719, 0xE719, 0xE719, 0xE71A, 0xE6F9, 0xE6F9, 0xE6F9, 0xE6F9, 0xE6F9, 0xE71A, 0xE6FA, 0xE71A, 0xE71A, 0xE71A, 0xE71A, 0xE719,
  0xE6F9, 0xE6F9, 0xE6F9, 0xE719, 0xE6F9, 0xE6F9, 0xEF3A, 0xBDB5, 0x2166, 0x31A6, 0xA44C, 0xDEB8, 0x430D, 0x3AAB, 0x32AB, 0x224A,
  0x2229, 0x1A09, 0x11E9, 0x11C9, 0x09C9, 0x09C9, 0x09C9, 0x09E9, 0x19E9, 0x09A8, 0x7BED, 0xF739, 0xE6F9, 0xE6F9, 0xE6F9, 0xE719,
  0xE719, 0xEF19, 0xEF19, 0xEF19, 0xEF19, 0xEF19, 0xEF19, 0xEF19, 0xEF19, 0xEF19, 0xEF19, 0xEF19, 0xEF19, 0xEF19, 0xEF19, 0xEF19,
  0xEF19, 0xEF19, 0xEF19, 0xEF19, 0xEF19, 0xEF19, 0xEF19, 0xEF19, 0xEF19, 0xEF19, 0xEF19, 0xEF19, 0xEF19, 0xEF19, 0xEF19, 0xEF19,
  0xEF19, 0xEF19, 0xEF19, 0xEF19, 0xEF19, 0xEF19, 0xEF19, 0xEF19, 0xEF19, 0xEF18, 0xEF18, 0xEEF8, 0xF75A, 0xB54F, 0x7B87, 0xCE34,
  0xDE97, 0x83A8, 0xACEE, 0xFF7A, 0xCDF3, 0x8BEA, 0x8BEA, 0x62C5, 0x62C5, 0x62E6, 0x62C6, 0x5AA5, 0x62C5, 0x62A5, 0x62E6, 0x7369,
  0x5265, 0x5285, 0x7B69, 0x6B28, 0x5A85, 0x62A4, 0x62C4, 0x62A4, 0x6AE5, 0x9C4C, 0xB52F, 0xC5B1, 0x8387, 0x72E5, 0x8BC8, 0x5A64,
  0xB530, 0xFFDB, 0xE6D7, 0x7327, 0x6B07, 0x83A9, 0x62C5, 0xACEF, 0xF739, 0xAD0F, 0x41E3, 0xD635, 0xF739, 0xDE96, 0x6B07, 0x41E2,
  0x5223, 0xC5F4, 0xBDB3, 0x5243, 0x5243, 0xA4CF, 0xCDF3, 0x8366, 0x7305, 0x6AC5, 0x6AE4, 0x72E4, 0x6AA4, 0x6284, 0x72E5, 0x4A03,
  0x5A43, 0x5223, 0x4A03, 0x72C3, 0x8B43, 0xA3E3, 0x8B63, 0x8346, 0x940C, 0x49E3, 0x5204, 0xEED8, 0xD5D2, 0x7AE4, 0x7B26, 0x7B05,
  0x4205, 0x39E4, 0x31A4, 0x31A4, 0x41E5, 0x4206, 0x31A4, 0x4226, 0x3A26, 0x3A06, 0x31E5, 0x31A4, 0x41E5, 0x39C4, 0x4A05, 0x5226,
  0x5A87, 0x5A67, 0x5A87, 0x4A26, 0x4A05, 0x4A06, 0x5288, 0x4A26, 0x3983, 0x3163, 0x3183, 0x39A3, 0x2943, 0x2103, 0x2165, 0x21C8,
  0x21C7, 0x21C7, 0x21C7, 0x21C7, 0x21A7, 0x21C7, 0x19A7, 0x2145, 0x2965, 0x3164, 0x49C4, 0x3143, 0x20E2, 0x41A4, 0x7B08, 0x7B08,
  0xA40B, 0xC4CD, 0xD54F, 0xC4EE, 0xB44C, 0xB42B, 0xB42A, 0xB42A, 0xAC0A, 0xAC0A, 0xC4AC, 0xBC6C, 0xB46C, 0x93AB, 0x732A, 0x6AEA,
  0x838B, 0x9BEB, 0xA3EA, 0xAC4B, 0xB46C, 0xC48C, 0xA3EA, 0x7B28, 0x72C7, 0x72C7, 0x6AC7, 0x6A86, 0x72A7, 0x5A46, 0x8328, 0xAC2B,
  0xCCCD, 0xBC6C, 0x938A, 0xB42B, 0xBC6B, 0xD52D, 0xD52E, 0xD50E, 0xD52E, 0xCCED, 0xB42B, 0xBC4C, 0xBC8C, 0xBC8D, 0x9BCB, 0x938B,
  0x834A, 0x5A67, 0x5247, 0x5247, 0x4A06, 0x6A86, 0x72C7, 0x6AE9, 0x6AC9, 0x7B29, 0x938B, 0x8B8C, 0x62EB, 0x5ACB, 0x632C, 0x62EC,
  0x5AAA, 0x62EB, 0x62EB, 0x630C, 0x632D, 0x62EB, 0x5288, 0x5ACA, 0x5AEC, 0x5AEB, 0x9470, 0xE6B8, 0xFF5A, 0xF6F8, 0xF6F8, 0xF719,
  0xF718, 0xF718, 0xF719, 0xFF18, 0xFF18, 0xF718, 0xF718, 0xF718, 0xF718, 0xF719, 0xF718, 0xEEF9, 0xE6F9, 0xE6F9, 0xE719, 0xE719,
  0xE719, 0xE719, 0xE719, 0xE719, 0xE719, 0xE719, 0xE719, 0xE6F9, 0xE719, 0xE71A, 0xE71A, 0xE719, 0xE71A, 0xE71A, 0xE719, 0xE6F9,
  0xE6F9, 0xE6F9, 0xE6F9, 0xE6F9, 0xE719, 0xE6F9, 0xF75A, 0xA533, 0x1945, 0x4207, 0x9C0B, 0x94D1, 0x0967, 0x19E9, 0x11E9, 0x1A09,
  0x1A0A, 0x1A2A, 0x1A2A, 0x1A4A, 0x224A, 0x224A, 0x224A, 0x226A, 0x226A, 0x0A0A, 0x7C0D, 0xF719, 0xE6F9, 0xEEF9, 0xEF19, 0xEF19,
  0xEF19, 0xEF19, 0xEF19, 0xEF19, 0xEF19, 0xEF19, 0xEF19, 0xEF19, 0xEF19, 0xEF19, 0xEF19, 0xEF19, 0xEF19, 0xEF19, 0xEF19, 0xEF19,
  0xEF19, 0xEF19, 0xEF19, 0xEF19, 0xEF19, 0xEF19, 0xEF19, 0xEF19, 0xEF19, 0xEF19, 0xEF19, 0xEF19, 0xEF19, 0xEF19, 0xEF19, 0xEF19,
  0xEF19, 0xEF19, 0xEF19, 0xEF19, 0xEF19, 0xEF19, 0xEF19, 0xEF19, 0xEF19, 0xEF19, 0xEF18, 0xEEF8, 0xF719, 0xD655, 0xDE75, 0xFF7B,
  0xCE13, 0xAD2E, 0xFFBC, 0xD655, 0x8C0A, 0x6B06, 0x5264, 0x5AA4, 0x6AE6, 0x5AA5, 0x7368, 0x83C9, 0x62C4, 0x5AA4, 0x6B27, 0x8C0C,
  0x4203, 0x5264, 0x62E6, 0x5AA5, 0x5265, 0x62C5, 0x62C5, 0x62A4, 0x6AC5, 0xBDB2, 0xEF19, 0xBD91, 0x6AE5, 0x6284, 0x7326, 0x8367,
  0xD655, 0xFFDC, 0xF77B, 0xA4EE, 0x7B89, 0xBD71, 0x8BCA, 0xD655, 0xEF19, 0xE6D7, 0x7369, 0x5A85, 0xD634, 0xF75A, 0xD655, 0x7B68,
  0x5A64, 0x62C6, 0x7B68, 0x5A84, 0x62A3, 0x7B46, 0xA48C, 0x6AE5, 0x5AA5, 0x6AC5, 0x6AC4, 0x5A84, 0x6AC4, 0x6283, 0x5A64, 0x940A,
  0x5244, 0x39A3, 0x41E3, 0x8B64, 0x9BA4, 0x9BC4, 0xA3E4, 0x9383, 0x6A83, 0x49E4, 0x3962, 0xBD51, 0xDE13, 0x7B26, 0x6AC4, 0x8325,
  0x4A88, 0x4A68, 0x39E5, 0x4A26, 0x5247, 0x4A06, 0x31A4, 0x4226, 0x2984, 0x31A4, 0x39C5, 0x4A05, 0x4A05, 0x49E5, 0x4A06, 0x5226,
  0x4A25, 0x4A05, 0x39A4, 0x5247, 0x5AA8, 0x5267, 0x4A26, 0x41C4, 0x39A3, 0x39A4, 0x39A4, 0x39A3, 0x2943, 0x2103, 0x2102, 0x2185,
  0x21E8, 0x21C8, 0x21C7, 0x21C7, 0x21C7, 0x21A7, 0x21E8, 0x1986, 0x10C2, 0x2923, 0x41C4, 0x3984, 0x3984, 0x3984, 0x49C4, 0x49C4,
  0x3984, 0x49E5, 0x5226, 0x7308, 0x8B89, 0x8B69, 0xAC0A, 0xB44B, 0xB46B, 0xB42A, 0xBC8C, 0xBC8C, 0xB44C, 0xAC2B, 0x93AA, 0x730A,
  0x6B0A, 0x6ACA, 0x5A88, 0x72E8, 0x938A, 0x9BCA, 0xB42B, 0xBC6C, 0x9BCB, 0x93AB, 0x9BEC, 0xAC0B, 0xA3CA, 0x8B69, 0x7AE7, 0x6266,
  0x5A25, 0x5A45, 0x41C4, 0x5A46, 0x8328, 0x9BCA, 0xC4CD, 0xD50E, 0xD50D, 0xD50D, 0xD50E, 0xC4CD, 0xB46C, 0xAC2C, 0xA40C, 0xA3EB,
  0x93CB, 0x9BCC, 0x8B8B, 0x732B, 0x734B, 0x938B, 0x72C8, 0x6287, 0x6AA7, 0x49E5, 0x5226, 0x5A47, 0x5A68, 0x4227, 0x4A48, 0x5ACB,
  0x62EC, 0x630B, 0x630B, 0x62EB, 0x630C, 0x632C, 0x632C, 0x5289, 0x5269, 0x62EB, 0x52AB, 0x62EB, 0xBD94, 0xFF5A, 0xF719, 0xF6F8,
  0xF6F8, 0xF718, 0xF718, 0xFF19, 0xFF19, 0xFF18, 0xFF18, 0xFF18, 0xFF18, 0xF718, 0xF718, 0xEEF9, 0xE6F9, 0xEEF9, 0xEF19, 0xF719,
  0xEF19, 0xEF19, 0xE719, 0xE719, 0xE719, 0xE719, 0xE719, 0xE719, 0xE719, 0xE719, 0xE719, 0xE719, 0xE719, 0xE719, 0xE719, 0xE6F9,
  0xE6F9, 0xE6F9, 0xE6F9, 0xE6F9, 0xE719, 0xE6F9, 0xF75A, 0xB595, 0x2187, 0x528A, 0x39C6, 0x2186, 0x222A, 0x224A, 0x1A2A, 0x1A2A,
  0x1A2A, 0x1A09, 0x1A09, 0x1209, 0x11E9, 0x11E9, 0x1209, 0x120A, 0x122A, 0x01C9, 0x7BCC, 0xF719, 0xE6F9, 0xEEF9, 0xEF19, 0xEF19,
  0xEF19, 0xEF19, 0xEF19, 0xEF19, 0xEF19, 0xEF19, 0xEF19, 0xEF19, 0xEF19, 0xEF19, 0xEF19, 0xEF19, 0xEF19, 0xEF19, 0xEF19, 0xEF19,
  0xEF19, 0xEF19, 0xEF19, 0xEF19, 0xEF19, 0xEF19, 0xEF19, 0xEF19, 0xEF19, 0xEF19, 0xEF19, 0xEF19, 0xEF19, 0xEF19, 0xEF19, 0xEF19,
  0xEF19, 0xEF19, 0xEF19, 0xEF19, 0xEF19, 0xEF19, 0xEF19, 0xEF19, 0xEF19, 0xEF18, 0xEF18, 0xEEF8, 0xEEF8, 0xEF19, 0xEF19, 0xEEF8,
  0xEEF7, 0xF759, 0xE6F8, 0x8C0A, 0x7345, 0x6B05, 0x6B06, 0xB52F, 0x6B06, 0xAD30, 0x9C8D, 0x5AA4, 0x7B88, 0x8C2C, 0x5A86, 0x5244,
  0x7B89, 0x6B06, 0x5284, 0x5AA5, 0x62C5, 0x6AE6, 0x5A85, 0x9C6D, 0x942C, 0x5264, 0x83A9, 0x8389, 0x940A, 0x940A, 0x6AC5, 0x5223,
  0x5244, 0x6B08, 0x83AA, 0xEF19, 0xF77A, 0xF77A, 0xD634, 0x83A9, 0xDEB7, 0xFFBC, 0xEF18, 0x5A86, 0x41E4, 0xDE75, 0xEF18, 0xB50E,
  0x62A5, 0x62A5, 0x5244, 0x5244, 0x7304, 0x62C4, 0x5244, 0x5A85, 0x5A85, 0x6284, 0x5A83, 0x5242, 0x72E4, 0x8B44, 0x9BC5, 0xC52C,
  0x8325, 0x39A3, 0x5223, 0x9364, 0x8B64, 0xAC25, 0xA3E4, 0xBD0C, 0xE6B5, 0x62A6, 0x3142, 0x6286, 0xC571, 0xE695, 0x8346, 0xC52E,
  0x4206, 0x3A05, 0x39E5, 0x4A06, 0x4206, 0x2984, 0x31C5, 0x31C5, 0x2143, 0x2964, 0x5226, 0x5226, 0x5226, 0x5247, 0x5A88, 0x4A26,
  0x39A4, 0x41C4, 0x41E5, 0x5267, 0x5247, 0x5226, 0x5247, 0x5226, 0x41A4, 0x3183, 0x2963, 0x3183, 0x2943, 0x2122, 0x2943, 0x2943,
  0x2166, 0x21E8, 0x21C7, 0x21C7, 0x21C7, 0x21C7, 0x21C7, 0x2A08, 0x2144, 0x0861, 0x0881, 0x0881, 0x10A2, 0x18C2, 0x3163, 0x3984,
  0x41A4, 0x41A4, 0x3964, 0x4184, 0x2103, 0x2943, 0x49E5, 0x5A46, 0x4A05, 0x6267, 0x6266, 0x9389, 0xB40A, 0xABEA, 0xBC4B, 0xBC6C,
  0x9BEC, 0x7B6C, 0x7B4C, 0x62CA, 0x5A68, 0x62A8, 0x6AC9, 0x8B8B, 0x9BEB, 0x7B2A, 0x5A68, 0x62A9, 0x8B8B, 0x9BCB, 0x93AC, 0x93CB,
  0x8B69, 0x62A9, 0x5A68, 0x4A06, 0x4A06, 0x4A06, 0x49E5, 0x6A87, 0x7AE7, 0x5A66, 0xA3EB, 0xBC8C, 0xAC2B, 0xBC6D, 0xB46D, 0xBC8D,
  0xB46D, 0xA3EC, 0x9BEC, 0x93AB, 0x836C, 0x734C, 0x838C, 0x7B4C, 0x93CC, 0xA3EB, 0x8B6A, 0x7B29, 0x8349, 0x6288, 0x41E6, 0x4A07,
  0x4A27, 0x39C6, 0x4A28, 0x5268, 0x5269, 0x5AAA, 0x62EB, 0x630C, 0x5ACB, 0x5269, 0x5ACB, 0x5ACB, 0x526A, 0x9450, 0xEF19, 0xFF59,
  0xF6F8, 0xF6F8, 0xF719, 0xF718, 0xF718, 0xFF18, 0xFF18, 0xFF19, 0xFF39, 0xFF18, 0xF718, 0xEEF9, 0xEEF9, 0xEF19, 0xF719, 0xFF39,
  0xF719, 0xEF19, 0xEF19, 0xEF19, 0xEF19, 0xE6F9, 0xE6F9, 0xE719, 0xE719, 0xE719, 0xE71A, 0xEF1A, 0xE719, 0xE719, 0xE719, 0xE6F9,
  0xE6F9, 0xE719, 0xE719, 0xE719, 0xEF19, 0xE6F9, 0xF77A, 0xA512, 0x1904, 0x39C7, 0x39C6, 0x52CA, 0x09A8, 0x1209, 0x1209, 0x1A2A,
  0x1A2A, 0x224A, 0x2A6A, 0x328B, 0x3ACB, 0x4AEC, 0x532C, 0x636D, 0x6BAE, 0x6B6D, 0xACCF, 0xEF19, 0xEEF9, 0xEEF9, 0xEF19, 0xEF19,
  0xEF19, 0xEF19, 0xEF19, 0xEF19, 0xEF19, 0xEF19, 0xEF19, 0xEF19, 0xEF19, 0xEF19, 0xEF19, 0xEF19, 0xEF19, 0xEF19, 0xEF19, 0xEF19,
  0xEF19, 0xEF19, 0xEF19, 0xEF19, 0xEF19, 0xEF18, 0xEF19, 0xEF18, 0xEF19, 0xEF19, 0xEF19, 0xEF19, 0xEF19, 0xEF19, 0xEF19, 0xEF19,
  0xEF19, 0xEF19, 0xEF19, 0xEF18, 0xEF18, 0xEF19, 0xEF19, 0xEF19, 0xEF19, 0xEF18, 0xEF18, 0xEEF8, 0xEEF8, 0xEEF8, 0xEEF8, 0xEF18,
  0xEF18, 0xDE75, 0x944B, 0x6B25, 0x7345, 0x8C09, 0x7346, 0xDEB6, 0xAD30, 0x6B27, 0x6B27, 0x8C0B, 0xCE34, 0x83EB, 0x5264, 0x7348,
  0xBD91, 0x7B88, 0x5264, 0x5AA5, 0x7326, 0x8BA6, 0x6AE5, 0x940A, 0xA4CE, 0x62A6, 0x8388, 0x9C4A, 0x7B47, 0x7326, 0x8BC9, 0x62C5,
  0x5A85, 0x62A5, 0x6B07, 0xBD92, 0xF75A, 0xF77A, 0xF759, 0x6B07, 0x6B08, 0xBDB3, 0xCE14, 0x942C, 0x2921, 0x8BEB, 0xCDD1, 0xA46A,
  0x6AC5, 0x5AA5, 0x62A5, 0x5244, 0x7B45, 0x8B85, 0x5244, 0x5224, 0x5264, 0x5A63, 0x7306, 0x93EA, 0x72E4, 0x8323, 0x9384, 0x9384,
  0xAC06, 0x5A44, 0x4A03, 0xA3C5, 0x9BC4, 0xA405, 0xA3C4, 0xC54E, 0xFFFE, 0xB531, 0x3962, 0x3962, 0xBD51, 0xBD2D, 0xA429, 0xFF38,
  0x31A4, 0x39E5, 0x39C4, 0x4A06, 0x31A5, 0x29C5, 0x31C5, 0x2143, 0x2143, 0x41E5, 0x62A8, 0x39E5, 0x5267, 0x62C9, 0x5267, 0x39C5,
  0x41E5, 0x5A88, 0x5A67, 0x5A68, 0x5A88, 0x5AA8, 0x62C9, 0x62A8, 0x49E4, 0x39A4, 0x3984, 0x3983, 0x3163, 0x2923, 0x2943, 0x2943,
  0x18E2, 0x1966, 0x21C8, 0x21C7, 0x21C7, 0x21C7, 0x21C8, 0x3A27, 0x2143, 0x10A2, 0x10E3, 0x10E3, 0x10C3, 0x1903, 0x2964, 0x41C4,
  0x2923, 0x10A2, 0x18E3, 0x2103, 0x2923, 0x3984, 0x49E5, 0x3164, 0x3164, 0x3164, 0x2923, 0x2943, 0x39A5, 0x39A5, 0x5A46, 0x7B08,
  0x7B29, 0x7B29, 0x6AEA, 0x7B4B, 0x6B0B, 0x5A89, 0x62CA, 0x6B0B, 0x6B0B, 0x7B2B, 0x6AEA, 0x5A68, 0x5A89, 0x834A, 0x7B4B, 0x6AEA,
  0x6ACA, 0x62A9, 0x6ACA, 0x6AEB, 0x6B0B, 0x62CA, 0x62A9, 0x7B29, 0x72C8, 0x6AA7, 0x62A7, 0x6267, 0x41C5, 0x6AA7, 0x72E8, 0x938A,
  0xB46C, 0xB46C, 0xB44C, 0xB44C, 0xB44C, 0x9BCC, 0x7B6B, 0x836B, 0x732B, 0x838C, 0x8B8C, 0x7B4B, 0x734C, 0x7B4C, 0x7B4B, 0x732A,
  0x72EA, 0x5268, 0x4A48, 0x4A48, 0x41E6, 0x39C5, 0x4207, 0x4207, 0x4A28, 0x5269, 0x4227, 0x52AA, 0x6B2D, 0x5ACB, 0x736D, 0xD636,
  0xFF7A, 0xF6F8, 0xF6F8, 0xF718, 0xF718, 0xF718, 0xFF18, 0xFF39, 0xFF39, 0xFF19, 0xF719, 0xEEF9, 0xEEF9, 0xF718, 0xFF39, 0xFF39,
  0xF739, 0xF719, 0xEF19, 0xEF19, 0xEF19, 0xE719, 0xE719, 0xE719, 0xEF19, 0xEF19, 0xEF19, 0xEF19, 0xEF19, 0xEF19, 0xE719, 0xE6F9,
  0xE6F9, 0xE719, 0xEF19, 0xEF19, 0xEF19, 0xE6F9, 0xF75A, 0xB594, 0x1924, 0x2965, 0x39E6, 0xBDB4, 0x5AEA, 0x7BCE, 0x840F, 0x8C4F,
  0x9470, 0x9C90, 0xA4B0, 0xACD1, 0xB4F1, 0xB4F1, 0xB4F1, 0xB4F1, 0xB4F1, 0xACB0, 0xD5B2, 0xEF39, 0xE6F8, 0xEF19, 0xEF19, 0xEF19,
  0xEF19, 0xEF19, 0xEF19, 0xEF19, 0xEF19, 0xEF19, 0xEF19, 0xEF19, 0xEF19, 0xEF19, 0xEF19, 0xEF19, 0xEF19, 0xEF19, 0xEF19, 0xEF19,
  0xEF19, 0xEF19, 0xEF19, 0xEF19, 0xEF19, 0xEF18, 0xEF18, 0xEF18, 0xEF19, 0xEF19, 0xEF19, 0xF719, 0xEF18, 0xEF18, 0xF718, 0xEF18,
  0xEF18, 0xEF18, 0xEF19, 0xEF19, 0xEF19, 0xEF19, 0xEF18, 0xEF18, 0xEF18, 0xEF19, 0xEF18, 0xEF18, 0xEF18, 0xEF18, 0xEF18, 0xEF18,
  0xF739, 0xD654, 0x942A, 0xB52F, 0xBD70, 0xDE75, 0xCDF3, 0xFF9C, 0xD675, 0x5262, 0x8C0A, 0xF739, 0xC5D3, 0x83CA, 0x944C, 0x7B68,
  0x62C5, 0x5A84, 0x4A44, 0x62C5, 0xDE74, 0xC54D, 0x8386, 0xA48B, 0xDE54, 0x83A9, 0x6AC5, 0x5A43, 0x83A8, 0xCDF3, 0xF759, 0xEF38,
  0xE6B6, 0xA4AE, 0x8389, 0x5224, 0x7308, 0x7B8A, 0x62A7, 0x41A3, 0x41A3, 0x3982, 0x3121, 0x2921, 0x3983, 0x41C3, 0x62A5, 0x8386,
  0x62A4, 0x5264, 0x72E4, 0x5A84, 0x6AE5, 0x8365, 0x6B05, 0x6283, 0x72E4, 0x6283, 0x7327, 0xBD51, 0x8BC8, 0x72C3, 0x6AC4, 0x8B66,
  0xEE72, 0xB50E, 0x41E3, 0xC50C, 0xD52A, 0xAC06, 0x9364, 0x8B44, 0xCDD1, 0x9C6C, 0x41A2, 0x49E4, 0x72E6, 0x8303, 0xD5F1, 0xEEB5,
  0x2963, 0x2983, 0x2963, 0x39C5, 0x31A4, 0x31C5, 0x31E6, 0x2984, 0x3184, 0x3164, 0x39A4, 0x2983, 0x41E5, 0x4A06, 0x49E5, 0x41E5,
  0x5247, 0x5AA8, 0x5A87, 0x5AA8, 0x5AA8, 0x5A88, 0x5AA9, 0x5A87, 0x49E4, 0x41C4, 0x41A4, 0x39A4, 0x3163, 0x3163, 0x2943, 0x2943,
  0x18E2, 0x18C2, 0x1966, 0x21E8, 0x21C8, 0x21C8, 0x21C8, 0x4206, 0x1903, 0x1104, 0x1904, 0x1904, 0x1924, 0x31A5, 0x8367, 0x6285,
  0x10A2, 0x10C3, 0x10C3, 0x10C2, 0x10C2, 0x10A2, 0x10A2, 0x10C2, 0x18E2, 0x2923, 0x2923, 0x3164, 0x39A5, 0x3185, 0x3184, 0x3164,
  0x2964, 0x2103, 0x3164, 0x4A26, 0x5247, 0x4A07, 0x5A47, 0x730A, 0x732B, 0x6B0B, 0x732B, 0x7B4B, 0x6AEA, 0x62A9, 0x730A, 0x834B,
  0x7B2A, 0x6ACA, 0x6AEA, 0x62CA, 0x5AAA, 0x5AAA, 0x62AA, 0x6ACA, 0x834B, 0xA40C, 0xB44C, 0xC48C, 0xBC6C, 0xA3EA, 0x8B69, 0x6266,
  0x5205, 0x6266, 0x5225, 0x5A46, 0x7B08, 0xA3EB, 0xA40B, 0x9BEC, 0xAC6E, 0x940E, 0x93ED, 0x8BAC, 0x836C, 0x734C, 0x732C, 0x7B4B,
  0x732B, 0x6B0A, 0x6AEA, 0x6AEB, 0x630C, 0x5AEB, 0x5ACB, 0x5AAA, 0x5269, 0x4A27, 0x4207, 0x39C5, 0x41E6, 0x5268, 0x4A28, 0x39E6,
  0x7BCD, 0xF719, 0xF719, 0xF6F8, 0xF719, 0xF718, 0xF718, 0xFF19, 0xFF39, 0xF719, 0xF719, 0xF719, 0xF718, 0xF718, 0xFF39, 0xFF39,
  0xFF39, 0xF739, 0xEF19, 0xEEF9, 0xEEF9, 0xEF19, 0xEF19, 0xEF19, 0xEF19, 0xEF19, 0xEF19, 0xE719, 0xEF19, 0xEF19, 0xEF19, 0xEF19,
  0xEF19, 0xEF19, 0xEF19, 0xEF19, 0xEF19, 0xE6F9, 0xF75A, 0xC5F6, 0x2145, 0x2986, 0x62EA, 0xCE36, 0x9C0D, 0xB4F1, 0xACD1, 0xACD1,
  0xACD1, 0xACD1, 0xACD1, 0xACD1, 0xACD1, 0xACB0, 0xACB0, 0xACB0, 0xACD1, 0xA48F, 0xCD91, 0xEF19, 0xEEF8, 0xEEF8, 0xEEF9, 0xEF19,
  0xEF19, 0xEF19, 0xEF19, 0xEF19, 0xEF19, 0xEF19, 0xEF19, 0xEF19, 0xEF19, 0xEF19, 0xEF19, 0xEF19, 0xEF19, 0xEF19, 0xEF19, 0xEF19,
  0xEF19, 0xEF19, 0xEF19, 0xEF19, 0xEF19, 0xEF18, 0xEF18, 0xF718, 0xF718, 0xF718, 0xF718, 0xF719, 0xF719, 0xF718, 0xF718, 0xEF18,
  0xEF18, 0xEF18, 0xF719, 0xF719, 0xEF18, 0xEF18, 0xEF18, 0xEF18, 0xEF18, 0xEF18, 0xEF18, 0xEF18, 0xEF18, 0xEF18, 0xEF18, 0xEF18,
  0xEEF8, 0xF739, 0xDE96, 0xEEF8, 0xF739, 0xEEF8, 0xEF18, 0xDE75, 0xCE13, 0xACEE, 0xCDF3, 0xCDF3, 0xAD2F, 0xA4CE, 0xCDF4, 0x7B88,
  0x5AA4, 0x5A84, 0x5244, 0x8BC9, 0xB52F, 0x7327, 0x62A5, 0x62C4, 0x5A64, 0x6AC5, 0x62A5, 0x5A64, 0x8367, 0x9409, 0xE6D8, 0xD676,
  0xAD0F, 0xBD72, 0xE6D7, 0xEF18, 0x942C, 0x4A04, 0x83CB, 0xBD92, 0xC5B3, 0xCE35, 0xBD71, 0x944D, 0x6AE7, 0x41C3, 0x3983, 0x49E3,
  0x5244, 0x4A24, 0x72E4, 0x6AE4, 0x5264, 0x7B25, 0x5A85, 0x5A64, 0x8B23, 0x72E4, 0x6AC4, 0x6284, 0x6AC5, 0x6AC4, 0x6284, 0x7B26,
  0xF738, 0xBD2F, 0x3981, 0xC5D3, 0xFFFC, 0xBD0E, 0x6A62, 0x9386, 0xBD0D, 0xBD6F, 0x8389, 0x41C3, 0x49C2, 0x8345, 0xF738, 0xF738,
  0x3184, 0x2963, 0x2963, 0x31A4, 0x2123, 0x2123, 0x2984, 0x4A26, 0x5287, 0x2923, 0x2943, 0x31A4, 0x3184, 0x49E5, 0x5226, 0x4A06,
  0x5267, 0x5AA8, 0x5AA8, 0x5AA8, 0x62C9, 0x5A88, 0x5267, 0x5246, 0x49C4, 0x41C4, 0x41C4, 0x41C4, 0x3983, 0x3183, 0x3163, 0x2943,
  0x18E2, 0x2102, 0x2103, 0x21A6, 0x21E8, 0x21C8, 0x2A08, 0x4A05, 0x1944, 0x1965, 0x1945, 0x1944, 0x1924, 0x5266, 0xA429, 0x4A25,
  0x10C3, 0x1924, 0x1924, 0x1924, 0x1923, 0x1903, 0x18E3, 0x18E3, 0x10E3, 0x10C3, 0x10A2, 0x10A2, 0x1082, 0x10A2, 0x18C2, 0x18E2,
  0x18E3, 0x18E2, 0x3164, 0x3185, 0x39C5, 0x39C5, 0x3184, 0x3184, 0x41E6, 0x41E6, 0x39A5, 0x5A68, 0x62A8, 0x62A8, 0x62A8, 0x72E9,
  0x9BCB, 0xAC0C, 0x93AB, 0x8B8B, 0xA3EB, 0x834A, 0x5A69, 0x5AA9, 0x62A9, 0x6AC9, 0x7B2A, 0x93AB, 0xBC8D, 0xCCED, 0xCCCD, 0xC46C,
  0x9BAA, 0xA3EB, 0xAC2B, 0x938A, 0x5A26, 0x5205, 0x5226, 0x49E5, 0x6287, 0x832A, 0x7B4A, 0x836B, 0x7309, 0x7B29, 0x836B, 0x6B2B,
  0x732C, 0x7B4C, 0x732B, 0x6AC9, 0x62CA, 0x6B0C, 0x630C, 0x62EB, 0x630C, 0x632D, 0x630C, 0x632C, 0x5ACA, 0x4A68, 0x52A9, 0x5289,
  0x3A07, 0xAD12, 0xFF59, 0xFF59, 0xF6F8, 0xF718, 0xF718, 0xF719, 0xFF39, 0xF719, 0xFF39, 0xF719, 0xF719, 0xFF19, 0xF718, 0xF718,
  0xF719, 0xFF39, 0xF719, 0xEF19, 0xEF19, 0xEEF9, 0xEF19, 0xEF19, 0xEF19, 0xEF19, 0xEF19, 0xEF19, 0xEF19, 0xEF19, 0xEF19, 0xEF19,
  0xEF19, 0xEF19, 0xEF19, 0xEF19, 0xEF19, 0xEEF9, 0xF75A, 0xC5F5, 0x2145, 0x3185, 0x942C, 0xCE57, 0x93ED, 0xACB1, 0xA4B0, 0xACB0,
  0xACD1, 0xACD1, 0xACD1, 0xACD1, 0xACD1, 0xACD1, 0xACD1, 0xACD0, 0xACD1, 0xA490, 0xD5B2, 0xEF19, 0xEEF8, 0xEF18, 0xEF19, 0xEF19,
  0xEF19, 0xEF19, 0xEF19, 0xEF19, 0xEF19, 0xEF19, 0xEF19, 0xEF19, 0xEF19, 0xEF19, 0xEF19, 0xEF19, 0xEF19, 0xEF19, 0xEF19, 0xEF19,
  0xEF19, 0xEF19, 0xEF19, 0xEF19, 0xEF19, 0xEF18, 0xF718, 0xF718, 0xFF38, 0xFF38, 0xFF38, 0xFF18, 0xF738, 0xF718, 0xF718, 0xF718,
  0xEF18, 0xF718, 0xF718, 0xEF18, 0xEF18, 0xEF18, 0xEF18, 0xEF18, 0xEF18, 0xEF18, 0xEF18, 0xEF18, 0xEF18, 0xEF18, 0xEF18, 0xEF18,
  0xEF18, 0xEEF8, 0xF719, 0xEEF8, 0xEF19, 0xE6B7, 0x8C0A, 0x6B04, 0x942A, 0xDE97, 0xDE76, 0xEF19, 0xE6B6, 0x83A9, 0x5264, 0x5AA4,
  0x5A84, 0x62E5, 0xB550, 0xEF18, 0x9C6B, 0x6284, 0x5A84, 0x6284, 0x5A84, 0x5223, 0x5223, 0x62A4, 0xEE94, 0xA46B, 0xACCD, 0xE6F8,
  0xEF39, 0xFF7A, 0xF739, 0x946D, 0x7B89, 0xE695, 0xFF59, 0xF759, 0xF759, 0xF759, 0xEF18, 0xE6B7, 0xB50D, 0x7304, 0x4A04, 0x3183,
  0x41E4, 0x5244, 0x8344, 0x7304, 0x4A24, 0x8B85, 0x62A4, 0x41C3, 0x7B46, 0x8345, 0x72E3, 0x8365, 0x8345, 0x8324, 0x9BE7, 0x72C4,
  0xACAD, 0xFF9A, 0x5A86, 0x7308, 0xEED5, 0xD5F2, 0x7AE4, 0x6A83, 0xB4EE, 0xFFFE, 0xE697, 0x49E3, 0x4182, 0x8B88, 0xF6D5, 0xF6F6,
  0x31A4, 0x2963, 0x31A5, 0x3A06, 0x31C5, 0x39E6, 0x4A47, 0x2984, 0x2123, 0x3164, 0x39A4, 0x3183, 0x39A4, 0x4A06, 0x5226, 0x5226,
  0x5247, 0x62A9, 0x5AA8, 0x5AA9, 0x5A67, 0x49E5, 0x41C5, 0x41E5, 0x41A4, 0x3983, 0x39A3, 0x41C4, 0x39A3, 0x3183, 0x3163, 0x2923,
  0x2103, 0x2943, 0x2923, 0x2123, 0x21A7, 0x21E8, 0x31C6, 0x41E5, 0x21A6, 0x21C6, 0x21A6, 0x21A6, 0x2185, 0x4A25, 0x7307, 0x31A4,
  0x2164, 0x2164, 0x2164, 0x2164, 0x2144, 0x2144, 0x2144, 0x2123, 0x2143, 0x2144, 0x1923, 0x1903, 0x1903, 0x18E3, 0x10E3, 0x10C2,
  0x10C2, 0x10A2, 0x10A2, 0x18C2, 0x2103, 0x2944, 0x2103, 0x2944, 0x3185, 0x2943, 0x3164, 0x3164, 0x3164, 0x39A4, 0x3144, 0x3184,
  0x5226, 0x8349, 0x8B8A, 0x8329, 0xA40A, 0xCCCC, 0xB44C, 0x7B4A, 0x7B4B, 0x6ACA, 0x5248, 0x72C9, 0x8B6A, 0xA3EB, 0xB44C, 0xBC4C,
  0xC48C, 0xA3EB, 0xA40C, 0xCCEE, 0xCCED, 0xBC6C, 0xAC2B, 0x9BCA, 0x6AA8, 0x5A46, 0x6287, 0x6AC8, 0x5A67, 0x49E5, 0x49E5, 0x39A5,
  0x4A27, 0x5AA9, 0x62C9, 0x62EA, 0x6B0A, 0x6B0A, 0x6B2C, 0x6B2D, 0x5ACA, 0x5AEB, 0x630C, 0x630C, 0x632C, 0x630C, 0x5289, 0x5ACB,
  0x6B6E, 0x5AEC, 0x7BCE, 0xD636, 0xFF7A, 0xF719, 0xF6F8, 0xF718, 0xF719, 0xF718, 0xF719, 0xF718, 0xF718, 0xF718, 0xF718, 0xF718,
  0xF718, 0xFF39, 0xF719, 0xF719, 0xF719, 0xEEF9, 0xEEF9, 0xEF19, 0xEF19, 0xEF19, 0xEF19, 0xEF19, 0xEF19, 0xEF19, 0xEF19, 0xEF19,
  0xEF19, 0xEF19, 0xEF19, 0xEF19, 0xEF19, 0xEEF9, 0xF75A, 0xC5F5, 0x1925, 0x39C6, 0xA46D, 0xCE37, 0x940D, 0xACB1, 0xACB0, 0xACD1,
  0xACD1, 0xACD1, 0xACD1, 0xACD1, 0xACD1, 0xACD1, 0xACD1, 0xACD1, 0xACD1, 0xA490, 0xD5B2, 0xEF19, 0xEEF8, 0xEEF9, 0xEF19, 0xEF19,
  0xEF19, 0xEF19, 0xEF19, 0xEF19, 0xEF19, 0xEF19, 0xEF19, 0xEF19, 0xEF19, 0xEF19, 0xEF19, 0xEF18, 0xEF19, 0xEF19, 0xEF19, 0xF718,
  0xEF19, 0xEF19, 0xEEF8, 0xF6F8, 0xF6F8, 0xEEF8, 0xEEF8, 0xF6F8, 0xFF18, 0xFF38, 0xFF38, 0xFF38, 0xFF38, 0xFF38, 0xFF38, 0xF718,
  0xF718, 0xF718, 0xEF18, 0xEF18, 0xEF18, 0xEF18, 0xEF18, 0xEF18, 0xEF18, 0xEF18, 0xEF18, 0xEF18, 0xEF18, 0xEF18, 0xEF18, 0xEF18,
  0xEF18, 0xEF18, 0xEEF8, 0xEEF8, 0xEEF7, 0xE6D7, 0x944B, 0x6B05, 0x8C2A, 0xD655, 0xEEF8, 0xD655, 0xDE75, 0x942B, 0x5A84, 0x5AA5,
  0x5A84, 0x6B06, 0xDE96, 0xF739, 0x942A, 0x6AC5, 0x62C5, 0x5A64, 0x5A64, 0x944D, 0x72E6, 0xAC28, 0xCD4D, 0x72C3, 0x8386, 0xB52F,
  0xC5D3, 0xACEE, 0x6B06, 0x8BEA, 0xF739, 0xF739, 0xEEF7, 0xEEF8, 0xEEF7, 0xE6D7, 0xC5D2, 0x8366, 0x7B25, 0x7B45, 0x7325, 0x6284,
  0x41A3, 0x39A3, 0x6264, 0x7B05, 0x5203, 0x72E5, 0x8BC7, 0x3982, 0x8389, 0xBD0D, 0xD613, 0xA42A, 0x93A5, 0x8B43, 0xCD8E, 0xE696,
  0x5A43, 0xBDB3, 0xA4AF, 0x3961, 0xCD6E, 0xD5AE, 0xBCCA, 0x7B04, 0x72C4, 0xE696, 0xFF7A, 0x6AE8, 0x3142, 0x5A44, 0xC54D, 0xF717,
  0x31A4, 0x31A4, 0x39E5, 0x4227, 0x4247, 0x4A47, 0x4A68, 0x2144, 0x1903, 0x4A06, 0x41E5, 0x41C5, 0x4A06, 0x5247, 0x5267, 0x5267,
  0x5A67, 0x5226, 0x4A05, 0x4A05, 0x5226, 0x5AA8, 0x630A, 0x62C9, 0x5225, 0x49E4, 0x41C4, 0x41C4, 0x41A3, 0x39A3, 0x3183, 0x3143,
  0x2923, 0x2943, 0x2923, 0x2922, 0x2103, 0x19A7, 0x2124, 0x2964, 0x29C6, 0x29C6, 0x29E7, 0x3A27, 0x3A06, 0x39E5, 0x39C5, 0x2185,
  0x21A5, 0x2185, 0x2185, 0x2185, 0x2185, 0x2185, 0x2185, 0x2165, 0x2165, 0x2185, 0x2185, 0x2165, 0x2164, 0x2164, 0x2144, 0x2144,
  0x2144, 0x1924, 0x1903, 0x10E3, 0x10C2, 0x10E3, 0x10E3, 0x18E3, 0x18E3, 0x10C2, 0x18E2, 0x2103, 0x2923, 0x2944, 0x2944, 0x2944,
  0x39A5, 0x39A5, 0x41C5, 0x41C5, 0x41A5, 0x49E5, 0x72E8, 0x7AE8, 0x7B29, 0x9BEB, 0x8B8A, 0x5A47, 0x6AA8, 0x938B, 0xAC2C, 0xAC2C,
  0xAC4C, 0xC4AD, 0xA42C, 0x834A, 0x8B8A, 0xAC0B, 0xBC8C, 0xC4AD, 0xBC6D, 0xA3EB, 0x8B6A, 0x8B6A, 0x9BEB, 0x9BCC, 0x7B09, 0x6288,
  0x5A67, 0x4A06, 0x4A06, 0x4A06, 0x4207, 0x4A27, 0x4A27, 0x5AAA, 0x630B, 0x6B2C, 0x630B, 0x6B2D, 0x632D, 0x630C, 0x62EC, 0x5289,
  0x5AAA, 0x630C, 0x5AAB, 0x52AA, 0x9C91, 0xF719, 0xF739, 0xF6F8, 0xF718, 0xF718, 0xF718, 0xF718, 0xF718, 0xFF18, 0xF718, 0xFF39,
  0xFF39, 0xFF39, 0xF739, 0xFF39, 0xF719, 0xEF19, 0xEF19, 0xEF19, 0xEF19, 0xEF19, 0xEF19, 0xEF19, 0xEF19, 0xEF19, 0xEF19, 0xEF19,
  0xEF19, 0xEF19, 0xEF19, 0xEF19, 0xEF19, 0xEEF9, 0xF75A, 0xC5F5, 0x1905, 0x41E6, 0xAC6D, 0xC616, 0x940D, 0xACD1, 0xACB1, 0xACD1,
  0xACD1, 0xACD1, 0xACD1, 0xACD1, 0xACB1, 0xACB1, 0xACB1, 0xACB1, 0xACD1, 0xA46F, 0xD591, 0xEF39, 0xEEF8, 0xEF18, 0xEF19, 0xEF19,
  0xEF19, 0xEF19, 0xEF19, 0xEF19, 0xEF19, 0xEF19, 0xEF19, 0xEF19, 0xEF19, 0xEF19, 0xEF19, 0xEF19, 0xEF19, 0xEF19, 0xF718, 0xF718,
  0xEF18, 0xF6F8, 0xF6F8, 0xF6F8, 0xF718, 0xF6F8, 0xF6F8, 0xF6F8, 0xF6F8, 0xFF18, 0xFF38, 0xFF38, 0xFF39, 0xFF39, 0xFF38, 0xF738,
  0xF718, 0xF718, 0xEF18, 0xEF18, 0xEF18, 0xEF18, 0xEF18, 0xEF18, 0xEF18, 0xEF18, 0xEF18, 0xEF18, 0xEF18, 0xEF18, 0xEF18, 0xEF18,
  0xEF18, 0xEF18, 0xEF18, 0xF718, 0xD613, 0x944A, 0xB52F, 0x9C6C, 0xEEF7, 0xEED7, 0xEEF7, 0x8C0A, 0x6B25, 0x6AE5, 0x62E5, 0x62C4,
  0x5242, 0x83CA, 0xE6B7, 0x9C6C, 0x62C5, 0x62A5, 0x62A5, 0x6AC5, 0x5A84, 0x7B48, 0xBCED, 0xAC69, 0x9BE7, 0x9C09, 0x8B86, 0xACCD,
  0xC5B1, 0x9C4A, 0xC5B1, 0xF718, 0xF718, 0xEF18, 0xEF18, 0xF739, 0xCDD2, 0x93E8, 0x9C2A, 0x7B24, 0x7B25, 0x7305, 0x8366, 0x8BA7,
  0x7306, 0x41C3, 0x3163, 0x41A4, 0x3983, 0x7307, 0xFF57, 0x83CA, 0x51E3, 0xE694, 0xE674, 0x8365, 0x8B85, 0xBCCA, 0xE694, 0xFF58,
  0xD612, 0x6285, 0x41C3, 0x3982, 0xBD51, 0xFF7A, 0xEED6, 0xEEF8, 0x9C09, 0x8B86, 0xA429, 0x7B27, 0x41A3, 0x49C3, 0xCD91, 0xF716,
  0x4206, 0x4206, 0x4206, 0x4A26, 0x41E5, 0x2984, 0x2984, 0x2963, 0x31A4, 0x5267, 0x4A26, 0x5267, 0x5A88, 0x5267, 0x5226, 0x5A67,
  0x5267, 0x5267, 0x5AA8, 0x62E9, 0x6B2B, 0x6B2B, 0x6B2B, 0x6AC9, 0x6265, 0x6266, 0x5A45, 0x5225, 0x49E4, 0x41C4, 0x3183, 0x3163,
  0x2943, 0x3163, 0x2923, 0x2923, 0x2102, 0x10A2, 0x0882, 0x10A2, 0x18E3, 0x1903, 0x1924, 0x29A5, 0x31C5, 0x31E5, 0x4246, 0x3206,
  0x3206, 0x31E6, 0x31C6, 0x29C6, 0x29A5, 0x29A5, 0x29A5, 0x2185, 0x2185, 0x2185, 0x2185, 0x2185, 0x2186, 0x29A5, 0x2985, 0x2985,
  0x2185, 0x2185, 0x2165, 0x2164, 0x2164, 0x2144, 0x2144, 0x2123, 0x2123, 0x1923, 0x18E3, 0x18C2, 0x10C2, 0x18E3, 0x2103, 0x2103,
  0x2123, 0x2923, 0x3164, 0x3144, 0x3164, 0x3984, 0x3164, 0x3144, 0x3164, 0x41C5, 0x4A06, 0x3984, 0x41C5, 0x7B09, 0x8B8A, 0x9BEB,
  0xA3EB, 0xAC2B, 0xBC8D, 0xB44C, 0x834A, 0x6AC8, 0x8B6A, 0xB44C, 0xB44C, 0xABEB, 0xA3CA, 0x8B49, 0x7B09, 0x7B0A, 0x834B, 0x730A,
  0x6AEA, 0x7B4B, 0x836B, 0x834B, 0x62CA, 0x5269, 0x5268, 0x5226, 0x4A06, 0x4A47, 0x4206, 0x4A27, 0x5269, 0x528A, 0x5AAB, 0x630C,
  0x630C, 0x5AAA, 0x5ACB, 0x630C, 0x5AAB, 0x8C2F, 0xEEF9, 0xFF7A, 0xF6F8, 0xF6F8, 0xF6F8, 0xF6F8, 0xF718, 0xFF18, 0xFF18, 0xFF18,
  0xFF39, 0xFF39, 0xFF39, 0xFF39, 0xF739, 0xEF19, 0xEEF9, 0xEEF9, 0xEF19, 0xEEF9, 0xEF19, 0xEF19, 0xEF19, 0xEF19, 0xEF19, 0xEF19,
  0xEF19, 0xEF19, 0xEF19, 0xEF19, 0xEF19, 0xEEF9, 0xF75A, 0xC5D5, 0x1904, 0x39A5, 0x9BEB, 0xC616, 0x940D, 0xA4D1, 0xA4B1, 0xACD1,
  0xACD1, 0xACD1, 0xACF1, 0xB4F1, 0xB4D1, 0xB4F1, 0xB4F1, 0xB4F1, 0xB4F1, 0xACB0, 0xD5D2, 0xEF39, 0xEEF8, 0xEF19, 0xEF19, 0xEF19,
  0xEF19, 0xEF19, 0xEF19, 0xEF19, 0xEF19, 0xEF19, 0xEF19, 0xEF19, 0xEF19, 0xEF19, 0xEF19, 0xEF19, 0xEF19, 0xEF19, 0xF6F8, 0xF6F8,
  0xF6F8, 0xF6F8, 0xF6F8, 0xF6F8, 0xFF18, 0xFEF8, 0xF6F8, 0xF6F8, 0xF6F8, 0xFF18, 0xFF18, 0xFF38, 0xFF38, 0xFF39, 0xFF38, 0xFF38,
  0xF718, 0xF718, 0xF718, 0xEF18, 0xEF18, 0xEF18, 0xEF18, 0xEF18, 0xEF18, 0xEF18, 0xEF18, 0xEF18, 0xEF18, 0xEF18, 0xEF18, 0xEF18,
  0xEF18, 0xEEF8, 0xF739, 0xCE13, 0x6B25, 0x83C7, 0xBD90, 0xEEF8, 0xEF18, 0xEEF8, 0xD654, 0xA48C, 0x6B06, 0x62E5, 0x62A4, 0x6B05,
  0xACEF, 0xD655, 0xE6F8, 0x7B88, 0x5A63, 0x62A4, 0x7306, 0x8365, 0x6AC4, 0x5A62, 0xAC8C, 0xC570, 0xC56F, 0xE696, 0xEEF8, 0xFF7A,
  0xE696, 0xBD2F, 0xFF79, 0xEEF8, 0xF718, 0xF718, 0xF718, 0xF739, 0xA48B, 0x7303, 0x6AE3, 0x7305, 0x6AE4, 0x7B24, 0xBD2E, 0xB50E,
  0x7B25, 0x7304, 0x62A4, 0x41C3, 0x3122, 0x3983, 0xACCE, 0xCDD1, 0x49C2, 0x9BC7, 0xC50A, 0x9C28, 0x8325, 0xE653, 0xB4AA, 0x9364,
  0xD5B0, 0xFF58, 0x7308, 0x20E0, 0x7328, 0xFF59, 0xF75A, 0xF77B, 0xA408, 0x7B02, 0x7AC2, 0x6262, 0x5204, 0x49C3, 0xA46E, 0xFF9A,
  0x4A47, 0x4A47, 0x4226, 0x4A26, 0x2964, 0x1923, 0x2983, 0x31A4, 0x31C4, 0x4A26, 0x5247, 0x5A88, 0x5AA9, 0x5267, 0x4A26, 0x41E5,
  0x5289, 0x5ACA, 0x62C9, 0x5A88, 0x5A67, 0x5246, 0x5A67, 0x5A66, 0x5204, 0x5A65, 0x5A45, 0x5A45, 0x5205, 0x49E4, 0x3983, 0x3983,
  0x3163, 0x3183, 0x2943, 0x2923, 0x20E2, 0x10A2, 0x10C2, 0x18E3, 0x1903, 0x1903, 0x3184, 0x41E4, 0x5A45, 0x4A04, 0x1903, 0x2944,
  0x2964, 0x3184, 0x39A4, 0x39A4, 0x39C5, 0x4205, 0x4A25, 0x4206, 0x3A06, 0x3206, 0x31E6, 0x29C6, 0x29A6, 0x29A6, 0x29A6, 0x29A6,
  0x29A6, 0x29A5, 0x29A5, 0x29A5, 0x29A5, 0x29A5, 0x2985, 0x2185, 0x2165, 0x2164, 0x2144, 0x2124, 0x2124, 0x2143, 0x2964, 0x2123,
  0x1903, 0x18E2, 0x10C2, 0x1081, 0x10A2, 0x18E2, 0x20E2, 0x2103, 0x2944, 0x3185, 0x2944, 0x2943, 0x3164, 0x39A4, 0x39A4, 0x3984,
  0x41C5, 0x3984, 0x51E5, 0x8B69, 0x9BAA, 0x93AA, 0x8329, 0x7AE8, 0xB44C, 0xB44C, 0xA40B, 0xA3EB, 0x93AB, 0x8B6A, 0x93AB, 0x8B8B,
  0x7B2B, 0x6B0B, 0x730B, 0x7B4B, 0x9BCB, 0x8BAC, 0x734C, 0x6B2B, 0x6AEB, 0x62CA, 0x62A9, 0x5248, 0x4206, 0x39C6, 0x39C5, 0x4206,
  0x4206, 0x39E6, 0x41E6, 0x4A07, 0x630B, 0x5ACB, 0x6B4C, 0xBD93, 0xFF5A, 0xF719, 0xEED8, 0xF6F8, 0xF6F8, 0xF718, 0xF718, 0xFF18,
  0xFF18, 0xFF38, 0xFF39, 0xFF39, 0xFF39, 0xF719, 0xF718, 0xF719, 0xEF19, 0xEF19, 0xEF19, 0xEF19, 0xEF19, 0xEF19, 0xEF19, 0xEF19,
  0xEF19, 0xEF19, 0xEF19, 0xEF19, 0xEF19, 0xEEF9, 0xF75A, 0xC5D5, 0x2104, 0x3165, 0x7B4A, 0xCE15, 0x9BEC, 0xACB0, 0xA4B0, 0xA4B0,
  0x9C90, 0x946F, 0x8C4F, 0x842F, 0x7C0F, 0x73EE, 0x6BAE, 0x636D, 0x636D, 0x42CC, 0x9CAF, 0xF739, 0xEEF8, 0xEF18, 0xEF19, 0xEF19,
  0xEF19, 0xEF19, 0xEF19, 0xEF19, 0xEF19, 0xEF19, 0xEF19, 0xEF19, 0xEF19, 0xEF19, 0xF718, 0xF718, 0xEF18, 0xEF19, 0xF6F8, 0xF6F7,
  0xF6F8, 0xF6F8, 0xF6F8, 0xF6F8, 0xFEF7, 0xFEF8, 0xFEF8, 0xFEF8, 0xFF18, 0xFF18, 0xFF38, 0xFF38, 0xFF38, 0xFF39, 0xFF39, 0xFF39,
  0xFF38, 0xF718, 0xF718, 0xEF18, 0xEF18, 0xEF18, 0xEF18, 0xEF18, 0xEF18, 0xEF18, 0xEF18, 0xF718, 0xF718, 0xEF18, 0xEF18, 0xF718,
  0xEF18, 0xEEF8, 0xFF5A, 0xAD0F, 0x6B25, 0xDE75, 0xF718, 0xEF18, 0xEF18, 0xF739, 0xB52F, 0x83A7, 0x6B05, 0x5A84, 0x8C0B, 0x940A,
  0xE6B7, 0xF73A, 0xC5B2, 0x6AC4, 0x6AC4, 0x62A5, 0x7347, 0xACAB, 0x93C5, 0x8B64, 0x93A6, 0x8BA6, 0x7B01, 0xB4EC, 0xE675, 0xDE54,
  0xD634, 0xC5B2, 0xF739, 0xF718, 0xF718, 0xF718, 0xF738, 0xBD4F, 0x93E8, 0x9C6A, 0xB50E, 0xC590, 0xBD6F, 0xD612, 0xFF59, 0xA48C,
  0x6AE4, 0x7305, 0x7B45, 0x8B86, 0x7308, 0x3983, 0x3962, 0x5A44, 0x5204, 0x6243, 0xE631, 0xF739, 0x72E5, 0xDE33, 0xD5B0, 0x8B45,
  0xAC6B, 0xF6F7, 0xE6B6, 0x5225, 0x41A2, 0xB50F, 0xFFBB, 0xCDD2, 0x7AE3, 0x8B65, 0x7B03, 0x9409, 0x5A45, 0x41A3, 0x6285, 0xF718,
  0x5247, 0x4A67, 0x39E5, 0x2163, 0x2143, 0x3184, 0x31A4, 0x2963, 0x2163, 0x31A4, 0x5247, 0x5A88, 0x5A88, 0x5247, 0x39A4, 0x3164,
  0x4A27, 0x5A68, 0x5A67, 0x5227, 0x5226, 0x4A05, 0x41E5, 0x41C4, 0x49E4, 0x5205, 0x5205, 0x49E4, 0x5204, 0x41C4, 0x3983, 0x3183,
  0x3983, 0x3183, 0x3183, 0x2963, 0x2103, 0x10C2, 0x1903, 0x18E3, 0x1924, 0x1924, 0x5266, 0x9BC8, 0xBC69, 0x6245, 0x0041, 0x10A2,
  0x10C2, 0x18C2, 0x18E3, 0x2103, 0x2123, 0x2123, 0x2944, 0x3184, 0x39A4, 0x39C5, 0x39E5, 0x3A06, 0x4227, 0x3A27, 0x3207, 0x3207,
  0x3207, 0x3A06, 0x31E6, 0x31C5, 0x29A5, 0x29A5, 0x29A5, 0x29A5, 0x29A5, 0x29A6, 0x29A5, 0x29A5, 0x2985, 0x2964, 0x2964, 0x2984,
  0x2165, 0x2124, 0x1903, 0x1903, 0x1923, 0x3184, 0x41A4, 0x10E3, 0x10C3, 0x10C3, 0x10C3, 0x10C2, 0x10C2, 0x18E3, 0x2923, 0x3164,
  0x2923, 0x2903, 0x49C5, 0x41C5, 0x39A4, 0x5205, 0x49E5, 0x2944, 0x5226, 0x72E8, 0x7B08, 0x7AE8, 0x8B49, 0xA3EB, 0xAC0B, 0xBC8D,
  0xB44C, 0x9BEC, 0x7B6C, 0x732B, 0x7B4B, 0x9BCB, 0x9BCB, 0x8B6B, 0x732B, 0x6AEA, 0x6AEA, 0x732B, 0x7B4B, 0x62EB, 0x5AEB, 0x62EA,
  0x5289, 0x4A48, 0x5268, 0x4207, 0x41E6, 0x4A26, 0x39A5, 0x2943, 0x630A, 0xEEF8, 0xFF39, 0xEEF8, 0xF6F8, 0xF6F8, 0xF718, 0xF718,
  0xF718, 0xFF18, 0xFF18, 0xFF39, 0xFF39, 0xFF39, 0xFF39, 0xF718, 0xF719, 0xEF19, 0xEF19, 0xEF19, 0xEF19, 0xEF19, 0xEF19, 0xEF19,
  0xEF19, 0xEF19, 0xEF19, 0xEF19, 0xEF19, 0xEEF9, 0xF75A, 0xC5D5, 0x2104, 0x2965, 0x7B4A, 0xB5B4, 0x2A08, 0x3ACB, 0x32AB, 0x2A8B,
  0x226B, 0x1A4A, 0x1A4B, 0x122B, 0x122A, 0x122A, 0x122A, 0x0A0A, 0x122A, 0x01C9, 0x842E, 0xFF39, 0xEEF8, 0xEF18, 0xEF18, 0xEF18,
  0xEF19, 0xEF19, 0xEF19, 0xEF19, 0xEF19, 0xEF18, 0xEF19, 0xEF19, 0xEF19, 0xF6F8, 0xF6F8, 0xF6F8, 0xF6F8, 0xF6F8, 0xF6F8, 0xF6F7,
  0xF6F8, 0xF6F8, 0xF6F8, 0xF6F8, 0xF6F8, 0xFEF8, 0xFF18, 0xFF18, 0xFF18, 0xFF18, 0xFF18, 0xFF38, 0xFF38, 0xFF38, 0xFF39, 0xFF39,
  0xFF39, 0xFF38, 0xF718, 0xEF18, 0xF718, 0xF718, 0xEF18, 0xEF18, 0xEF18, 0xEF18, 0xEF18, 0xF718, 0xF718, 0xF718, 0xEF18, 0xEF18,
  0xEF18, 0xF718, 0xF718, 0xEED7, 0xEED7, 0xF718, 0xEEF8, 0xEEF8, 0xF759, 0xDE75, 0x7B66, 0x7325, 0x942B, 0xB50F, 0xE6B6, 0xD634,
  0xE6D7, 0xD634, 0x8BE9, 0x62C3, 0x62C4, 0x5243, 0x8BEA, 0xE695, 0xC54D, 0x9383, 0x8B43, 0x9383, 0x9BC4, 0xD5F2, 0xA469, 0xA448,
  0xEEF7, 0xF739, 0xF718, 0xF718, 0xEEF8, 0xF718, 0xE696, 0x8386, 0xB4ED, 0xF759, 0xFF7A, 0xFF7A, 0xF717, 0xEED7, 0xC570, 0xA48A,
  0x7B25, 0x7B25, 0x8365, 0xCD8E, 0xEEF6, 0xBD0C, 0x6AA5, 0x41C4, 0x49E4, 0x4A04, 0x6AA6, 0x8389, 0x6263, 0xD613, 0xFF59, 0xEED6,
  0xF717, 0xF718, 0xFFBB, 0x8BCB, 0x3141, 0x6AE7, 0xFF39, 0xCD90, 0x93A6, 0xC54E, 0xB4AB, 0xF717, 0x83AB, 0x3962, 0x49C3, 0x9C4B,
  0x41E6, 0x31C5, 0x39E5, 0x2143, 0x2943, 0x3984, 0x39A4, 0x31A4, 0x2963, 0x3184, 0x49E5, 0x41E5, 0x4A06, 0x4A06, 0x4A05, 0x5A67,
  0x5AA8, 0x5267, 0x5246, 0x5226, 0x5226, 0x5247, 0x5A88, 0x62C8, 0x6AA6, 0x5A45, 0x5A25, 0x49E4, 0x49E5, 0x49E4, 0x41A3, 0x39A3,
  0x3983, 0x3983, 0x3183, 0x3183, 0x3163, 0x1903, 0x1903, 0x1924, 0x1965, 0x1945, 0x5A86, 0x8368, 0x8B67, 0x10C2, 0x0882, 0x1082,
  0x1082, 0x1082, 0x1082, 0x1082, 0x10A2, 0x10A2, 0x10C2, 0x18C2, 0x18E3, 0x2103, 0x2123, 0x2944, 0x3184, 0x3184, 0x39A5, 0x31A5,
  0x39C6, 0x4206, 0x3A06, 0x3A06, 0x3206, 0x3206, 0x31E6, 0x31C6, 0x31C5, 0x29C6, 0x29A6, 0x29A5, 0x29A5, 0x29A5, 0x29A5, 0x29A5,
  0x29A5, 0x2185, 0x2164, 0x2164, 0x2164, 0x39E5, 0x4A25, 0x2984, 0x2964, 0x2164, 0x2144, 0x2123, 0x1903, 0x1903, 0x1903, 0x10E2,
  0x10C2, 0x18E2, 0x2103, 0x2123, 0x2944, 0x3164, 0x2944, 0x3164, 0x3164, 0x3984, 0x3984, 0x41C5, 0x3984, 0x49E5, 0x41C5, 0x5A46,
  0x6266, 0x8349, 0x8B6A, 0x8B6B, 0x7B4A, 0x730A, 0x836A, 0xA3CB, 0xB42C, 0xAC2C, 0x93CC, 0x836B, 0x9BAA, 0xA3CB, 0x836B, 0x732B,
  0x6AEB, 0x62CA, 0x5AEB, 0x62EC, 0x62EB, 0x5ACA, 0x5AAA, 0x5ACB, 0x5269, 0x736D, 0xCE15, 0xFF5A, 0xF719, 0xEEF8, 0xF6F8, 0xF718,
  0xF718, 0xF718, 0xF718, 0xFF38, 0xFF39, 0xFF39, 0xFF39, 0xFF39, 0xF718, 0xEF19, 0xEF19, 0xEF19, 0xEF19, 0xEF19, 0xEF19, 0xEF19,
  0xEF19, 0xEF19, 0xEF19, 0xEF19, 0xEF19, 0xEEF9, 0xF75A, 0xC5D5, 0x2104, 0x2945, 0x630A, 0xB5D5, 0x0188, 0x122A, 0x122A, 0x122A,
  0x1A2A, 0x1A4A, 0x1A4B, 0x1A4B, 0x1A4B, 0x1A4B, 0x1A4B, 0x1A4B, 0x1A6B, 0x09E9, 0x8C4E, 0xFF39, 0xEEF8, 0xEF19, 0xEF19, 0xEF19,
  0xEF19, 0xEF19, 0xEF19, 0xEF19, 0xEF19, 0xEF19, 0xEF18, 0xEF19, 0xEF19, 0xF6F8, 0xF6F8, 0xF6F8, 0xF6F7, 0xF6F7, 0xF6F7, 0xF6F7,
  0xF6F7, 0xF6F7, 0xF6F7, 0xF6F8, 0xF6F7, 0xFEF8, 0xFF18, 0xFF18, 0xFF18, 0xFF18, 0xFF18, 0xFF38, 0xFF38, 0xFF38, 0xFF38, 0xFF39,
  0xFF59, 0xFF39, 0xF718, 0xEF18, 0xF718, 0xF718, 0xF718, 0xF718, 0xF718, 0xF718, 0xEF18, 0xF718, 0xEF18, 0xF718, 0xF718, 0xEF18,
  0xEF18, 0xF718, 0xF718, 0xF718, 0xF718, 0xEEF8, 0xEF18, 0xEEF8, 0xF739, 0xA48C, 0x8C09, 0xB52F, 0xE6B6, 0xF718, 0xEEF7, 0xEF18,
  0xEF18, 0x942B, 0x62A3, 0x6B04, 0x7347, 0xA48D, 0xA44A, 0xDE74, 0xCDB0, 0x8343, 0x8B64, 0xA427, 0xDE12, 0xEEF8, 0xB4CB, 0x8BA4,
  0xE695, 0xF739, 0xF718, 0xF718, 0xF718, 0xF718, 0xEEF7, 0xDE74, 0xEED7, 0xF6F7, 0xF738, 0xDE95, 0x8C08, 0x9C49, 0x93E8, 0x7305,
  0x6283, 0x8366, 0xC56F, 0xCD6E, 0xAC47, 0xC4E8, 0xAC47, 0x5A43, 0x4182, 0x3983, 0x49C4, 0x49C3, 0x5A23, 0xCDF2, 0xFF79, 0xFF9A,
  0xF759, 0xEEF7, 0xFF7A, 0xC592, 0x3962, 0x41A3, 0x9C4B, 0x7B05, 0x9C4A, 0xCD8F, 0xB4AA, 0xDDF1, 0xACAD, 0x3982, 0x41C3, 0x5204,
  0x2143, 0x2123, 0x2984, 0x4A26, 0x3184, 0x2964, 0x3184, 0x41E5, 0x5247, 0x4A26, 0x4A06, 0x41E5, 0x4A06, 0x5246, 0x41E5, 0x49E5,
  0x4A26, 0x4A05, 0x5226, 0x5267, 0x5AA8, 0x62EA, 0x62EA, 0x7309, 0x6266, 0x5A25, 0x5A25, 0x5A25, 0x5A45, 0x5225, 0x49E4, 0x49C4,
  0x49C4, 0x39A3, 0x3183, 0x3184, 0x3163, 0x1903, 0x1904, 0x1945, 0x1986, 0x31C5, 0x5266, 0x5266, 0x39C4, 0x0882, 0x1082, 0x1082,
  0x1082, 0x1082, 0x1082, 0x1082, 0x1082, 0x1082, 0x1082, 0x1082, 0x10A2, 0x10A2, 0x10A2, 0x10A2, 0x18C2, 0x18E2, 0x20E2, 0x2103,
  0x2923, 0x2943, 0x3143, 0x3184, 0x39A4, 0x39C5, 0x39C5, 0x41E5, 0x41E5, 0x4205, 0x4226, 0x3A06, 0x31E6, 0x31C6, 0x29C6, 0x29A5,
  0x29A5, 0x29A5, 0x29A5, 0x29A5, 0x29A5, 0x31C5, 0x29C5, 0x29A5, 0x29A5, 0x29A5, 0x2984, 0x2984, 0x2964, 0x2964, 0x2984, 0x2984,
  0x2164, 0x2144, 0x1923, 0x1903, 0x18E3, 0x18E3, 0x18E3, 0x18E2, 0x2103, 0x2103, 0x2923, 0x3164, 0x3984, 0x2944, 0x3164, 0x3984,
  0x3164, 0x2943, 0x41C5, 0x41A4, 0x3984, 0x49E5, 0x5A67, 0x5226, 0x7AE7, 0xABEA, 0xBC6B, 0xC4AD, 0xBC6D, 0xAC0B, 0xB44B, 0xB44C,
  0xAC2C, 0x93AB, 0x834B, 0x6B0B, 0x528A, 0x528A, 0x5ACB, 0x62CB, 0x6B4C, 0x630C, 0x5ACB, 0xA4B0, 0xEED8, 0xFF59, 0xF6F8, 0xF6F8,
  0xF6F8, 0xF718, 0xF718, 0xF718, 0xFF38, 0xFF39, 0xFF39, 0xFF39, 0xF719, 0xF719, 0xEF19, 0xEF19, 0xEF19, 0xEF19, 0xEF19, 0xEF19,
  0xEF19, 0xEF19, 0xEF19, 0xEF19, 0xEF19, 0xEEF9, 0xF75A, 0xC5D5, 0x2103, 0x2944, 0x62C9, 0xBDF6, 0x09C9, 0x1A4A, 0x1A2A, 0x1A2A,
  0x1A2A, 0x1A2A, 0x1A4A, 0x1A4A, 0x1A2A, 0x1A4B, 0x1A4A, 0x1A4A, 0x1A4B, 0x01EA, 0x8C4E, 0xFF39, 0xEEF8, 0xEF18, 0xEF18, 0xEF18,
  0xEF19, 0xEF19, 0xEF19, 0xEF19, 0xEF19, 0xEF19, 0xEF19, 0xEF18, 0xF6F8, 0xF6D8, 0xEED8, 0xF6D8, 0xF6D7, 0xF6F7, 0xF6F7, 0xF6F7,
  0xF6F7, 0xF6F7, 0xF6F7, 0xF6F7, 0xFEF8, 0xFF18, 0xFF18, 0xFF18, 0xFF18, 0xFF18, 0xFF18, 0xFF18, 0xFF18, 0xFF38, 0xFF38, 0xFF39,
  0xFF39, 0xFF38, 0xF718, 0xEF18, 0xF718, 0xF718, 0xF718, 0xF718, 0xF718, 0xF718, 0xF718, 0xF718, 0xF718, 0xF718, 0xF718, 0xF718,
  0xF718, 0xEF18, 0xF718, 0xF718, 0xEF18, 0xEF18, 0xF718, 0xF718, 0xEEF7, 0xB50E, 0xE696, 0xFF5A, 0xEEF8, 0xEEF7, 0xEEF8, 0xF738,
  0x83A8, 0x62C4, 0x6AE5, 0x6B05, 0x9C2A, 0xE6B6, 0xCDB0, 0xFF9B, 0xBD4F, 0x7303, 0xACAC, 0xDE54, 0xEEF7, 0xF718, 0xE695, 0xC56E,
  0xEED7, 0xF718, 0xF718, 0xF718, 0xF718, 0xF6F8, 0xF718, 0xF718, 0xE6B6, 0xFF38, 0xC590, 0x7B65, 0x7B65, 0x9C6A, 0xEED7, 0x8BC8,
  0x9C2A, 0xD5D1, 0xF6F7, 0xBD2D, 0xC52C, 0xA426, 0x8303, 0xB48A, 0xCDD2, 0x6AE8, 0x3962, 0x5224, 0x6264, 0x72C5, 0x8BCA, 0xC5D3,
  0xEEF6, 0xCD8E, 0xAC89, 0xC52E, 0x4A04, 0x3983, 0x6AC5, 0x7AE3, 0xCDD2, 0xFFFE, 0xBD0C, 0xAC49, 0xEEF6, 0x7308, 0x3962, 0x49E4,
  0x1903, 0x2103, 0x31A4, 0x4206, 0x3184, 0x3184, 0x2963, 0x39A5, 0x41E5, 0x41E5, 0x39C4, 0x4A06, 0x4A26, 0x4A06, 0x5247, 0x5267,
  0x5A88, 0x5AA9, 0x5A88, 0x5A88, 0x5A87, 0x5AA9, 0x5A88, 0x5A67, 0x5A46, 0x5204, 0x5205, 0x5A25, 0x5A65, 0x5A45, 0x49E4, 0x49E4,
  0x49E4, 0x49E4, 0x41C4, 0x3983, 0x2103, 0x10C3, 0x1924, 0x1945, 0x1985, 0x5245, 0x6285, 0x5245, 0x2984, 0x1082, 0x0861, 0x0882,
  0x1082, 0x1082, 0x1082, 0x1082, 0x1082, 0x1082, 0x10A2, 0x10A2, 0x10A2, 0x1082, 0x10A2, 0x10A2, 0x10A2, 0x0882, 0x0882, 0x1082,
  0x1082, 0x10A2, 0x10A2, 0x18C2, 0x18E2, 0x2103, 0x2903, 0x2923, 0x2943, 0x3163, 0x3984, 0x41C4, 0x39A5, 0x31A4, 0x31A5, 0x41E5,
  0x4A26, 0x4226, 0x3206, 0x3206, 0x3206, 0x3A06, 0x39E6, 0x31E6, 0x29C5, 0x29A5, 0x29A5, 0x29A5, 0x29A5, 0x29A5, 0x29A5, 0x2985,
  0x2985, 0x2984, 0x2984, 0x2964, 0x2964, 0x2164, 0x2164, 0x2164, 0x2144, 0x2144, 0x2123, 0x1903, 0x10E3, 0x1903, 0x1903, 0x2123,
  0x18E3, 0x2103, 0x2943, 0x2923, 0x3164, 0x3984, 0x3143, 0x20E2, 0x3143, 0x3984, 0x5205, 0x9368, 0x7B08, 0x5A46, 0x6AA7, 0x9BA9,
  0x9BA9, 0xBC8C, 0xBCAD, 0xB44C, 0x9BED, 0x734C, 0x62EB, 0x5ACA, 0x5268, 0x52AA, 0x630C, 0x5AAA, 0x630B, 0xAD32, 0xF739, 0xFF59,
  0xF6F8, 0xF6F8, 0xF6F8, 0xF718, 0xFF18, 0xFF39, 0xFF39, 0xF739, 0xF719, 0xF719, 0xF719, 0xF719, 0xEF19, 0xEF19, 0xEF19, 0xEF19,
  0xEF19, 0xEF19, 0xEF19, 0xEF19, 0xEF19, 0xEEF9, 0xF75A, 0xBDD5, 0x2103, 0x2124, 0x5AA9, 0xBE17, 0x09A9, 0x1A2A, 0x1A2A, 0x1A2A,
  0x1A2A, 0x1A2A, 0x1A2A, 0x1A4A, 0x1A2A, 0x1A2A, 0x1A4A, 0x1A2A, 0x1A4B, 0x01EA, 0x842E, 0xFF39, 0xEEF8, 0xEF18, 0xEF18, 0xEF19,
  0xEF19, 0xEF19, 0xEF19, 0xEF19, 0xEF19, 0xF719, 0xF6F8, 0xF6F8, 0xF6D8, 0xF6D8, 0xEED8, 0xF6D8, 0xF6D8, 0xF6D8, 0xF6F7, 0xF6F7,
  0xF6F7, 0xF6F7, 0xF6F7, 0xF6D7, 0xF6F7, 0xFF18, 0xFF18, 0xFF18, 0xFF18, 0xFF18, 0xFF18, 0xFF18, 0xFF38, 0xFF38, 0xFF38, 0xFF38,
  0xFF38, 0xFF18, 0xF718, 0xF718, 0xF718, 0xF718, 0xF718, 0xF718, 0xF718, 0xF718, 0xF718, 0xF718, 0xF718, 0xF718, 0xF718, 0xF718,
  0xF718, 0xF718, 0xF718, 0xF718, 0xF718, 0xF718, 0xF718, 0xF718, 0xEF18, 0xF739, 0xF718, 0xEEF8, 0xEEF8, 0xEF18, 0xE6D7, 0xB54F,
  0xA48C, 0x7326, 0x62C4, 0x7325, 0x7B24, 0xC5B1, 0xFF7B, 0xDE55, 0x9C29, 0xA469, 0x9C27, 0xDE33, 0xBD4E, 0xD612, 0xF738, 0xF739,
  0xF718, 0xF718, 0xF718, 0xF718, 0xF718, 0xF718, 0xF718, 0xE695, 0xD612, 0xF718, 0xBD4F, 0x7B86, 0xB52E, 0xEE95, 0xF739, 0xC590,
  0xACAA, 0xE695, 0xEED6, 0xC54E, 0xEEB5, 0xBD2D, 0xBD2E, 0xF6F7, 0xFF59, 0xFF38, 0xA4AE, 0x5224, 0x5204, 0x5A24, 0x49A3, 0x49C3,
  0x6AA6, 0xBD30, 0xDE33, 0xF6F6, 0x6AE8, 0x2921, 0x83AA, 0xDE33, 0xA408, 0xC54E, 0x93A7, 0xD5F2, 0xFFFC, 0xB510, 0x4182, 0x41C3,
  0x2963, 0x3164, 0x4226, 0x39E5, 0x41E6, 0x3984, 0x3184, 0x39A4, 0x39A4, 0x39C5, 0x4A26, 0x5A88, 0x5A88, 0x5AA8, 0x5A88, 0x5A67,
  0x5A88, 0x5267, 0x5247, 0x5267, 0x5A67, 0x5AA8, 0x5AA8, 0x62A8, 0x6286, 0x6266, 0x4A05, 0x5205, 0x5A25, 0x5A45, 0x49E4, 0x49E4,
  0x49E4, 0x49E4, 0x49E4, 0x39A4, 0x2943, 0x18E3, 0x1944, 0x1945, 0x29A5, 0x5A65, 0x6285, 0x4225, 0x29A5, 0x10A2, 0x0861, 0x0882,
  0x1082, 0x1082, 0x1082, 0x1082, 0x1082, 0x1082, 0x10A2, 0x10A2, 0x1082, 0x10A2, 0x10A2, 0x10A2, 0x1082, 0x10A2, 0x10A2, 0x10A2,
  0x10A2, 0x10A2, 0x1082, 0x0882, 0x0882, 0x0882, 0x1082, 0x10A2, 0x10A2, 0x10C2, 0x18C2, 0x18E3, 0x2103, 0x2923, 0x2923, 0x2943,
  0x3163, 0x39A4, 0x39A5, 0x31C5, 0x39E6, 0x3A06, 0x4226, 0x4206, 0x3A06, 0x39E6, 0x31E6, 0x31C5, 0x31C5, 0x31C5, 0x31A5, 0x29A5,
  0x29A5, 0x29A5, 0x29A5, 0x29C5, 0x29C5, 0x29C5, 0x29A5, 0x2985, 0x2985, 0x2185, 0x2164, 0x2164, 0x2184, 0x2164, 0x2144, 0x2144,
  0x1923, 0x1903, 0x18E3, 0x18E3, 0x18E3, 0x18E3, 0x1903, 0x18E3, 0x2923, 0x3164, 0x3984, 0x41A4, 0x2923, 0x2923, 0x3164, 0x41C5,
  0x3964, 0x41A4, 0x72C7, 0x7B08, 0x8349, 0x8B69, 0x938B, 0x730A, 0x7B4B, 0x72E9, 0x5A88, 0x62EB, 0x630C, 0x5ACB, 0x7BCE, 0xCDF5,
  0xFF59, 0xFF39, 0xF6F8, 0xF6F8, 0xF718, 0xFF38, 0xFF39, 0xFF39, 0xF739, 0xF719, 0xF719, 0xF719, 0xEF19, 0xEF19, 0xEF19, 0xEF19,
  0xEF19, 0xEF19, 0xEF19, 0xEF19, 0xEF19, 0xEEF8, 0xF75A, 0xBDB4, 0x2945, 0x39C6, 0x5AA8, 0x9CF2, 0x09A8, 0x1A2A, 0x1A2A, 0x1A2A,
  0x1A2A, 0x1A2A, 0x1A2A, 0x122A, 0x1A2A, 0x1A2A, 0x1A2A, 0x1A4A, 0x1A4B, 0x01E9, 0x840D, 0xFF39, 0xEEF8, 0xEEF8, 0xEF18, 0xEF19,
  0xEF19, 0xEF19, 0xEF19, 0xEF19, 0xF718, 0xF6F8, 0xF6F8, 0xF6F8, 0xEED8, 0xF6D8, 0xF6D8, 0xF6D8, 0xF6D8, 0xF6D8, 0xF6D7, 0xF6D7,
  0xF6F7, 0xF6F7, 0xF6F7, 0xF6F7, 0xF6D7, 0xF6F7, 0xFF18, 0xFF18, 0xFF18, 0xFF18, 0xFF18, 0xFF18, 0xFF18, 0xFF38, 0xFF38, 0xFF38,
  0xFF18, 0xF718, 0xF718, 0xF718, 0xF718, 0xF718, 0xF718, 0xF718, 0xF718, 0xF718, 0xF718, 0xF718, 0xF718, 0xF718, 0xF718, 0xF718,
  0xF718, 0xF718, 0xF718, 0xF718, 0xF718, 0xF718, 0xF718, 0xF718, 0xF718, 0xEEF7, 0xEEF7, 0xF718, 0xEEF8, 0xFF59, 0xE6B6, 0x9409,
  0xA48B, 0x7B87, 0xACEE, 0xC590, 0x6AC3, 0xCDB0, 0xFF7A, 0xD634, 0xD613, 0xCDAF, 0xAC88, 0xE695, 0x8BA6, 0xACAB, 0xF718, 0xEEF7,
  0xF718, 0xF718, 0xF718, 0xF718, 0xF718, 0xF718, 0xF718, 0xEEF7, 0xF718, 0xC590, 0xBD4E, 0xC5B0, 0xE675, 0xFF39, 0xDE54, 0x93E7,
  0xA489, 0xF6F7, 0xDE54, 0xB4CC, 0xF718, 0xFF59, 0xFF59, 0xF718, 0xF6F7, 0xF738, 0xFF9A, 0xE655, 0x6AA7, 0x3942, 0x49C4, 0x51E4,
  0x41A3, 0x49C3, 0x7308, 0xB530, 0x940B, 0x41A2, 0x62A6, 0xEF39, 0xB48A, 0x82E3, 0x8324, 0xD5D1, 0xFF9A, 0xB4F0, 0x3962, 0x41A3,
  0x39C5, 0x39E5, 0x31A4, 0x41E6, 0x5A68, 0x4A27, 0x4205, 0x4A26, 0x5A88, 0x5288, 0x5AA8, 0x5AA8, 0x5267, 0x5AA8, 0x5267, 0x5246,
  0x5246, 0x5246, 0x5246, 0x5247, 0x5247, 0x5267, 0x5267, 0x6AC8, 0x6AA6, 0x6AA6, 0x6AA6, 0x6A86, 0x6286, 0x5A45, 0x5225, 0x5225,
  0x4A04, 0x4A04, 0x4A04, 0x49E4, 0x39A4, 0x2144, 0x1965, 0x1924, 0x31A4, 0x5224, 0x5245, 0x31E5, 0x52A7, 0x2103, 0x0882, 0x1082,
  0x1081, 0x1082, 0x1082, 0x1082, 0x1081, 0x10A2, 0x1082, 0x10A2, 0x10A2, 0x10A2, 0x1082, 0x1082, 0x1082, 0x10A2, 0x10A2, 0x10A2,
  0x10A2, 0x1082, 0x1082, 0x10A2, 0x10A2, 0x10A2, 0x10A2, 0x1082, 0x1082, 0x1082, 0x1082, 0x0882, 0x0882, 0x10A2, 0x10A2, 0x10A2,
  0x18C2, 0x18C2, 0x20E2, 0x2103, 0x2923, 0x2943, 0x3164, 0x3184, 0x31A5, 0x39C5, 0x31C5, 0x31C5, 0x39E6, 0x3A06, 0x3206, 0x31E6,
  0x31E6, 0x31E6, 0x31E6, 0x31E6, 0x31E5, 0x31E5, 0x29C5, 0x29A5, 0x29A5, 0x29A5, 0x29A5, 0x29A5, 0x29A5, 0x29A5, 0x29A5, 0x2985,
  0x2985, 0x2984, 0x2164, 0x2164, 0x2144, 0x2144, 0x2123, 0x2123, 0x1923, 0x18E3, 0x10C3, 0x10C2, 0x20E3, 0x2103, 0x3144, 0x3164,
  0x3164, 0x3164, 0x3163, 0x3983, 0x2943, 0x41A4, 0x49C4, 0x41A4, 0x5A46, 0x7AE7, 0x6266, 0x5226, 0x7309, 0x6AE9, 0x5A89, 0x5248,
  0x738C, 0xDE56, 0xFF19, 0xF6F8, 0xF6F8, 0xFF18, 0xFF39, 0xFF39, 0xFF39, 0xFF39, 0xF719, 0xEF19, 0xEF19, 0xEF19, 0xEF19, 0xEF19,
  0xEF19, 0xEF19, 0xEF19, 0xEF19, 0xEF19, 0xEEF8, 0xFF7A, 0x94B1, 0x21A8, 0x4AAB, 0x39C6, 0x2165, 0x11E9, 0x1A2A, 0x1A2A, 0x1A2A,
  0x1A2A, 0x1A4A, 0x1A4A, 0x1A4A, 0x1A4A, 0x1A4B, 0x1A4B, 0x1A4B, 0x224B, 0x09E9, 0x8C2E, 0xFF39, 0xEEF8, 0xEEF8, 0xEF18, 0xEF19,
  0xEF19, 0xEF19, 0xEF19, 0xEF19, 0xF6F8, 0xF6F8, 0xF6F8, 0xF6D8, 0xF6D8, 0xF6D8, 0xF6D8, 0xF6D8, 0xF6D8, 0xF6D8, 0xF6D7, 0xF6D7,
  0xF6F7, 0xF6F7, 0xF6F7, 0xF6F7, 0xF6F7, 0xF6F7, 0xFF17, 0xFF18, 0xFF18, 0xFF18, 0xFF18, 0xFF18, 0xFF18, 0xFF38, 0xFF38, 0xFF38,
  0xFF38, 0xFF18, 0xF718, 0xF718, 0xF718, 0xF738, 0xF738, 0xF718, 0xF718, 0xF718, 0xF718, 0xF718, 0xF718, 0xF718, 0xF718, 0xF718,
  0xF718, 0xF718, 0xF718, 0xF718, 0xF718, 0xF718, 0xF718, 0xF718, 0xF718, 0xF718, 0xF718, 0xF718, 0xF718, 0xC590, 0xAD0E, 0xC591,
  0xA46B, 0x8386, 0xD612, 0xFF59, 0xCDD1, 0xEED6, 0xF717, 0xF738, 0xDE54, 0x93E6, 0xACCB, 0xFF7A, 0xDE53, 0xE674, 0xF718, 0xF718,
  0xF718, 0xF718, 0xF718, 0xF718, 0xF718, 0xF718, 0xF718, 0xF718, 0xF718, 0xE695, 0xEEF7, 0xFF38, 0xF718, 0xF718, 0xEEF7, 0xDE53,
  0xF6F7, 0xF6F6, 0xF718, 0xFF38, 0xF718, 0xF718, 0xF717, 0xFF38, 0xFF59, 0xFF59, 0xF6F7, 0xDE12, 0xF717, 0xACEF, 0x5204, 0x49C3,
  0x49E4, 0x49E4, 0x49C3, 0x41A2, 0x51E3, 0x5204, 0x41C3, 0xACCE, 0xC52D, 0x82E2, 0xA3E6, 0xB489, 0xEE94, 0xA44C, 0x3142, 0x41A3,
  0x4A26, 0x4205, 0x2943, 0x3184, 0x41E6, 0x5246, 0x4205, 0x4A26, 0x5A67, 0x5247, 0x5287, 0x5267, 0x4A26, 0x5246, 0x5267, 0x5246,
  0x5267, 0x5246, 0x5246, 0x5226, 0x5246, 0x5246, 0x5247, 0x6AA7, 0x7AE7, 0x6AA6, 0x6AA6, 0x6AA6, 0x6A86, 0x6286, 0x5A25, 0x5225,
  0x5225, 0x5224, 0x5224, 0x49E4, 0x39C4, 0x2165, 0x1945, 0x3184, 0x5225, 0x5225, 0x4A05, 0x4A67, 0x8BA8, 0x2944, 0x08A2, 0x10A2,
  0x10A2, 0x10A2, 0x10A2, 0x10A2, 0x1082, 0x1082, 0x1082, 0x1082, 0x1082, 0x1082, 0x1082, 0x1082, 0x1082, 0x10A2, 0x1082, 0x1082,
  0x10A2, 0x10A2, 0x10A2, 0x10A2, 0x10A2, 0x10A2, 0x1082, 0x1082, 0x10A2, 0x1082, 0x10A2, 0x10A2, 0x1082, 0x1082, 0x1082, 0x10A2,
  0x1082, 0x1082, 0x0882, 0x0882, 0x0882, 0x1082, 0x10A2, 0x18C2, 0x18E2, 0x2103, 0x2923, 0x2923, 0x3143, 0x3164, 0x3184, 0x31A4,
  0x39C5, 0x39C5, 0x39C5, 0x41E5, 0x4205, 0x4205, 0x4205, 0x39E5, 0x39E5, 0x39E5, 0x31E5, 0x39E5, 0x39E5, 0x31C5, 0x29A5, 0x29A5,
  0x29A5, 0x29A5, 0x29A5, 0x2985, 0x2985, 0x2985, 0x2985, 0x2985, 0x2184, 0x2164, 0x2164, 0x2144, 0x2144, 0x2144, 0x1903, 0x1903,
  0x18E3, 0x18E3, 0x18E3, 0x18E2, 0x18E2, 0x2923, 0x2123, 0x2943, 0x3984, 0x3964, 0x3184, 0x39A5, 0x3984, 0x2922, 0x3143, 0x3164,
  0x18A1, 0xAD32, 0xFF59, 0xF6F8, 0xF6F8, 0xFF18, 0xFF39, 0xFF38, 0xFF18, 0xFF18, 0xF719, 0xF718, 0xEF19, 0xEF19, 0xEF19, 0xEF19,
  0xEF19, 0xEF19, 0xEF19, 0xEF19, 0xEF19, 0xEEF8, 0xFF7A, 0x9490, 0x2166, 0x4229, 0x31A5, 0x3207, 0x1A09, 0x224A, 0x124A, 0x1A4A,
  0x124B, 0x122A, 0x122A, 0x122A, 0x0A0A, 0x0A0A, 0x09E9, 0x09E9, 0x09E9, 0x0167, 0x73AC, 0xFF39, 0xEEF8, 0xEF19, 0xEF19, 0xEF19,
  0xEF19, 0xF719, 0xF719, 0xF718, 0xF6F8, 0xF6F8, 0xF6D8, 0xEEB7, 0xEEB7, 0xEEB7, 0xEED7, 0xF6D7, 0xF6D7, 0xF6D7, 0xF6D7, 0xF6D7,
  0xF6D7, 0xF6F7, 0xF6F7, 0xF6F7, 0xF6F7, 0xFEF7, 0xFEF7, 0xFF18, 0xFF17, 0xFF17, 0xFF18, 0xFF17, 0xFF18, 0xFF38, 0xFF38, 0xFF38,
  0xFF38, 0xFF18, 0xF718, 0xFF18, 0xFF38, 0xFF38, 0xFF38, 0xF718, 0xF718, 0xF718, 0xF718, 0xF718, 0xF718, 0xF718, 0xF718, 0xF718,
  0xF718, 0xF718, 0xF718, 0xF718, 0xF718, 0xF718, 0xF718, 0xF718, 0xF718, 0xF718, 0xF718, 0xF739, 0xB54F, 0x7B66, 0x8387, 0x9409,
  0xACCC, 0xA48A, 0x9428, 0xE6B6, 0xFF59, 0xF718, 0xF718, 0xF6F7, 0xEED6, 0xACAB, 0xB4EC, 0xFF39, 0xF738, 0xF738, 0xF718, 0xF718,
  0xF718, 0xF718, 0xF718, 0xF718, 0xF718, 0xF718, 0xF718, 0xF718, 0xF718, 0xF718, 0xF718, 0xF717, 0xF718, 0xF718, 0xF718, 0xFF38,
  0xF717, 0xF717, 0xF718, 0xF718, 0xF718, 0xF718, 0xFF38, 0xDE53, 0xBD0D, 0xCDB0, 0xBD0D, 0x72C2, 0xBD2D, 0xCD8F, 0x9BC7, 0x6264,
  0x4182, 0x3962, 0x51E4, 0x5204, 0x51E3, 0x5204, 0x49C3, 0x7AE6, 0xE653, 0xCD4E, 0xE695, 0xEEB5, 0xCD6D, 0x6A84, 0x3142, 0x41C4,
  0x31A4, 0x39C5, 0x39A5, 0x3184, 0x3183, 0x39C4, 0x41C4, 0x4A06, 0x5246, 0x5267, 0x5267, 0x5247, 0x4A46, 0x5226, 0x5246, 0x5246,
  0x5267, 0x5A67, 0x5267, 0x5A87, 0x5AA8, 0x5AA9, 0x5267, 0x72C7, 0x7AE7, 0x72C6, 0x6AA6, 0x6AA6, 0x6286, 0x6AA6, 0x5A25, 0x5225,
  0x6A86, 0x6265, 0x5A25, 0x5205, 0x3183, 0x1945, 0x1124, 0x72E6, 0xC468, 0x8B66, 0x5AA7, 0x7B68, 0x8B68, 0x18E2, 0x08A2, 0x10C2,
  0x10C2, 0x10C3, 0x10C2, 0x10C3, 0x10C3, 0x10C2, 0x10C2, 0x10C2, 0x10A2, 0x10A2, 0x10A2, 0x10A2, 0x1082, 0x1082, 0x1082, 0x1082,
  0x1082, 0x1082, 0x1082, 0x1082, 0x1082, 0x10A2, 0x10A2, 0x10A2, 0x10A2, 0x10A2, 0x10A2, 0x10A2, 0x1082, 0x10A2, 0x10A2, 0x1082,
  0x10A2, 0x10A2, 0x1082, 0x1082, 0x1082, 0x10A2, 0x10A2, 0x1082, 0x0882, 0x0882, 0x0882, 0x0881, 0x10A2, 0x10A2, 0x10A2, 0x18C2,
  0x18E2, 0x20E2, 0x2102, 0x2923, 0x2943, 0x3164, 0x3184, 0x39A4, 0x39C5, 0x31C5, 0x31C5, 0x39E5, 0x39E5, 0x39E5, 0x31C5, 0x31C5,
  0x31E5, 0x31E5, 0x31C5, 0x31C5, 0x31C5, 0x31C5, 0x31E5, 0x31C5, 0x29C5, 0x29A5, 0x29A5, 0x29A5, 0x29A5, 0x2185, 0x2984, 0x2964,
  0x2164, 0x2144, 0x2143, 0x2123, 0x1903, 0x18E3, 0x18E3, 0x10A2, 0x10A2, 0x10C2, 0x2123, 0x2123, 0x2923, 0x41E6, 0x2964, 0x10A1,
  0x5288, 0xF739, 0xF6F8, 0xF6F8, 0xF718, 0xFF18, 0xFF18, 0xFF18, 0xFF18, 0xFF18, 0xFF18, 0xF718, 0xEF19, 0xEF19, 0xEF18, 0xEF19,
  0xEF19, 0xEF19, 0xEF19, 0xEF19, 0xEF19, 0xEEF8, 0xFF7A, 0xAD32, 0x10C2, 0x2124, 0x4A06, 0xB573, 0x09A8, 0x11E9, 0x1209, 0x1A09,
  0x1A29, 0x224A, 0x2A6A, 0x328B, 0x3ACB, 0x430C, 0x532C, 0x5B6D, 0x63AE, 0x638D, 0xBD93, 0xF739, 0xEEF9, 0xEF19, 0xEF19, 0xEF19,
  0xF719, 0xEF19, 0xF718, 0xF6F8, 0xF6F8, 0xF6D8, 0xF6D8, 0xEED7, 0xEEB7, 0xEEB7, 0xF6B7, 0xF6B7, 0xF6D7, 0xF6D7, 0xF6D7, 0xF6D7,
  0xF6D7, 0xF6D7, 0xF6D7, 0xF6F7, 0xFEF7, 0xFEF7, 0xFEF7, 0xFEF7, 0xFF17, 0xFF17, 0xFF17, 0xFF18, 0xFF18, 0xFF38, 0xFF38, 0xFF38,
  0xFF38, 0xFF18, 0xFF18, 0xFF18, 0xFF38, 0xFF38, 0xFF38, 0xFF38, 0xF718, 0xF718, 0xF718, 0xF718, 0xF718, 0xF718, 0xF718, 0xF718,
  0xF718, 0xF718, 0xF718, 0xF718, 0xF718, 0xF718, 0xF718, 0xF718, 0xF718, 0xF718, 0xF718, 0xF718, 0xB54F, 0xDE54, 0xFF59, 0xB50D,
  0xE6B5, 0xC58F, 0x8364, 0xD5F1, 0xF738, 0xF718, 0xF718, 0xF718, 0xF739, 0xE6B5, 0xEED6, 0xF718, 0xF6F7, 0xF718, 0xF718, 0xF718,
  0xF718, 0xF718, 0xF718, 0xF718, 0xF718, 0xF718, 0xF718, 0xF718, 0xF718, 0xF718, 0xF718, 0xF718, 0xF718, 0xF718, 0xF718, 0xF717,
  0xF718, 0xF718, 0xF718, 0xFF38, 0xF717, 0xF717, 0xEE94, 0xA469, 0x7B24, 0x7B25, 0x8365, 0x8BA6, 0x8B65, 0x7B24, 0x8345, 0x8345,
  0x93C9, 0x7B28, 0x49C3, 0x49C3, 0x49C3, 0x41A3, 0x49E4, 0x8AE4, 0xEDF0, 0xFFBB, 0xFF9B, 0xFFBC, 0xFFDB, 0xE674, 0x5225, 0x49C3,
  0x2143, 0x39A5, 0x4A06, 0x4A06, 0x4A26, 0x41E5, 0x5226, 0x5267, 0x5226, 0x5267, 0x4A26, 0x4A26, 0x5267, 0x5226, 0x5246, 0x5267,
  0x5267, 0x5A88, 0x5AA9, 0x5AC9, 0x5AC9, 0x5A88, 0x5225, 0x6A86, 0x72C7, 0x72C7, 0x72C7, 0x72A6, 0x6A86, 0x72A6, 0x5A45, 0x5A45,
  0x6A86, 0x6A86, 0x6265, 0x49E4, 0x2103, 0x1923, 0x2164, 0x39E4, 0x6AC6, 0x6B27, 0x6B48, 0x7B88, 0x8369, 0x18E2, 0x08A2, 0x10C2,
  0x10C2, 0x10C2, 0x10C3, 0x10C2, 0x10C2, 0x10C2, 0x10C2, 0x10C3, 0x10C3, 0x10C2, 0x10C2, 0x10C2, 0x10C2, 0x10C2, 0x10A2, 0x10A2,
  0x10A2, 0x10A2, 0x10A2, 0x1082, 0x1082, 0x1082, 0x1082, 0x1082, 0x1082, 0x1082, 0x1082, 0x1082, 0x10A2, 0x10A2, 0x10A2, 0x10A2,
  0x10A2, 0x1082, 0x10A2, 0x10A2, 0x10A2, 0x10A2, 0x10A2, 0x1082, 0x1082, 0x1082, 0x1082, 0x1082, 0x10A2, 0x1082, 0x0882, 0x0881,
  0x0882, 0x0882, 0x0882, 0x10A2, 0x10A2, 0x18C2, 0x18C2, 0x18E3, 0x2103, 0x2103, 0x2923, 0x2943, 0x3184, 0x39A4, 0x39C5, 0x39E5,
  0x39E5, 0x3A06, 0x4226, 0x3A47, 0x3A27, 0x3A26, 0x3A26, 0x3A06, 0x31E6, 0x31E5, 0x31E5, 0x3A06, 0x3A05, 0x39E5, 0x2984, 0x2184,
  0x2184, 0x2184, 0x2164, 0x2144, 0x2144, 0x2144, 0x2144, 0x2123, 0x18E3, 0x1923, 0x1923, 0x10C2, 0x31A5, 0xE696, 0xDE76, 0xAD32,
  0xD656, 0xFF39, 0xF6F8, 0xF718, 0xF718, 0xFF18, 0xFF18, 0xFF18, 0xFF18, 0xFF18, 0xF718, 0xF718, 0xEF19, 0xEF19, 0xEF19, 0xEF19,
  0xEF19, 0xEF19, 0xEF19, 0xEF19, 0xEF19, 0xEEF9, 0xF75A, 0xBDD5, 0x18E4, 0x2965, 0x4207, 0xF739, 0xBDF5, 0xBDB4, 0xC5F5, 0xCE35,
  0xD656, 0xDE97, 0xE6B8, 0xEED8, 0xEEF9, 0xF719, 0xF739, 0xFF59, 0xFF59, 0xFF5A, 0xF75A, 0xEF19, 0xEF19, 0xEF19, 0xEF19, 0xEF19,
  0xF718, 0xF6F8, 0xF6F8, 0xF6F8, 0xF6D8, 0xF6D8, 0xF6D8, 0xF6D8, 0xEED8, 0xF6D7, 0xF6B7, 0xF6D7, 0xF6D7, 0xF6D7, 0xF6D7, 0xF6D7,
  0xF6D7, 0xF6D7, 0xF6D7, 0xF6F7, 0xF6F7, 0xF6F7, 0xF6F7, 0xFEF7, 0xFF18, 0xFF18, 0xFF18, 0xFF18, 0xFF18, 0xFF38, 0xFF38, 0xFF38,
  0xFF38, 0xFF38, 0xFF38, 0xFF38, 0xFF38, 0xFF38, 0xFF38, 0xF718, 0xF718, 0xF718, 0xF718, 0xF718, 0xF718, 0xF718, 0xF718, 0xF718,
  0xF718, 0xF718, 0xF718, 0xF718, 0xF718, 0xF718, 0xF718, 0xF718, 0xF718, 0xF718, 0xF718, 0xF718, 0xFF59, 0xFF7A, 0xDE54, 0x8385,
  0xDE33, 0xF6F6, 0xBD2D, 0xE695, 0xF738, 0xF718, 0xF718, 0xF718, 0xF718, 0xF738, 0xF718, 0xF718, 0xF718, 0xF718, 0xF718, 0xF718,
  0xF718, 0xF718, 0xF718, 0xF718, 0xF718, 0xF718, 0xF718, 0xF718, 0xF718, 0xF718, 0xF718, 0xFF18, 0xF718, 0xF718, 0xFF18, 0xFF18,
  0xFF18, 0xFF38, 0xFF38, 0xEED6, 0xF717, 0xFF59, 0xF717, 0xEEB6, 0xCDB0, 0xACCC, 0x8B86, 0x8365, 0x8345, 0x8345, 0x7B25, 0x8324,
  0xCD6D, 0xCD6D, 0xB4CD, 0x62A6, 0x4182, 0x3983, 0x41A3, 0x5204, 0xABE7, 0xCD4D, 0xEE73, 0xD5AF, 0xDE32, 0xD612, 0x5203, 0x5204,
  0x39A4, 0x39A4, 0x4A06, 0x5267, 0x5267, 0x4A26, 0x5247, 0x5247, 0x5246, 0x4A26, 0x4A06, 0x4A26, 0x5247, 0x4A46, 0x5246, 0x5267,
  0x5267, 0x5247, 0x4A26, 0x4A06, 0x4A05, 0x4A05, 0x4A05, 0x5225, 0x5A25, 0x5A45, 0x6245, 0x6265, 0x6A86, 0x6AA6, 0x6A65, 0x6265,
  0x6A86, 0x6286, 0x6265, 0x41E4, 0x2963, 0x2144, 0x2984, 0x4205, 0x4246, 0x6328, 0x7348, 0x7368, 0xA42A, 0x2923, 0x0882, 0x10A2,
  0x10A2, 0x10A2, 0x10C2, 0x10C2, 0x10C3, 0x10C2, 0x10C3, 0x10C3, 0x10C2, 0x10C2, 0x10C2, 0x10A2, 0x10A2, 0x10C2, 0x10C2, 0x10C2,
  0x10C2, 0x10C2, 0x10C2, 0x10C2, 0x10C2, 0x10A2, 0x10A2, 0x10A2, 0x10A2, 0x10A2, 0x10A2, 0x1082, 0x1082, 0x1082, 0x1082, 0x1082,
  0x1082, 0x1082, 0x1082, 0x1082, 0x10A2, 0x10A2, 0x1082, 0x1082, 0x10A2, 0x10A2, 0x10A2, 0x1082, 0x1082, 0x1082, 0x1082, 0x1082,
  0x1082, 0x1082, 0x1082, 0x10A2, 0x10A2, 0x1082, 0x0882, 0x0882, 0x1081, 0x1082, 0x1082, 0x10A2, 0x18A2, 0x18C2, 0x2103, 0x2923,
  0x3143, 0x3984, 0x3984, 0x39A4, 0x39C5, 0x39E5, 0x4205, 0x4A46, 0x5266, 0x5AA7, 0x7327, 0x8BA8, 0xA449, 0xAC49, 0x93C8, 0x93C8,
  0xA449, 0xA429, 0x8B87, 0x7B27, 0x4A45, 0x31C4, 0x29A4, 0x29A5, 0x2165, 0x2964, 0x4A45, 0x5A85, 0x7B89, 0xF6F8, 0xFF19, 0xFF5A,
  0xF719, 0xF6F8, 0xF6F8, 0xF718, 0xF718, 0xFF18, 0xFF18, 0xFF18, 0xFF18, 0xFF38, 0xF718, 0xF718, 0xF718, 0xEF19, 0xEF19, 0xEF19,
  0xEF19, 0xEF19, 0xEF19, 0xEF19, 0xEF19, 0xEEF9, 0xFF7A, 0xBDB4, 0x1904, 0x2966, 0x8B8A, 0xF739, 0xF75A, 0xFF5A, 0xF739, 0xF739,
  0xF739, 0xF719, 0xF719, 0xEF19, 0xEF19, 0xEF19, 0xEEF9, 0xEEF9, 0xEEF8, 0xEEF9, 0xEF19, 0xEF19, 0xEF19, 0xEF19, 0xEF19, 0xF719,
  0xF6F8, 0xF6D8, 0xF6F8, 0xF6F8, 0xF6D8, 0xF6D8, 0xEED8, 0xEEF8, 0xEED8, 0xF6D7, 0xF6B7, 0xF6D7, 0xF6D7, 0xF6D7, 0xF6D7, 0xF6D7,
  0xF6D7, 0xF6D7, 0xF6D7, 0xF6D7, 0xF6D7, 0xF6D7, 0xF6F7, 0xFEF7, 0xFF17, 0xFF18, 0xFF18, 0xFF18, 0xFF17, 0xFF17, 0xFF18, 0xFF18,
  0xFF38, 0xFF38, 0xFF38, 0xFF38, 0xFF38, 0xFF38, 0xFF38, 0xF718, 0xF718, 0xF718, 0xF718, 0xF718, 0xF718, 0xF718, 0xF718, 0xF718,
  0xF718, 0xF718, 0xF718, 0xF718, 0xF718, 0xF718, 0xF718, 0xF718, 0xF718, 0xF718, 0xF718, 0xF718, 0xFF59, 0xCDD1, 0x7323, 0x9C28,
  0xE674, 0xFF39, 0xFF39, 0xF738, 0xF718, 0xF718, 0xF718, 0xF718, 0xF718, 0xF718, 0xF718, 0xF718, 0xF718, 0xF718, 0xF718, 0xF718,
  0xF718, 0xF718, 0xF718, 0xF718, 0xF718, 0xFF18, 0xFF18, 0xFF18, 0xF718, 0xFF18, 0xFF18, 0xFF18, 0xFF18, 0xFF18, 0xFF18, 0xFF18,
  0xFF18, 0xF717, 0xBD4E, 0x8BA6, 0xA449, 0xCDD1, 0xDE13, 0xEED7, 0xFF79, 0xB4CB, 0x8344, 0x8345, 0x8365, 0x7B24, 0x8365, 0xA429,
  0x8B64, 0x93C5, 0xFF58, 0xEED8, 0x6265, 0x41A3, 0x49C4, 0x49E4, 0x41A3, 0x6A84, 0xF6F6, 0xE652, 0xAC89, 0x7305, 0x49C4, 0x7AE6,
  0x41E6, 0x41C5, 0x39C5, 0x5246, 0x4A46, 0x5246, 0x5246, 0x5267, 0x5247, 0x4A26, 0x39C5, 0x4A26, 0x4A26, 0x4A26, 0x4A26, 0x4A26,
  0x41E5, 0x41C5, 0x41C5, 0x4A26, 0x4A47, 0x5288, 0x5AA8, 0x72C7, 0x72A6, 0x6265, 0x6265, 0x6245, 0x6245, 0x6245, 0x5A25, 0x49E4,
  0x5204, 0x6245, 0x6A85, 0x6A86, 0x41E4, 0x1903, 0x2185, 0x6AE7, 0x6B08, 0x5AC8, 0x6B48, 0x7348, 0x9C2A, 0x2923, 0x0882, 0x10A2,
  0x10A2, 0x10A2, 0x10A2, 0x10A2, 0x10A2, 0x10A2, 0x10A2, 0x10A2, 0x10A2, 0x10A2, 0x10A2, 0x10A2, 0x10C2, 0x10C2, 0x10C2, 0x10C2,
  0x10C2, 0x10C2, 0x10C2, 0x10C2, 0x10C2, 0x10C2, 0x10C2, 0x10C2, 0x10C2, 0x10C2, 0x10C2, 0x10C2, 0x10C2, 0x10A2, 0x10A2, 0x10A2,
  0x10A2, 0x10A2, 0x1082, 0x1082, 0x1082, 0x1082, 0x1082, 0x1082, 0x1082, 0x1082, 0x1082, 0x1082, 0x1082, 0x1082, 0x1082, 0x1082,
  0x1082, 0x10A2, 0x10A2, 0x10A2, 0x1082, 0x1082, 0x1082, 0x1082, 0x1082, 0x1082, 0x1082, 0x1082, 0x0882, 0x0882, 0x0882, 0x0882,
  0x1082, 0x10A2, 0x10A2, 0x18C2, 0x18E2, 0x2102, 0x2923, 0x3143, 0x3963, 0x41A4, 0x41C4, 0x5A25, 0x6AA6, 0x7B27, 0x8B87, 0xAC28,
  0xC4EA, 0xDD8C, 0xE58B, 0xE58B, 0xDD4B, 0x93E8, 0x4246, 0x4246, 0x2165, 0x5245, 0xAC68, 0x9C08, 0x8C0B, 0xF6F8, 0xF6D8, 0xEED8,
  0xF6F8, 0xF6F8, 0xF6F8, 0xF718, 0xF718, 0xF719, 0xF719, 0xF719, 0xF739, 0xF738, 0xFF18, 0xFF18, 0xF718, 0xF719, 0xEF19, 0xEF19,
  0xF719, 0xEF19, 0xEF19, 0xEF19, 0xEF19, 0xEF19, 0xFF7A, 0xBDB4, 0x1904, 0x31A6, 0xAC2B, 0xF739, 0xEEF8, 0xEEF8, 0xEEF9, 0xEEF9,
  0xEEF9, 0xEEF9, 0xEF19, 0xEF19, 0xEF19, 0xEF19, 0xEF19, 0xEF19, 0xEF19, 0xEF19, 0xEF19, 0xEF19, 0xF719, 0xF719, 0xF719, 0xF719,
  0xF719, 0xF6F8, 0xF6F8, 0xF6F8, 0xF6D8, 0xF6D8, 0xF6D8, 0xEED8, 0xEED8, 0xF6D7, 0xF6D7, 0xF6B7, 0xF6D7, 0xF6D7, 0xF6D7, 0xF6D7,
  0xF6D7, 0xF6D7, 0xF6D7, 0xF6D7, 0xF6D7, 0xF6D7, 0xF6D7, 0xF6F7, 0xFEF7, 0xFF17, 0xFF17, 0xFF17, 0xFF17, 0xFF17, 0xFF18, 0xFF38,
  0xFF18, 0xFF18, 0xFF17, 0xFF38, 0xFF38, 0xFF38, 0xFF38, 0xF718, 0xF718, 0xF718, 0xFF18, 0xFF38, 0xFF18, 0xF718, 0xF718, 0xF718,
  0xF718, 0xF718, 0xF718, 0xF718, 0xF718, 0xF718, 0xF718, 0xF718, 0xF718, 0xF718, 0xF718, 0xF718, 0xFF79, 0xBD2E, 0xA48B, 0xEED6,
  0xF738, 0xF718, 0xF718, 0xF718, 0xF718, 0xF718, 0xF718, 0xF718, 0xF718, 0xF718, 0xF738, 0xF718, 0xF718, 0xFF18, 0xF718, 0xF718,
  0xF718, 0xF718, 0xFF18, 0xFF18, 0xFF18, 0xFF18, 0xFF18, 0xFF18, 0xFF18, 0xFF18, 0xFF18, 0xFF18, 0xFF58, 0xFF38, 0xF717, 0xFF18,
  0xFF38, 0xF6F7, 0x9C6A, 0xA48A, 0xBCED, 0x72C3, 0x9C09, 0xBD2D, 0xB4EC, 0xAC89, 0x8365, 0x8365, 0x7B24, 0x8BA5, 0xDE12, 0xFF79,
  0xDE33, 0xE674, 0xF6F7, 0xFF58, 0xDE75, 0x5204, 0x41C3, 0x49E4, 0x41A4, 0x51E2, 0xC50E, 0xFFBB, 0xF738, 0x7307, 0x49C3, 0x9BC7,
  0x41E5, 0x39A5, 0x4205, 0x4A26, 0x4A26, 0x4A26, 0x5226, 0x5246, 0x5246, 0x41E5, 0x39C5, 0x4A06, 0x4A26, 0x4A26, 0x41E5, 0x41E5,
  0x4A46, 0x5247, 0x5A88, 0x5288, 0x5267, 0x5267, 0x5A88, 0x72C7, 0x72C7, 0x72C7, 0x72C6, 0x72C6, 0x72C6, 0x6AA6, 0x5205, 0x5A25,
  0x7AE6, 0x72A6, 0x6265, 0x6A86, 0x41C4, 0x10E3, 0x21A5, 0x5AE8, 0x6328, 0x6B28, 0x7B69, 0x7369, 0xA42A, 0x2103, 0x08A2, 0x10C2,
  0x10C2, 0x10C2, 0x10A2, 0x10A2, 0x10A2, 0x10A2, 0x10A2, 0x10A2, 0x10A2, 0x1082, 0x1082, 0x10A2, 0x10A2, 0x10A2, 0x10A2, 0x10A2,
  0x10A2, 0x10C3, 0x10C3, 0x10C3, 0x10C3, 0x10C3, 0x10C2, 0x10C2, 0x10C2, 0x10C2, 0x10C2, 0x10C2, 0x10C2, 0x10C2, 0x10C2, 0x10C2,
  0x10C2, 0x10C2, 0x10C2, 0x10A2, 0x10A2, 0x10A2, 0x10A2, 0x10A2, 0x10A2, 0x1082, 0x1082, 0x1082, 0x1082, 0x1082, 0x1082, 0x1082,
  0x1082, 0x1082, 0x0881, 0x1081, 0x1082, 0x1082, 0x1082, 0x1082, 0x10A2, 0x10A2, 0x10A2, 0x10A2, 0x10A2, 0x10A2, 0x10A2, 0x10A2,
  0x10A2, 0x10A2, 0x1082, 0x0882, 0x0882, 0x0882, 0x0882, 0x0882, 0x0882, 0x1081, 0x1081, 0x1081, 0x18A2, 0x18C2, 0x10A2, 0x10A2,
  0x18E2, 0x2923, 0x3984, 0x5245, 0x72E6, 0x7B47, 0x7306, 0x7B47, 0x2144, 0x5AA6, 0xAC68, 0xA428, 0xA48D, 0xF719, 0xF6D8, 0xF6F8,
  0xF6F8, 0xF6F8, 0xF718, 0xF718, 0xF718, 0xF718, 0xF6F8, 0xF6F8, 0xF718, 0xF718, 0xF718, 0xFF38, 0xF719, 0xF719, 0xF719, 0xF719,
  0xF719, 0xEF19, 0xF719, 0xEF19, 0xEF19, 0xEEF9, 0xFF7A, 0xBD94, 0x1904, 0x31A6, 0x8B8A, 0xF739, 0xEF19, 0xEF19, 0xEF19, 0xEF19,
  0xEF19, 0xEF19, 0xEF19, 0xEF19, 0xEF19, 0xEF19, 0xEF19, 0xEF19, 0xEF19, 0xEF19, 0xEF19, 0xF719, 0xF719, 0xF719, 0xF719, 0xF719,
  0xF719, 0xF718, 0xF6F8, 0xF6F8, 0xF6D8, 0xF6D8, 0xF6D7, 0xF6D7, 0xF6D7, 0xF6D7, 0xF6D7, 0xF6B7, 0xF6B7, 0xF6B7, 0xF6D7, 0xF6D7,
  0xF6D7, 0xF6D7, 0xF6D7, 0xF6D7, 0xF6D7, 0xF6D7, 0xF6D7, 0xF6D7, 0xF6F7, 0xFEF7, 0xFEF7, 0xFF17, 0xFF17, 0xFF17, 0xFF17, 0xFF18,
  0xFF18, 0xFF17, 0xFF17, 0xFF18, 0xFF38, 0xFF38, 0xFF18, 0xF718, 0xFF18, 0xFF18, 0xFF18, 0xFF18, 0xFF18, 0xF718, 0xF718, 0xF718,
  0xF718, 0xF718, 0xF718, 0xF718, 0xF718, 0xF718, 0xF718, 0xF718, 0xF718, 0xF718, 0xF718, 0xF718, 0xF738, 0xEED6, 0xF718, 0xFF38,
  0xF718, 0xF718, 0xF718, 0xF718, 0xF718, 0xF738, 0xF718, 0xF718, 0xF718, 0xF718, 0xF738, 0xF738, 0xFF18, 0xFF18, 0xF718, 0xF718,
  0xF718, 0xF718, 0xF718, 0xFF18, 0xFF18, 0xFF18, 0xFF18, 0xFF18, 0xF717, 0xFF38, 0xFF38, 0xFF17, 0xE674, 0xF6F7, 0xFF79, 0xFF59,
  0xFF18, 0xFF38, 0xEE95, 0xFF38, 0xE654, 0x9C29, 0x93E8, 0x7B46, 0x7B45, 0x8365, 0x7B45, 0x7B24, 0xB4AA, 0xEE94, 0xD5F1, 0xA46A,
  0xEEB5, 0xEE51, 0xCD4B, 0xEE94, 0xFFFC, 0xCDD3, 0x49C3, 0x49C4, 0x41A3, 0x49E3, 0x7AA4, 0xEEB6, 0xEEF8, 0x49E4, 0x5203, 0x93A5,
  0x41E6, 0x4A06, 0x5247, 0x4A47, 0x5246, 0x4A26, 0x4A26, 0x4A46, 0x4206, 0x41E5, 0x4206, 0x4A26, 0x4A26, 0x5247, 0x4A26, 0x5247,
  0x5AA8, 0x5AA8, 0x5288, 0x5267, 0x5267, 0x5247, 0x4A26, 0x6AA7, 0x7AE7, 0x7AE7, 0x8327, 0x7B07, 0x72C6, 0x6A86, 0x5A25, 0x72A5,
  0x72C6, 0x6266, 0x6266, 0x6286, 0x6245, 0x2164, 0x29A5, 0x7348, 0xAC6A, 0xB46A, 0x8BC9, 0xAC6A, 0xB4AB, 0x20E3, 0x08A2, 0x10C2,
  0x10C2, 0x10C2, 0x10C2, 0x10A2, 0x10A2, 0x10C2, 0x10C2, 0x10A2, 0x10A2, 0x10A2, 0x10A2, 0x10A2, 0x10A2, 0x10A2, 0x10A2, 0x10A2,
  0x10A2, 0x10A2, 0x10A2, 0x10A2, 0x10A2, 0x10A2, 0x10A2, 0x10A2, 0x10A2, 0x10C2, 0x10C2, 0x10C2, 0x10C3, 0x10C2, 0x10C2, 0x10C2,
  0x10C2, 0x10C2, 0x10C2, 0x10C2, 0x10C2, 0x10A2, 0x10A2, 0x10A2, 0x10A2, 0x10A2, 0x10A2, 0x10A2, 0x10A2, 0x10A2, 0x10A2, 0x10A2,
  0x1082, 0x1082, 0x0881, 0x1082, 0x10A2, 0x10A2, 0x10A2, 0x10A2, 0x10A2, 0x10A2, 0x10A2, 0x10A2, 0x10A2, 0x10A2, 0x10A2, 0x10A2,
  0x10A2, 0x0882, 0x1082, 0x1082, 0x10A2, 0x10A2, 0x1082, 0x10A2, 0x10A2, 0x10A2, 0x10A2, 0x10A2, 0x10A2, 0x10A2, 0x10C2, 0x10C2,
  0x10A2, 0x10A2, 0x10C2, 0x10C2, 0x10C2, 0x10C2, 0x10A2, 0x10C2, 0x2123, 0x5225, 0x7307, 0x7B69, 0xAD10, 0xFF39, 0xF6D8, 0xF6D8,
  0xF6F8, 0xF6F8, 0xF6F8, 0xFF18, 0xFF18, 0xF718, 0xF6F8, 0xF6F8, 0xF6F8, 0xF6F8, 0xF718, 0xF718, 0xF719, 0xF719, 0xF719, 0xF719,
  0xEF19, 0xF719, 0xF719, 0xF719, 0xEF19, 0xEEF9, 0xFF7A, 0xB594, 0x10E4, 0x31A6, 0xAC6D, 0xF739, 0xEF19, 0xEF19, 0xEF19, 0xEF19,
  0xEF19, 0xEF19, 0xEF19, 0xEF19, 0xEF19, 0xEF19, 0xF719, 0xF719, 0xF719, 0xF719, 0xF719, 0xF719, 0xF719, 0xF719, 0xF719, 0xF719,
  0xF719, 0xF719, 0xF718, 0xF6F8, 0xEED8, 0xEED8, 0xEED7, 0xF6B7, 0xF6B7, 0xF6B7, 0xF6D7, 0xF6B7, 0xF6B7, 0xF6B7, 0xF6D7, 0xF6D7,
  0xF6D7, 0xF6D7, 0xF6D7, 0xF6D7, 0xF6D7, 0xF6D7, 0xF6F7, 0xF6F7, 0xF6F8, 0xFEF7, 0xFF17, 0xFF18, 0xFF17, 0xFF17, 0xFF17, 0xFF17,
  0xFF17, 0xFF17, 0xFF17, 0xFF38, 0xFF38, 0xFF38, 0xFF38, 0xFF38, 0xFF38, 0xFF38, 0xFF38, 0xFF18, 0xFF38, 0xFF18, 0xF718, 0xF718,
  0xF718, 0xF718, 0xF718, 0xF718, 0xF718, 0xF718, 0xF718, 0xF718, 0xF718, 0xF718, 0xF738, 0xF738, 0xF718, 0xFF38, 0xF718, 0xF718,
  0xF718, 0xF718, 0xF718, 0xF718, 0xF718, 0xF738, 0xF718, 0xF718, 0xFF18, 0xFF18, 0xFF38, 0xFF18, 0xFF18, 0xFF18, 0xFF18, 0xF718,
  0xFF18, 0xFF18, 0xF718, 0xF718, 0xFF18, 0xF718, 0xFF18, 0xFF17, 0xFF38, 0xFF17, 0xB4CB, 0xACAB, 0x8BA6, 0xCDD1, 0xDE33, 0xE653,
  0xF6F6, 0xFF17, 0xFF59, 0xDE13, 0x9408, 0x9C08, 0x8386, 0x8366, 0x8366, 0x8345, 0x93C7, 0x8B86, 0xB4AB, 0xB4AB, 0x8344, 0x9C08,
  0xEEB6, 0xE632, 0xF6F6, 0xFF79, 0xF717, 0xEED6, 0x6AC7, 0x49E3, 0x49E4, 0x4A03, 0x5A02, 0x8347, 0x838A, 0x3162, 0x72C4, 0xAC46,
  0x4A26, 0x5267, 0x5268, 0x5267, 0x5267, 0x5267, 0x5267, 0x5288, 0x5288, 0x5288, 0x5A67, 0x5247, 0x5226, 0x5246, 0x5246, 0x5A67,
  0x5226, 0x4A26, 0x5267, 0x4A26, 0x39C5, 0x3164, 0x2943, 0x3984, 0x49E4, 0x6265, 0x72A6, 0x7AE7, 0x72A6, 0x6246, 0x6A85, 0x8306,
  0x7AE6, 0x6AA6, 0x6286, 0x6A86, 0x6A86, 0x2985, 0x31C5, 0xA429, 0xB48A, 0x9C09, 0x7BA9, 0x9409, 0x9C0A, 0x2103, 0x10A2, 0x10C3,
  0x10C2, 0x10C3, 0x10C2, 0x10A2, 0x10A2, 0x10C2, 0x10A2, 0x10A2, 0x10A2, 0x10A2, 0x10A2, 0x10C2, 0x10A2, 0x10A2, 0x10A2, 0x10C2,
  0x10C3, 0x10C2, 0x10A2, 0x10C2, 0x10A2, 0x10A2, 0x10A2, 0x10A2, 0x10A2, 0x10A2, 0x10A2, 0x10A2, 0x10A2, 0x10A2, 0x10A2, 0x10A2,
  0x10A2, 0x10C2, 0x10C2, 0x10C2, 0x10C2, 0x10C2, 0x10C2, 0x10A2, 0x10A2, 0x10A2, 0x10A2, 0x10A2, 0x10A2, 0x10A2, 0x10A2, 0x10A2,
  0x10A2, 0x10A2, 0x1082, 0x1082, 0x10A2, 0x10A2, 0x10A2, 0x10A2, 0x10A2, 0x10A2, 0x10A2, 0x10A2, 0x10A2, 0x10A2, 0x10A2, 0x10C2,
  0x18C2, 0x18E3, 0x18E3, 0x18E3, 0x10C2, 0x18E3, 0x18E3, 0x18E2, 0x10C2, 0x10C2, 0x10C2, 0x10C2, 0x0881, 0x1082, 0x10C2, 0x10C2,
  0x10C2, 0x18E3, 0x1923, 0x2123, 0x4A04, 0x6AC5, 0x2123, 0x08C3, 0x4A46, 0xBCA9, 0xBD72, 0xEEF9, 0xEED8, 0xF6D8, 0xF6D8, 0xF6D8,
  0xF6D8, 0xF6D8, 0xF6F8, 0xF6F8, 0xFF18, 0xFF18, 0xF6F8, 0xF6F8, 0xF6F8, 0xF6F8, 0xF6F8, 0xF718, 0xFF18, 0xFF18, 0xFF18, 0xF718,
  0xF719, 0xF719, 0xF719, 0xEF19, 0xF719, 0xEEF9, 0xFF7A, 0xBD94, 0x10C3, 0x39C7, 0xDD90, 0xF719, 0xEF19, 0xEF19, 0xEF19, 0xEF19,
  0xEF19, 0xF719, 0xF719, 0xF719, 0xF719, 0xF719, 0xF719, 0xF719, 0xF719, 0xF719, 0xF6F8, 0xF6F8, 0xF718, 0xF6F8, 0xF6F8, 0xF6F8,
  0xF719, 0xF718, 0xF718, 0xF6F8, 0xEED8, 0xEED8, 0xEEB7, 0xF6B7, 0xF6B7, 0xF6D7, 0xF6B7, 0xF6D7, 0xF6B7, 0xF6B7, 0xF6B7, 0xF6B7,
  0xF6B7, 0xF6D7, 0xF6D7, 0xF6D7, 0xF6D7, 0xF6D7, 0xF6F7, 0xF6F7, 0xFEF7, 0xFEF7, 0xFF17, 0xFF18, 0xFF17, 0xFF17, 0xFF17, 0xFF17,
  0xFF17, 0xFF17, 0xFF17, 0xFF38, 0xFF38, 0xFF38, 0xFF38, 0xFF38, 0xFF38, 0xFF38, 0xFF18, 0xF717, 0xFF18, 0xFF38, 0xFF18, 0xFF18,
  0xFF18, 0xFF18, 0xFF18, 0xFF18, 0xFF18, 0xF718, 0xF718, 0xF718, 0xF718, 0xF718, 0xF718, 0xF718, 0xF718, 0xF718, 0xF718, 0xF718,
  0xF718, 0xFF18, 0xFF18, 0xFF18, 0xFF18, 0xFF18, 0xFF18, 0xFF18, 0xFF18, 0xFF38, 0xFF18, 0xFF38, 0xFF18, 0xFF18, 0xFF18, 0xFF18,
  0xFF18, 0xFF18, 0xFF18, 0xFF18, 0xFF18, 0xFF17, 0xFF17, 0xFF38, 0xEED6, 0xEEB6, 0xACCC, 0x8BA6, 0xB50D, 0xF717, 0xB4ED, 0xA428,
  0xBD0D, 0xBD0D, 0xDE12, 0xF6F7, 0xD5F1, 0xBD0D, 0x9C08, 0x8BA6, 0x8B86, 0x8344, 0xCD8F, 0xF718, 0x8B86, 0x8365, 0x9C07, 0xA406,
  0xD5D1, 0xFF58, 0xE652, 0xD5D0, 0x8BA7, 0x8BA7, 0x72E6, 0x5204, 0x5A25, 0x4A04, 0x5244, 0x51E3, 0x3982, 0x4A03, 0x9385, 0xCD29,
  0x5247, 0x5267, 0x5267, 0x5267, 0x5267, 0x5287, 0x5267, 0x5247, 0x4A06, 0x4A06, 0x5247, 0x5246, 0x5226, 0x4A26, 0x4205, 0x4A05,
  0x49E5, 0x41E5, 0x5247, 0x4A06, 0x39A5, 0x39C5, 0x4A06, 0x6AA7, 0x6266, 0x6266, 0x6A86, 0x6AA6, 0x5205, 0x41C4, 0x5205, 0x72C5,
  0x9346, 0x6265, 0x6A85, 0x7AC6, 0x5225, 0x2165, 0x29E6, 0x8389, 0x6B69, 0x7348, 0x6B49, 0x5309, 0x6B29, 0x18E3, 0x10C2, 0x10C3,
  0x10C3, 0x10C3, 0x10C2, 0x10A2, 0x10A2, 0x10C2, 0x10C2, 0x10C2, 0x10C2, 0x10A2, 0x10A2, 0x10C3, 0x10C2, 0x10A2, 0x10C2, 0x10C2,
  0x10C2, 0x10C2, 0x10C2, 0x10C3, 0x10C2, 0x10C2, 0x10C2, 0x10C2, 0x10C2, 0x10C2, 0x10C3, 0x10A2, 0x10A2, 0x10A2, 0x10A2, 0x10A2,
  0x10A2, 0x10A2, 0x10A2, 0x10A2, 0x10A2, 0x10A2, 0x10A2, 0x10A2, 0x10A2, 0x10A2, 0x10A2, 0x10A2, 0x10A2, 0x10A2, 0x10A2, 0x10A2,
  0x10A2, 0x10A2, 0x1082, 0x1082, 0x10A2, 0x10A2, 0x10A2, 0x10A2, 0x10A2, 0x10A2, 0x10C2, 0x18C3, 0x18E3, 0x18E3, 0x18E3, 0x18C2,
  0x10C2, 0x10C2, 0x10A2, 0x10C2, 0x18E3, 0x0882, 0x0861, 0x0861, 0x10A1, 0x18E2, 0x2144, 0x31A5, 0x4A47, 0x2144, 0x10A2, 0x10C3,
  0x10C2, 0x10C2, 0x1923, 0x1924, 0x41E4, 0x39C4, 0x1944, 0x1965, 0x5266, 0x8347, 0xDE56, 0xF6F8, 0xEED8, 0xF6D8, 0xF6D8, 0xF6D8,
  0xF6D8, 0xF6D8, 0xF6F8, 0xF6F8, 0xF6F8, 0xFF18, 0xFF18, 0xF718, 0xF6F8, 0xF6F8, 0xF6F8, 0xFF18, 0xFF18, 0xF718, 0xF718, 0xF718,
  0xF718, 0xF719, 0xF719, 0xF719, 0xF719, 0xEEF9, 0xFF7A, 0xB574, 0x08A3, 0x2965, 0xC50E, 0xF739, 0xEF19, 0xF719, 0xF719, 0xF719,
  0xF719, 0xF719, 0xF719, 0xF719, 0xF719, 0xF719, 0xF719, 0xF719, 0xF719, 0xF6F8, 0xF6D8, 0xF6F8, 0xF6F8, 0xF6F8, 0xF6D8, 0xF6D8,
  0xF6F8, 0xF6F8, 0xF718, 0xF6F8, 0xF6D8, 0xEEB7, 0xEEB7, 0xF6B7, 0xF6B7, 0xF6B7, 0xF6B7, 0xF6D7, 0xF6D7, 0xF6B7, 0xF6B7, 0xF6B7,
  0xF6B7, 0xF6D7, 0xF6D7, 0xF6D7, 0xF6D7, 0xF6D7, 0xF6D7, 0xFEF7, 0xFF17, 0xFEF7, 0xFEF7, 0xFF18, 0xFF17, 0xF6F7, 0xFF17, 0xFF17,
  0xFF17, 0xFF17, 0xFF18, 0xFF18, 0xFF18, 0xFF17, 0xFF17, 0xFF17, 0xFF38, 0xFF17, 0xF717, 0xF718, 0xFF18, 0xFF17, 0xFF17, 0xFF38,
  0xFF38, 0xFF38, 0xFF18, 0xFF18, 0xFF18, 0xFF38, 0xFF38, 0xFF18, 0xF738, 0xF738, 0xFF18, 0xFF18, 0xFF18, 0xFF18, 0xFF18, 0xFF18,
  0xFF18, 0xFF18, 0xFF38, 0xFF38, 0xFF38, 0xFF18, 0xFF18, 0xFF18, 0xFF38, 0xFF38, 0xFF18, 0xFF38, 0xFF18, 0xFF18, 0xFF17, 0xFF17,
  0xFF17, 0xFF17, 0xFF17, 0xFF17, 0xFF17, 0xFF17, 0xFF38, 0xE674, 0x9428, 0x9C29, 0xB50D, 0xDE32, 0xEED6, 0xB50D, 0xF718, 0xCDB1,
  0x8365, 0x9408, 0xEEF7, 0xEED6, 0xACAC, 0xA48C, 0x8BA7, 0xAC8A, 0x93E8, 0x8B65, 0xBCC9, 0xCDAF, 0xA429, 0xEEB5, 0xC56E, 0x7B24,
  0x72C4, 0x93C9, 0xE653, 0xEEB5, 0xBD0D, 0xB4ED, 0xC570, 0x6AC7, 0x5204, 0x5204, 0x5204, 0x49E4, 0x3983, 0x5203, 0x9384, 0x9BC4,
  0x5247, 0x5247, 0x4A26, 0x4A26, 0x5246, 0x5247, 0x4A26, 0x4A05, 0x4A06, 0x4A06, 0x5226, 0x5246, 0x4A26, 0x4A05, 0x41C5, 0x41E5,
  0x4206, 0x4A47, 0x5A88, 0x5AA8, 0x5AA8, 0x5AA8, 0x5A88, 0x7B08, 0x8B28, 0x8307, 0x8B48, 0x7B07, 0x72A7, 0x6265, 0x6265, 0x5A05,
  0x5205, 0x51E5, 0x41C4, 0x41A4, 0x2103, 0x1944, 0x3206, 0x7B68, 0x5B09, 0x6329, 0x6329, 0x530A, 0x52C8, 0x10C2, 0x10C3, 0x10C3,
  0x10C3, 0x10C3, 0x10C3, 0x10A2, 0x10C2, 0x10C3, 0x10C2, 0x10C3, 0x10C2, 0x10A2, 0x10A2, 0x10C3, 0x10C3, 0x10C2, 0x10C3, 0x10C3,
  0x10C3, 0x10C3, 0x10C3, 0x10C3, 0x10C2, 0x10C3, 0x10C3, 0x10C3, 0x10C3, 0x10C2, 0x10C3, 0x10A2, 0x10A2, 0x10C2, 0x10A2, 0x10C2,
  0x10C2, 0x10C2, 0x10A2, 0x10A2, 0x10A2, 0x10A2, 0x10A2, 0x10A2, 0x10A2, 0x10A2, 0x10A2, 0x10A2, 0x10A2, 0x10A2, 0x10A2, 0x10A2,
  0x10A2, 0x10A2, 0x1082, 0x1082, 0x10A2, 0x10A2, 0x10A2, 0x10A2, 0x10A2, 0x10A2, 0x10A2, 0x1082, 0x0840, 0x1081, 0x18C2, 0x2103,
  0x2944, 0x39C5, 0x4A27, 0x2944, 0x0881, 0x5AA8, 0x946F, 0xA4B0, 0xBD31, 0xCDD3, 0xDE35, 0xE655, 0xFF59, 0x62EA, 0x0061, 0x18E3,
  0x18E3, 0x18E3, 0x1944, 0x1944, 0x1903, 0x1944, 0x1945, 0x39E5, 0x31A3, 0x8C4E, 0xF719, 0xEEB8, 0xEED8, 0xEED8, 0xF6D8, 0xF6D8,
  0xF6D8, 0xF6D8, 0xF6D8, 0xF6D8, 0xF6F8, 0xFF18, 0xFF18, 0xFF18, 0xF718, 0xF6F8, 0xF6F8, 0xF6F8, 0xFF18, 0xF718, 0xF6F8, 0xF719,
  0xF719, 0xF719, 0xF719, 0xF718, 0xF719, 0xEEF8, 0xFF7A, 0xB553, 0x08A4, 0x2965, 0xBCAD, 0xF739, 0xF719, 0xF718, 0xF718, 0xF719,
  0xF719, 0xF719, 0xF719, 0xF719, 0xF719, 0xF719, 0xF719, 0xF719, 0xF719, 0xF6F8, 0xF6F8, 0xF6F8, 0xF6F8, 0xF6D8, 0xEED8, 0xEED8,
  0xEED8, 0xF6D8, 0xF6F8, 0xF6D8, 0xF6D7, 0xF6B7, 0xF6B7, 0xF6B7, 0xF6B7, 0xF6B7, 0xF6D7, 0xF6D7, 0xF6D7, 0xF6B7, 0xF6B7, 0xF6B7,
  0xF6B7, 0xF6D7, 0xF6D7, 0xF6D7, 0xF6D7, 0xF6D7, 0xF6D7, 0xF6D7, 0xF6F7, 0xF6F7, 0xF6F7, 0xFEF7, 0xF6F7, 0xF6D7, 0xFEF7, 0xFF17,
  0xFF17, 0xFEF7, 0xFF18, 0xFF17, 0xFF17, 0xFF17, 0xFF17, 0xFF17, 0xFF17, 0xFF17, 0xFF17, 0xFF18, 0xFF38, 0xFF18, 0xFF18, 0xFF38,
  0xFF38, 0xFF38, 0xFF18, 0xFF18, 0xFF18, 0xFF18, 0xFF38, 0xFF38, 0xFF38, 0xFF38, 0xFF38, 0xFF38, 0xFF38, 0xFF18, 0xFF18, 0xFF18,
  0xFF38, 0xFF18, 0xFF38, 0xFF38, 0xFF18, 0xFF38, 0xFF18, 0xFF18, 0xFF18, 0xFF38, 0xFF38, 0xFF18, 0xFF18, 0xFF18, 0xFF17, 0xFF17,
  0xFF17, 0xFF17, 0xFF17, 0xFF17, 0xFF17, 0xFF17, 0xFF38, 0xE674, 0xB4EC, 0xBD4E, 0x8BA7, 0xB4ED, 0xA46A, 0x8385, 0xBD4E, 0xA48B,
  0x8386, 0xE674, 0xF6F7, 0x93E8, 0x7B45, 0x8366, 0x7326, 0x7305, 0x7305, 0x7B24, 0x9BE6, 0x8323, 0xC50D, 0xC54F, 0xDE54, 0xE674,
  0x940A, 0x8B88, 0x8BCA, 0xFF38, 0xFFBA, 0xFF59, 0xFFDB, 0xCDD3, 0x5A25, 0x5A25, 0x5205, 0x49C4, 0x3983, 0x5203, 0x9384, 0xC50A,
  0x5267, 0x5A88, 0x5A88, 0x5247, 0x4A46, 0x5247, 0x5267, 0x5267, 0x5267, 0x5247, 0x5267, 0x5247, 0x5247, 0x4A26, 0x4A27, 0x5288,
  0x5288, 0x5AA8, 0x5AA8, 0x5247, 0x4A47, 0x41E6, 0x39A5, 0x6266, 0x72A6, 0x6266, 0x6A86, 0x6AA6, 0x7AC7, 0x8307, 0x9367, 0x9367,
  0x8B26, 0x8B26, 0x8306, 0x6A86, 0x3983, 0x1924, 0x29C5, 0x6B49, 0x5B29, 0x5B09, 0x52E9, 0x5B2A, 0x8BEB, 0x2103, 0x10C3, 0x10C3,
  0x10C3, 0x10C3, 0x10C3, 0x10A2, 0x10C2, 0x10C3, 0x10C3, 0x10C3, 0x10C2, 0x10A2, 0x10C2, 0x10C3, 0x10C3, 0x10C2, 0x10C3, 0x10C3,
  0x10C3, 0x10C3, 0x10C3, 0x10C3, 0x10C3, 0x10C3, 0x10C3, 0x10C3, 0x10C3, 0x10C3, 0x10C3, 0x10C2, 0x10C3, 0x10C3, 0x10A2, 0x10C3,
  0x10C2, 0x10A2, 0x10A2, 0x10A2, 0x10A2, 0x10A2, 0x10C2, 0x10A2, 0x10A2, 0x10A2, 0x10A2, 0x10A2, 0x10A2, 0x10A2, 0x1082, 0x1082,
  0x10A2, 0x10A2, 0x1082, 0x10A2, 0x10A2, 0x10A2, 0x10A2, 0x10C3, 0x10C2, 0x10A2, 0x10C2, 0x39C5, 0x9C4E, 0xACCF, 0xC572, 0xD614,
  0xE676, 0xE697, 0xFF59, 0x5AEA, 0x1880, 0xC550, 0xFF5A, 0xF6D8, 0xF6B7, 0xEEB7, 0xEEB7, 0xEE76, 0xFF19, 0x62EA, 0x0061, 0x18E3,
  0x18E3, 0x1903, 0x1944, 0x1944, 0x1903, 0x1945, 0x29A5, 0x41E4, 0x62E9, 0xF6F9, 0xEED8, 0xEED8, 0xEED8, 0xF6D8, 0xEED8, 0xF6D8,
  0xF6D8, 0xF6D8, 0xF6D8, 0xF6D8, 0xF6F8, 0xFF18, 0xFF18, 0xFF18, 0xF6F8, 0xF6F8, 0xF6F8, 0xF6F8, 0xFF18, 0xFF18, 0xF6F8, 0xF6F8,
  0xEEF9, 0xF718, 0xF718, 0xFF18, 0xF719, 0xF719, 0xFF59, 0xB553, 0x08A4, 0x31A6, 0xB4CE, 0xF719, 0xF718, 0xF718, 0xF718, 0xF718,
  0xF718, 0xF719, 0xF718, 0xF6F8, 0xF6F8, 0xF719, 0xF718, 0xF6D8, 0xF6F8, 0xF6F8, 0xF6D8, 0xF6D8, 0xF6B8, 0xEEB7, 0xEEB7, 0xEEB7,
  0xEEB7, 0xEEB7, 0xF6D7, 0xF6B7, 0xF6B7, 0xF6B7, 0xF6B7, 0xF6B7, 0xF6B7, 0xF6B7, 0xF6B7, 0xF6B7, 0xF6B7, 0xF6D7, 0xF6B7, 0xF6B7,
  0xF6D7, 0xF6D7, 0xF6D7, 0xF6D7, 0xF6D7, 0xF6D7, 0xF6D7, 0xF6D7, 0xF6D7, 0xF6F7, 0xF6D7, 0xF6D7, 0xF6D7, 0xF6D7, 0xF6D7, 0xFEF7,
  0xFEF7, 0xFEF7, 0xFEF7, 0xFEF7, 0xFF17, 0xFF17, 0xFF18, 0xFF17, 0xFF18, 0xFF18, 0xFF18, 0xFF18, 0xFF18, 0xFF18, 0xFF18, 0xFF18,
  0xFF18, 0xFF18, 0xFF18, 0xFF18, 0xFF18, 0xFF18, 0xFF18, 0xFF18, 0xFF18, 0xFF38, 0xFF38, 0xFF18, 0xFF18, 0xFF18, 0xFF18, 0xFF18,
  0xFF18, 0xFF18, 0xFF18, 0xFF38, 0xFF38, 0xFF17, 0xFF37, 0xFF17, 0xFF17, 0xFF37, 0xFF37, 0xFF37, 0xFF17, 0xFF17, 0xFF17, 0xFF17,
  0xFF17, 0xFF17, 0xFF17, 0xFF17, 0xFF17, 0xFF17, 0xFF17, 0xFF37, 0xFF38, 0xFF38, 0xACCC, 0x8366, 0x93E7, 0x9408, 0x7B46, 0x6AC4,
  0x9C4A, 0xDE33, 0x8387, 0x8BA7, 0xA449, 0x8BC8, 0x7305, 0xAC8B, 0xC52D, 0xA48B, 0x7305, 0x7B05, 0x93C8, 0x8B87, 0xCDB0, 0xFF17,
  0xFF17, 0xD5D1, 0x5A43, 0x6AC6, 0xDE34, 0xFF58, 0xFF37, 0xF717, 0x6AC7, 0x5205, 0x51E4, 0x49C4, 0x49C4, 0x5A24, 0xE674, 0xFF58,
  0x5246, 0x62C9, 0x630A, 0x62E9, 0x5AA8, 0x5A88, 0x5A88, 0x5267, 0x5A67, 0x4A26, 0x41C5, 0x41E6, 0x4A27, 0x4A47, 0x41E5, 0x41E5,
  0x41E5, 0x4A26, 0x4A26, 0x41E5, 0x4A06, 0x39C5, 0x3164, 0x5A25, 0x6265, 0x5A25, 0x5A25, 0x5A25, 0x6265, 0x6266, 0x6A85, 0x82E6,
  0x8B26, 0x9346, 0x9B67, 0x9B87, 0x6A85, 0x2144, 0x31E6, 0x6329, 0x5B29, 0x5AE8, 0x6B49, 0x8C2B, 0xB4CC, 0x2103, 0x10C3, 0x10E3,
  0x10C3, 0x10C3, 0x10C3, 0x10A2, 0x10C2, 0x10C3, 0x10C3, 0x10C3, 0x10C3, 0x10C3, 0x10C3, 0x10C3, 0x10C3, 0x10C2, 0x10C3, 0x10C3,
  0x10C3, 0x10C3, 0x10C3, 0x10C3, 0x10C3, 0x10C3, 0x10C3, 0x10C3, 0x10E3, 0x10C3, 0x10C3, 0x10C3, 0x10C3, 0x10C3, 0x10C2, 0x10C3,
  0x10C3, 0x10A2, 0x10A2, 0x10C2, 0x10A2, 0x10A2, 0x10C2, 0x10A2, 0x10A2, 0x10A2, 0x10A2, 0x10A2, 0x10A2, 0x10A2, 0x10A2, 0x10A2,
  0x10A2, 0x10A2, 0x1082, 0x10A2, 0x10A2, 0x10A2, 0x10A2, 0x18E3, 0x18E3, 0x18E3, 0x2102, 0x8BCB, 0xEE94, 0xDDB0, 0xF694, 0xEE94,
  0xF6F8, 0xEE96, 0xFEF8, 0x52A9, 0x3941, 0xCD70, 0xEEB7, 0xEE76, 0xEE96, 0xEE96, 0xEE96, 0xEE76, 0xFF19, 0x62EA, 0x0061, 0x18E3,
  0x1903, 0x1924, 0x2164, 0x2144, 0x1903, 0x2164, 0x4A04, 0x4204, 0xCDF5, 0xF6F9, 0xEEB8, 0xEED8, 0xEED8, 0xEED8, 0xEED8, 0xF6D8,
  0xF6D8, 0xF6D8, 0xF6D8, 0xF6D8, 0xF6D7, 0xFEF7, 0xF6F7, 0xF6F7, 0xF6F7, 0xF6F8, 0xF6F8, 0xF718, 0xF718, 0xFEF8, 0xF6F8, 0xF6F8,
  0xF718, 0xF719, 0xF718, 0xFF18, 0xF719, 0xF6F8, 0xFF59, 0xB553, 0x08A4, 0x31A6, 0xBCAD, 0xF719, 0xF718, 0xF718, 0xF718, 0xF718,
  0xF718, 0xF718, 0xF6D8, 0xF6D7, 0xF6F8, 0xF718, 0xF6F8, 0xF6D7, 0xF6D7, 0xF6D8, 0xEEB7, 0xEEB7, 0xEEB7, 0xEEB7, 0xEEB7, 0xEEB7,
  0xEEB7, 0xEEB7, 0xEEB7, 0xEEB7, 0xF6B7, 0xF6B7, 0xF6B7, 0xF6B7, 0xF6B7, 0xF6B7, 0xF6B7, 0xF6B7, 0xF6D7, 0xF6D7, 0xF6B7, 0xF6B7,
  0xF6B7, 0xF6D7, 0xF6D7, 0xF6D7, 0xF6D7, 0xF6D7, 0xF6D7, 0xF6D7, 0xF6D7, 0xF6F7, 0xF6D7, 0xF6D7, 0xF6D7, 0xFED7, 0xF6D7, 0xF6D7,
  0xF6D7, 0xFEF7, 0xFEF7, 0xFEF7, 0xFEF7, 0xFEF7, 0xFF17, 0xFF17, 0xFF18, 0xFF18, 0xFF18, 0xFF18, 0xFF18, 0xFF18, 0xFF18, 0xFF18,
  0xFF18, 0xFF18, 0xFF18, 0xFF18, 0xFF17, 0xFF17, 0xFF18, 0xFF18, 0xFF18, 0xFF38, 0xFF38, 0xFF38, 0xFF18, 0xFF18, 0xFF18, 0xFF18,
  0xFF18, 0xFF18, 0xFF17, 0xFF37, 0xFF37, 0xFF37, 0xFF17, 0xFF38, 0xFF37, 0xFF37, 0xFF17, 0xFF17, 0xFF17, 0xFF17, 0xFF17, 0xFF17,
  0xFF17, 0xFF17, 0xFF17, 0xFF17, 0xFF17, 0xFF38, 0xFF58, 0xFF17, 0xFF17, 0xFF38, 0xF717, 0xBD4F, 0xE6B5, 0xCDB0, 0x8BC8, 0x7326,
  0x7B67, 0x7B66, 0x7305, 0xB4EC, 0xBD0D, 0x6AE4, 0x9C08, 0xD58D, 0xB4A9, 0xD5F0, 0xA44A, 0xB4CB, 0xDE11, 0xEE73, 0xFF79, 0xFF59,
  0xFF79, 0xEEB5, 0xA42A, 0x49C3, 0x5A45, 0x8389, 0x8368, 0x8347, 0x5A64, 0x49C4, 0x5205, 0x49E4, 0x5204, 0x5A23, 0xE675, 0xE673,
  0x4A26, 0x5267, 0x5AA8, 0x5AA8, 0x4A47, 0x4A46, 0x5267, 0x5246, 0x4A05, 0x3184, 0x2943, 0x2943, 0x3163, 0x3184, 0x41E5, 0x5247,
  0x5247, 0x5267, 0x5A88, 0x5AA8, 0x62C8, 0x62A8, 0x62C8, 0x8B48, 0x8B27, 0x72C7, 0x8307, 0x8307, 0x6A86, 0x5A45, 0x5A25, 0x6A65,
  0x72A5, 0x8306, 0x9367, 0x82E6, 0x39A4, 0x1924, 0x31E6, 0x7348, 0x738A, 0x942A, 0xA46B, 0x9C8C, 0xB4AC, 0x2103, 0x10C3, 0x10E3,
  0x10C3, 0x10C3, 0x10C3, 0x10C2, 0x10C3, 0x10C3, 0x10C3, 0x10C3, 0x10C3, 0x10C3, 0x10C3, 0x10C3, 0x10C3, 0x10C3, 0x10C3, 0x10C3,
  0x10E3, 0x10C3, 0x10C3, 0x10C3, 0x10C3, 0x10C3, 0x10E3, 0x10E3, 0x10E3, 0x10C3, 0x10E3, 0x10C3, 0x10C3, 0x10C3, 0x10C3, 0x10C3,
  0x10C3, 0x10A2, 0x10C3, 0x10C2, 0x10C2, 0x10A2, 0x10C2, 0x10A2, 0x10A2, 0x10A2, 0x10C2, 0x10C2, 0x10A2, 0x10A2, 0x10A2, 0x10A2,
  0x10A2, 0x10A2, 0x1082, 0x10A2, 0x10A2, 0x10A2, 0x10A2, 0x1903, 0x1903, 0x10C2, 0x3983, 0xC4ED, 0xC50C, 0xB428, 0xDDD1, 0xE654,
  0xEEB7, 0xEE76, 0xFEF7, 0x52A9, 0x4181, 0xD5B1, 0xF6D8, 0xEE96, 0xEE96, 0xEE96, 0xEE96, 0xEE96, 0xFF18, 0x62EA, 0x0861, 0x1903,
  0x1924, 0x1924, 0x2165, 0x2185, 0x1103, 0x39C5, 0x41C3, 0x946E, 0xFF3A, 0xEEB8, 0xF6D8, 0xF6D8, 0xF6D8, 0xEED8, 0xF6D8, 0xF6D8,
  0xEED8, 0xF6D8, 0xF6D8, 0xF6D8, 0xF6D7, 0xF6D7, 0xF6D8, 0xF6D8, 0xF6F7, 0xFEF7, 0xFEF7, 0xF718, 0xF718, 0xF6F7, 0xF6D7, 0xF6F8,
  0xF718, 0xF718, 0xF718, 0xF718, 0xFF18, 0xF6F8, 0xFF59, 0xB573, 0x08C4, 0x31A6, 0xB4AD, 0xF719, 0xF719, 0xF718, 0xF6F8, 0xF6F8,
  0xF6F8, 0xF6F8, 0xF6D8, 0xF6D8, 0xF6D8, 0xF6D8, 0xF6D7, 0xF6B7, 0xEEB7, 0xEEB7, 0xEEB7, 0xEEB7, 0xF6B7, 0xF6B7, 0xEEB7, 0xEEB7,
  0xEEB7, 0xEEB7, 0xEEB7, 0xF6B7, 0xEEB7, 0xF6B7, 0xF6D7, 0xF6D7, 0xF6B7, 0xF6B7, 0xF6B7, 0xF6B7, 0xF6B7, 0xF6D7, 0xF6D7, 0xF6D7,
  0xF6B7, 0xF6B7, 0xF6B7, 0xF6D7, 0xF6D7, 0xF6D7, 0xF6D7, 0xF6D7, 0xF6D7, 0xF6F7, 0xFEF7, 0xFEF7, 0xFEF7, 0xFEF7, 0xFEF7, 0xFEF7,
  0xFEF7, 0xF6F7, 0xFF18, 0xFF18, 0xFF18, 0xF718, 0xFF18, 0xFF17, 0xFF17, 0xFF18, 0xFF18, 0xFF18, 0xFF18, 0xFF18, 0xFF18, 0xFF18,
  0xFF18, 0xFF18, 0xFF18, 0xFF18, 0xFF17, 0xFF18, 0xFF18, 0xFF18, 0xFF38, 0xFF18, 0xFF18, 0xFF18, 0xFF17, 0xFF17, 0xFF17, 0xFF17,
  0xFF17, 0xFF17, 0xFF17, 0xFF17, 0xFF17, 0xFF37, 0xFF17, 0xFF37, 0xFF17, 0xFF17, 0xFF17, 0xFF17, 0xFF17, 0xFF17, 0xFF17, 0xFF17,
  0xFF17, 0xFF17, 0xFF17, 0xFF17, 0xFF17, 0xE674, 0xD5F1, 0xFF17, 0xFF58, 0xF6F6, 0xFF37, 0xFF99, 0xEEB5, 0xD612, 0xC56F, 0x7326,
  0x7326, 0x7346, 0x7326, 0x7326, 0x7305, 0x7305, 0x7B45, 0x8BA6, 0xD5F0, 0x8BA6, 0xACAB, 0xFFB9, 0xB4CD, 0x8BA8, 0x8388, 0xB50F,
  0xC592, 0x7B68, 0x6AA5, 0x72E6, 0x5204, 0x3962, 0x3982, 0x49E3, 0x5224, 0x41C4, 0x5205, 0x51E4, 0x5204, 0x51E2, 0x93C7, 0xE5AD,
  0x5247, 0x41C5, 0x41E5, 0x4206, 0x4A46, 0x5AA8, 0x6B09, 0x732A, 0x4A06, 0x4A06, 0x5247, 0x5246, 0x4206, 0x5247, 0x5A88, 0x5AA8,
  0x5AA8, 0x5AA8, 0x5A88, 0x5A67, 0x5A87, 0x5AA8, 0x836A, 0xB42A, 0x9B88, 0x8307, 0x8B27, 0x9B67, 0x9347, 0x9B67, 0x7285, 0x82E6,
  0x9347, 0x9B87, 0x8306, 0x6265, 0x3184, 0x1103, 0x29A5, 0x8BEA, 0xACAC, 0xACAC, 0xA4AC, 0xB4ED, 0xBCED, 0x1903, 0x10C3, 0x10E3,
  0x10C3, 0x10E3, 0x10C3, 0x10C3, 0x10C3, 0x10C3, 0x10E3, 0x10C3, 0x10C3, 0x10C3, 0x10C3, 0x10E3, 0x10C3, 0x10C3, 0x10E3, 0x10C3,
  0x10E3, 0x10E3, 0x10C3, 0x10E3, 0x10E3, 0x10E3, 0x10E3, 0x18E3, 0x18E3, 0x10C3, 0x10C3, 0x10C3, 0x10C3, 0x10E3, 0x18E3, 0x10E3,
  0x10C3, 0x10C2, 0x10C3, 0x10C3, 0x10C3, 0x10C3, 0x10C3, 0x10C2, 0x10C2, 0x10A2, 0x10C3, 0x10C2, 0x10A2, 0x10A2, 0x10A2, 0x10A2,
  0x10A2, 0x10A2, 0x1082, 0x1082, 0x10A2, 0x10A2, 0x10A2, 0x1923, 0x10E3, 0x18C2, 0x6A85, 0xBC8C, 0xDDF2, 0xCD0D, 0xD56E, 0xDDF1,
  0xEEB6, 0xEE96, 0xFF18, 0x52AA, 0x41A2, 0xDDF2, 0xF6D8, 0xEE96, 0xEE96, 0xEE96, 0xEE96, 0xEE96, 0xFF18, 0x5ACA, 0x0861, 0x1924,
  0x1924, 0x1924, 0x2185, 0x21C6, 0x39C5, 0x7B06, 0x7307, 0xE696, 0xF6F9, 0xEED8, 0xF6D8, 0xF6D8, 0xF6D8, 0xF6D8, 0xEED8, 0xEED8,
  0xF6D8, 0xF6D8, 0xEED8, 0xF6D8, 0xF6D8, 0xF6D8, 0xF6D7, 0xF6D8, 0xF6F8, 0xF6F8, 0xF6F8, 0xF6F7, 0xFEF7, 0xFEF7, 0xFEF8, 0xF6F8,
  0xFEF8, 0xF718, 0xF718, 0xFF18, 0xF718, 0xF6D8, 0xFF39, 0xB573, 0x08E4, 0x31C7, 0xB48D, 0xF6F8, 0xF6F8, 0xF6F8, 0xF6F8, 0xF6F8,
  0xF6F8, 0xF6F8, 0xF6F8, 0xF6F8, 0xF6F8, 0xF6F8, 0xF6F8, 0xF6F8, 0xF6D8, 0xF6D8, 0xF6D7, 0xF6D8, 0xF6D8, 0xF6D8, 0xF6D8, 0xF6D7,
  0xF6D7, 0xF6D7, 0xF6D7, 0xF6D7, 0xF6D7, 0xF6D7, 0xF6D7, 0xF6D7, 0xF6D8, 0xF6D7, 0xF6D7, 0xF6F7, 0xF6D7, 0xF6F7, 0xF6F7, 0xF6F7,
  0xF6F7, 0xF6F7, 0xF6F7, 0xF6F7, 0xF6F7, 0xFEF7, 0xFEF7, 0xFEF7, 0xF6F7, 0xF717, 0xFF18, 0xFF18, 0xFF18, 0xF718, 0xF718, 0xF718,
  0xF718, 0xF718, 0xF718, 0xF718, 0xFF18, 0xFF18, 0xFF18, 0xFF18, 0xFF18, 0xFF18, 0xFF18, 0xFF18, 0xFF18, 0xFF18, 0xFF18, 0xFF18,
  0xFF18, 0xFF18, 0xFF18, 0xFF18, 0xFF17, 0xFF17, 0xFF18, 0xFF18, 0xFF18, 0xFF18, 0xFF18, 0xFF17, 0xFF17, 0xFF17, 0xFF17, 0xFF17,
  0xFF17, 0xFF17, 0xFF17, 0xFF17, 0xFF17, 0xFF17, 0xFF17, 0xFF17, 0xFF17, 0xFF17, 0xFF17, 0xFF17, 0xFF17, 0xFF17, 0xFF17, 0xFF17,
  0xFF17, 0xFF17, 0xFF17, 0xFF17, 0xFF58, 0xAC8A, 0x7B23, 0xCD8F, 0xCDB1, 0x8366, 0xACCC, 0xCDB1, 0x7B26, 0x7305, 0x7B87, 0x7326,
  0x7326, 0x7326, 0x7326, 0x7305, 0x7305, 0x6AC5, 0x72E4, 0x72E3, 0xBD4E, 0xA44A, 0xACAC, 0xACEE, 0x6AA5, 0x7B48, 0x8389, 0x5A23,
  0x6284, 0x8BA8, 0xBD2F, 0xEE95, 0xD5D1, 0x9C4B, 0x6285, 0x49C2, 0x4A04, 0x49E4, 0x51E5, 0x5205, 0x49E4, 0x5204, 0x6264, 0x9BC7,
  0x4205, 0x4A47, 0x5288, 0x5288, 0x5AA8, 0x5247, 0x5267, 0x62C8, 0x62A8, 0x5AA8, 0x62A8, 0x4A47, 0x5267, 0x5A87, 0x5267, 0x5267,
  0x5246, 0x5246, 0x5246, 0x5246, 0x5266, 0x5A67, 0x5A87, 0x7B07, 0x72C7, 0x72A6, 0x6266, 0x82E7, 0xBC08, 0xC448, 0x8B26, 0x9B67,
  0xBC28, 0xBC28, 0x8B26, 0x7AC6, 0x6266, 0x2144, 0x31C6, 0x9C2A, 0xA48C, 0xA48C, 0xACCC, 0xC50C, 0xBCCC, 0x18E3, 0x10C3, 0x10E3,
  0x10E3, 0x10E3, 0x10C3, 0x10C3, 0x10C3, 0x10E3, 0x10E3, 0x10E3, 0x10C3, 0x10E3, 0x10C3, 0x10E3, 0x10C3, 0x10C3, 0x10E3, 0x10E3,
  0x10E3, 0x10E3, 0x10E3, 0x10E3, 0x10E3, 0x10E3, 0x10E3, 0x10C3, 0x10C3, 0x18E3, 0x2123, 0x2103, 0x18E3, 0x10A2, 0x0882, 0x0082,
  0x08A2, 0x0882, 0x0882, 0x08A2, 0x10C3, 0x10C3, 0x10C3, 0x10C3, 0x10C3, 0x10C2, 0x10C3, 0x10C3, 0x10C2, 0x10C2, 0x10A2, 0x10A2,
  0x10A2, 0x10A2, 0x1082, 0x1082, 0x10A2, 0x10A2, 0x10A2, 0x1923, 0x1923, 0x2103, 0x8327, 0xAC6B, 0xEE95, 0xE612, 0xDDD1, 0xDDB0,
  0xE654, 0xEEB7, 0xFF39, 0x5ACA, 0x5203, 0xE613, 0xF6B7, 0xEE76, 0xEE96, 0xEE96, 0xEE97, 0xEE96, 0xFF18, 0x62EA, 0x0881, 0x1944,
  0x1944, 0x1104, 0x31C5, 0x4266, 0x31A4, 0x5245, 0x9BE8, 0xF6B6, 0xF6D9, 0xEED8, 0xF6D8, 0xF6D8, 0xF6D8, 0xF6D8, 0xF6D8, 0xF6D8,
  0xEED8, 0xF6D8, 0xF6D8, 0xEED8, 0xEED8, 0xEED8, 0xEED8, 0xF6D8, 0xF6D8, 0xF6D8, 0xF6D8, 0xF6D8, 0xF6D8, 0xF6F8, 0xF6D8, 0xF6D8,
  0xF6F7, 0xF6F8, 0xF718, 0xF718, 0xF719, 0xF6F8, 0xFF59, 0xB553, 0x08C4, 0x39C7, 0xBCAD, 0xF6F8, 0xF6F8, 0xF6F8, 0xF718, 0xF718,
  0xF718, 0xF718, 0xF718, 0xF718, 0xF718, 0xF718, 0xF718, 0xF718, 0xF718, 0xF718, 0xF718, 0xF718, 0xF718, 0xF718, 0xF718, 0xF6F8,
  0xF6F8, 0xF6F8, 0xF6F8, 0xF6F8, 0xF6F8, 0xF6F7, 0xF6D8, 0xF6F8, 0xF6F7, 0xF6F7, 0xF6F7, 0xF6F8, 0xF718, 0xF718, 0xF718, 0xF718,
  0xF718, 0xF718, 0xF718, 0xF718, 0xF718, 0xF718, 0xF718, 0xF718, 0xF718, 0xF718, 0xF718, 0xF718, 0xF718, 0xF718, 0xF718, 0xF718,
  0xF718, 0xF718, 0xF718, 0xF718, 0xFF18, 0xFF18, 0xFF18, 0xFF18, 0xFF18, 0xFF18, 0xFF18, 0xFF18, 0xFF18, 0xFF18, 0xFF18, 0xFF18,
  0xFF18, 0xFF18, 0xFF18, 0xFF17, 0xFF17, 0xFF17, 0xFF17, 0xFF17, 0xFF17, 0xFF17, 0xFF17, 0xFF17, 0xFF17, 0xFF17, 0xFF17, 0xFF17,
  0xFF17, 0xFF17, 0xFF17, 0xFF17, 0xFF17, 0xFF17, 0xFF17, 0xFF17, 0xFF17, 0xFF17, 0xFF17, 0xFF17, 0xFF17, 0xFF17, 0xFF17, 0xFF17,
  0xFF17, 0xFF17, 0xFF17, 0xFEF6, 0xBD2D, 0xD5D0, 0xB50D, 0x8BA7, 0x8387, 0x7325, 0x7B25, 0x7B26, 0x7B26, 0x7306, 0x7326, 0x7326,
  0x6B06, 0x6AE6, 0x6B05, 0x7B04, 0x9385, 0xA427, 0xCD8F, 0xCD8F, 0x8304, 0x5202, 0x5A23, 0x8346, 0xE675, 0xFFFC, 0xF737, 0x7B06,
  0xA429, 0xF6B4, 0xFF78, 0xFF58, 0xFEF4, 0xFF55, 0xFF15, 0xCD8E, 0x7B26, 0x5204, 0x49E5, 0x49E4, 0x49E4, 0x5204, 0x5204, 0x6223,
  0x4205, 0x4A47, 0x5267, 0x5288, 0x5267, 0x4205, 0x4A46, 0x5A88, 0x5AA8, 0x5AA8, 0x5A88, 0x4A06, 0x5A87, 0x5A67, 0x5246, 0x5246,
  0x5226, 0x5226, 0x5226, 0x5246, 0x5267, 0x5267, 0x4A05, 0x6265, 0x6A86, 0x6AA6, 0x7AC6, 0x9B87, 0xC449, 0xC448, 0x8B27, 0x9347,
  0x9B46, 0x7AC5, 0x82E6, 0x9326, 0x6266, 0x2985, 0x3A27, 0xA48C, 0x9C6C, 0x942B, 0x73CB, 0x944B, 0xB48C, 0x18E3, 0x10E3, 0x10E3,
  0x10E3, 0x10E3, 0x10C3, 0x10C3, 0x10C3, 0x10E3, 0x10E3, 0x10E3, 0x10C3, 0x10C3, 0x10C3, 0x10E3, 0x10C3, 0x10E3, 0x10E3, 0x10E3,
  0x10E3, 0x10E3, 0x10E3, 0x10E3, 0x10E3, 0x10E3, 0x1903, 0x41C5, 0x6A87, 0x8328, 0x9B89, 0xAC0A, 0xB42A, 0xB40A, 0x9368, 0x6266,
  0x3984, 0x41A4, 0x49E5, 0x3984, 0x10A2, 0x10C3, 0x10E3, 0x10E3, 0x10C3, 0x10C2, 0x10C3, 0x10C3, 0x10C3, 0x10C2, 0x10A2, 0x10A2,
  0x10A2, 0x10A2, 0x1082, 0x10A2, 0x10A2, 0x10A2, 0x0882, 0x39C4, 0x39C4, 0x2123, 0x8347, 0xBCCD, 0xDDD1, 0xC4EB, 0xDD8E, 0xD52D,
  0xE634, 0xEEB7, 0xFF5A, 0x5AEA, 0x5203, 0xDDD2, 0xEEB7, 0xEE96, 0xEE96, 0xEE96, 0xEE96, 0xEE76, 0xFF18, 0x630A, 0x08C2, 0x1965,
  0x1944, 0x1104, 0x39C5, 0x7B89, 0x5287, 0x6308, 0xAC6A, 0xEE95, 0xF6F9, 0xEED8, 0xF6D8, 0xF6D8, 0xF6D8, 0xF6D8, 0xF6D8, 0xF6D8,
  0xF6D8, 0xF6D8, 0xF6D8, 0xF6B8, 0xF6D8, 0xF6D8, 0xF6D8, 0xF6D8, 0xF6D8, 0xF6D8, 0xF6D8, 0xF6D8, 0xF6D8, 0xF6D8, 0xEED8, 0xEED8,
  0xF6D8, 0xF6F8, 0xF6F8, 0xF6F8, 0xFF18, 0xF6F7, 0xFF59, 0xB573, 0x1105, 0x31A6, 0xBCAD, 0xF718, 0xF6F8, 0xF718, 0xF718, 0xF718,
  0xF718, 0xF718, 0xF718, 0xF6F8, 0xF718, 0xF718, 0xF718, 0xF718, 0xF718, 0xF718, 0xF718, 0xF718, 0xF718, 0xF718, 0xF718, 0xF718,
  0xF718, 0xF718, 0xF6F8, 0xF6F8, 0xF6F8, 0xF718, 0xF718, 0xF718, 0xF718, 0xF718, 0xF718, 0xF718, 0xF718, 0xF718, 0xF718, 0xF718,
  0xF718, 0xF718, 0xF718, 0xF718, 0xF718, 0xF718, 0xF718, 0xF718, 0xF718, 0xF718, 0xF718, 0xF718, 0xF718, 0xF718, 0xF718, 0xF718,
  0xF718, 0xF718, 0xF718, 0xF718, 0xF718, 0xFF18, 0xFF18, 0xFF18, 0xFF18, 0xFF18, 0xFF18, 0xFF18, 0xFF18, 0xFF18, 0xFF18, 0xFF18,
  0xFF18, 0xFF18, 0xFF18, 0xFF18, 0xFF18, 0xFF17, 0xFF17, 0xFF17, 0xFF17, 0xFF17, 0xFF17, 0xFF17, 0xFF17, 0xFF17, 0xFF17, 0xFF17,
  0xFF17, 0xFF17, 0xFF17, 0xFF17, 0xFF17, 0xFF17, 0xFF17, 0xFF17, 0xFF17, 0xFF17, 0xFF17, 0xFF17, 0xFF17, 0xFF17, 0xFF17, 0xFF17,
  0xFF17, 0xFF17, 0xFF58, 0xD5F1, 0x8365, 0xE653, 0xCD8F, 0xAC8B, 0x8387, 0x8BC8, 0x9C29, 0x7B46, 0x7B26, 0x7B26, 0x6AE5, 0x62E6,
  0x62C6, 0x62C6, 0x6AE6, 0x6AC5, 0x7305, 0x93A6, 0x7327, 0x9C6C, 0x72E5, 0x9C0A, 0xDE75, 0xEE73, 0xD5CF, 0xDE32, 0x9BE8, 0xCD90,
  0xFF17, 0xF6F6, 0xFF17, 0xFF58, 0xF6D4, 0xFF57, 0xEED4, 0xEE72, 0xAC69, 0x6AA4, 0x49E4, 0x49E4, 0x49E4, 0x51E4, 0x51E4, 0x5A24,
  0x41C5, 0x41E5, 0x4A06, 0x5A88, 0x5AA8, 0x5AA8, 0x5AA8, 0x5AA8, 0x5AA9, 0x5268, 0x4206, 0x4A06, 0x5A67, 0x5246, 0x5246, 0x5246,
  0x5246, 0x5246, 0x5246, 0x5247, 0x5267, 0x5267, 0x5204, 0x6266, 0x8B47, 0xABE8, 0xB408, 0xABE8, 0xABC8, 0x9B87, 0x7AE6, 0x82E6,
  0x82E6, 0x82E6, 0xABC7, 0xCC89, 0x72A5, 0x2985, 0x3227, 0x83EB, 0x6BAB, 0x6B6A, 0x530A, 0x636A, 0x8BCA, 0x1903, 0x10E3, 0x10E3,
  0x10E3, 0x10E3, 0x10C3, 0x10C3, 0x10E3, 0x10E3, 0x10E3, 0x10E3, 0x10C3, 0x10E3, 0x10C3, 0x10E3, 0x10C3, 0x10E3, 0x10E3, 0x10E3,
  0x10E3, 0x10E3, 0x10E3, 0x10E3, 0x10E3, 0x3164, 0x5A46, 0x7AE8, 0x8329, 0x7B08, 0x8329, 0x8B69, 0x9BCA, 0xA3EA, 0xB42A, 0xC46B,
  0xDCEB, 0xED6D, 0xDD0C, 0xD4CB, 0x8307, 0x0882, 0x18E3, 0x10E3, 0x10E3, 0x10C3, 0x10C3, 0x10C3, 0x10C3, 0x10C3, 0x10A2, 0x10A2,
  0x10A2, 0x10A2, 0x1082, 0x10A2, 0x10A2, 0x10A2, 0x0882, 0x4205, 0x39E5, 0x18E2, 0x8347, 0xC50D, 0xC52D, 0xB448, 0xE611, 0xE633,
  0xEED8, 0xEE96, 0xFF18, 0x5ACA, 0x5A24, 0xDDF2, 0xEE97, 0xEE76, 0xEE96, 0xEE96, 0xEE96, 0xEE76, 0xFEF8, 0x630A, 0x08E3, 0x1965,
  0x1965, 0x1104, 0x4226, 0xAC8B, 0xB4CB, 0xACAB, 0xAC8B, 0xEE96, 0xF719, 0xF6F8, 0xF6F8, 0xF6F8, 0xF6F8, 0xF6F8, 0xF6F8, 0xF6F8,
  0xF6F8, 0xF6F8, 0xF6D8, 0xF6D8, 0xF6D8, 0xF6D8, 0xF6D8, 0xF6F8, 0xF6F8, 0xF6F8, 0xF6F8, 0xF6F8, 0xF6F8, 0xF6F8, 0xF6F8, 0xF6F8,
  0xF6F8, 0xF6F8, 0xF6F8, 0xF6F8, 0xF6F8, 0xF6D7, 0xFF39, 0xB573, 0x31E8, 0x4A69, 0xBCCE, 0xF739, 0xF719, 0xF718, 0xF718, 0xF718,
  0xF718, 0xF718, 0xF718, 0xF718, 0xF718, 0xF718, 0xF718, 0xF718, 0xF719, 0xF719, 0xF719, 0xF719, 0xF718, 0xF718, 0xF718, 0xF718,
  0xF718, 0xF718, 0xF718, 0xF718, 0xF718, 0xF718, 0xF718, 0xF718, 0xF718, 0xF718, 0xF718, 0xF718, 0xF718, 0xF718, 0xF718, 0xF718,
  0xF718, 0xF718, 0xF718, 0xF718, 0xF718, 0xF718, 0xF718, 0xF718, 0xF718, 0xF718, 0xF718, 0xF718, 0xF718, 0xF718, 0xF718, 0xF718,
  0xF718, 0xF718, 0xF718, 0xF718, 0xF718, 0xFF18, 0xFF18, 0xFF18, 0xFF18, 0xFF18, 0xFF18, 0xFF18, 0xFF18, 0xFF18, 0xFF18, 0xFF18,
  0xFF18, 0xFF18, 0xFF18, 0xFF17, 0xFF17, 0xFF17, 0xFF17, 0xFF17, 0xFF17, 0xFF17, 0xFF17, 0xFF17, 0xFF17, 0xFF17, 0xFF17, 0xFF17,
  0xFF17, 0xFF17, 0xFF17, 0xFF17, 0xFF17, 0xFF17, 0xFF17, 0xFF17, 0xFF17, 0xFF17, 0xFF17, 0xFF17, 0xFF17, 0xFF17, 0xFF17, 0xFF17,
  0xFF17, 0xFF17, 0xFF38, 0xCD8F, 0xD5F1, 0xFF58, 0xC54E, 0x9C29, 0x7B45, 0xDE74, 0xD5F1, 0x8346, 0x7B26, 0x7B46, 0xA48C, 0x7348,
  0x7327, 0x62C6, 0x7B26, 0x7B05, 0x5223, 0x5224, 0x5223, 0x9C09, 0xBCCB, 0xFF99, 0xFFFC, 0xDDF0, 0xB447, 0xDE11, 0xF6D6, 0xFF79,
  0xFF58, 0xFF58, 0xFF37, 0xDDF0, 0xB489, 0xB4AA, 0x9BE7, 0xB4CB, 0x8346, 0x72E4, 0x6AA4, 0x41A4, 0x49E4, 0x41C3, 0x49E4, 0x5204,
  0x4A47, 0x41E5, 0x41E5, 0x4A26, 0x5247, 0x4A26, 0x4A26, 0x4A46, 0x5247, 0x4A06, 0x41E5, 0x4A26, 0x5A46, 0x5267, 0x5247, 0x5246,
  0x5267, 0x5247, 0x5267, 0x5267, 0x5247, 0x5247, 0x5A66, 0x9388, 0xBC29, 0xCCAA, 0xCCAA, 0xBC29, 0x9347, 0x6A86, 0x7AC6, 0x82E6,
  0x8306, 0x9B67, 0xB3E8, 0xABE8, 0x6A65, 0x2164, 0x29E6, 0x5B09, 0x530A, 0x5B09, 0x530A, 0x532A, 0x736A, 0x1903, 0x10E3, 0x18E3,
  0x10E3, 0x10E3, 0x10E3, 0x10C3, 0x10E3, 0x10E3, 0x10E3, 0x10E3, 0x10E3, 0x10E3, 0x10E3, 0x10E3, 0x10E3, 0x10E3, 0x10E3, 0x10E3,
  0x10E3, 0x1103, 0x10E3, 0x18E3, 0x3985, 0x5206, 0x6267, 0x7AE8, 0x72C8, 0x72C8, 0x8B49, 0x938A, 0x8329, 0x7B08, 0x8B49, 0x9369,
  0x8B48, 0x7AE7, 0x82E7, 0x8B27, 0x9B88, 0x18C3, 0x10E3, 0x10E3, 0x10E3, 0x10C3, 0x10C3, 0x10C3, 0x10C3, 0x10C3, 0x10C2, 0x10C2,
  0x10A2, 0x10A2, 0x1082, 0x10A2, 0x10A2, 0x10A2, 0x0882, 0x4A05, 0x39C5, 0x18E2, 0x7B07, 0xBCCD, 0xE653, 0xD56D, 0xE633, 0xD5AE,
  0xE675, 0xE676, 0xFF18, 0x5289, 0x49C3, 0xDDD1, 0xEEB7, 0xEE96, 0xF6B7, 0xF6D8, 0xF6F8, 0xF6F8, 0xFF7A, 0x632B, 0x08E3, 0x1965,
  0x1945, 0x1104, 0x4A46, 0xB4EC, 0xB4AB, 0xA48B, 0xA48B, 0xEEB6, 0xF719, 0xF6F8, 0xF6F9, 0xF719, 0xF6F8, 0xF6F8, 0xF6F9, 0xF6F8,
  0xF6F8, 0xF6F9, 0xF6F8, 0xF6F8, 0xF718, 0xF719, 0xF718, 0xF719, 0xF719, 0xF719, 0xF718, 0xF718, 0xF718, 0xF718, 0xF718, 0xF719,
  0xF719, 0xF719, 0xF719, 0xF719, 0xF719, 0xF719, 0xFF39, 0xCDF5, 0x83EF, 0xBD31, 0xF695, 0xF719, 0xF719, 0xF719, 0xF719, 0xF719,
  0xF719, 0xF719, 0xF719, 0xF719, 0xF719, 0xF719, 0xF719, 0xF719, 0xF719, 0xF719, 0xF719, 0xF719, 0xF718, 0xF718, 0xF718, 0xF718,
  0xF718, 0xF718, 0xF718, 0xF718, 0xF718, 0xF718, 0xF718, 0xF718, 0xF718, 0xF718, 0xF718, 0xF718, 0xF718, 0xF718, 0xF718, 0xF718,
  0xF718, 0xF718, 0xF718, 0xF718, 0xF718, 0xF718, 0xF718, 0xF718, 0xF718, 0xF718, 0xF718, 0xF718, 0xF718, 0xF718, 0xF718, 0xF718,
  0xF718, 0xF718, 0xF718, 0xF718, 0xFF18, 0xFF18, 0xFF18, 0xFF18, 0xFF18, 0xFF18, 0xFF18, 0xFF18, 0xFF17, 0xFF17, 0xFF17, 0xFF18,
  0xFF18, 0xFF17, 0xFF17, 0xFF17, 0xFF17, 0xFF17, 0xFF17, 0xFF17, 0xFF17, 0xFF17, 0xFF17, 0xFF17, 0xFF17, 0xFF17, 0xFF17, 0xFF17,
  0xFF17, 0xFF17, 0xFF17, 0xFF17, 0xFF17, 0xFF17, 0xFF17, 0xFF17, 0xFF17, 0xFF17, 0xFF17, 0xFF17, 0xFF17, 0xFF17, 0xFF17, 0xFF37,
  0xFF17, 0xFF17, 0xFF17, 0xFF37, 0xFF58, 0xFF17, 0xF6F6, 0xBD0E, 0xBD2E, 0xFF9A, 0xBD4F, 0x7B26, 0x7305, 0xC591, 0xF738, 0xB4CB,
  0x93E8, 0x6AC5, 0x6AC4, 0x7B05, 0x8367, 0x7B05, 0x9BE6, 0x8B65, 0xAC69, 0xFF16, 0xDDCF, 0xEEB5, 0xF6F6, 0xF6D5, 0xFF58, 0xFF38,
  0xFF58, 0xFF79, 0xEE94, 0x9BE7, 0x9BC7, 0x8344, 0x8B85, 0x9BE7, 0x8345, 0x7B04, 0x8345, 0x5224, 0x49E3, 0x5204, 0x49E4, 0x5204,
  0x5267, 0x4A06, 0x4A05, 0x41C5, 0x39A4, 0x39A4, 0x41E5, 0x4205, 0x5226, 0x5246, 0x4A68, 0x5247, 0x5246, 0x5267, 0x5247, 0x5247,
  0x5A88, 0x5A88, 0x5267, 0x5267, 0x5267, 0x4A47, 0x5A87, 0xB408, 0xB408, 0xB408, 0xA3A8, 0xA387, 0x8B27, 0x7AC6, 0x82E6, 0x7AC6,
  0x7AC6, 0x7AC6, 0x7AC6, 0x72A6, 0x5A24, 0x2144, 0x29E7, 0x5AE9, 0x52EA, 0x52E9, 0x5B0A, 0x534A, 0x736A, 0x1903, 0x10E3, 0x10E3,
  0x10E3, 0x10E3, 0x10E3, 0x10C3, 0x10E3, 0x10E3, 0x10E3, 0x10E3, 0x10E3, 0x10E3, 0x10E3, 0x10E3, 0x10E3, 0x10E3, 0x10E3, 0x10E3,
  0x10E3, 0x10E3, 0x18E3, 0x41A5, 0x5206, 0x5206, 0x6287, 0x6A87, 0x72C8, 0x7AE8, 0x7AE8, 0x7AE8, 0x7AE8, 0x8328, 0x7AC7, 0x5A05,
  0x51C4, 0x51E4, 0x51E4, 0x41A4, 0x7285, 0x41A4, 0x08C3, 0x10E3, 0x10E3, 0x10C3, 0x10E3, 0x10E3, 0x10C3, 0x10C3, 0x10C3, 0x10C2,
  0x10A2, 0x10A2, 0x10A2, 0x10A2, 0x10A2, 0x10A2, 0x0882, 0x4A25, 0x41E5, 0x18E3, 0x8347, 0xBCCD, 0xFF39, 0xF6B5, 0xE612, 0xEE32,
  0xF6B5, 0xF6F7, 0xFFFC, 0x5ACA, 0x4182, 0xDDF2, 0xF6F8, 0xEEB7, 0xDE76, 0xD656, 0xCE15, 0xB552, 0xACF1, 0x3A07, 0x08E3, 0x1944,
  0x1945, 0x1104, 0x5266, 0xBD0C, 0xB4CB, 0xACAB, 0xA48B, 0xF6B6, 0xF73A, 0xF719, 0xF719, 0xF719, 0xF719, 0xF719, 0xF719, 0xF719,
  0xF6F8, 0xF719, 0xF719, 0xF719, 0xF719, 0xF719, 0xF719, 0xF719, 0xF718, 0xF718, 0xF719, 0xF718, 0xF718, 0xF718, 0xF718, 0xF719,
  0xF719, 0xF719, 0xF719, 0xF719, 0xF719, 0xF719, 0xFF5A, 0xD636, 0x8C30, 0xBD31, 0xFEF6, 0xF719, 0xF719, 0xF719, 0xF719, 0xF719,
  0xF719, 0xF719, 0xF719, 0xF719, 0xF719, 0xF719, 0xF719, 0xF719, 0xF719, 0xF719, 0xF719, 0xF719, 0xF719, 0xF719, 0xF719, 0xF719,
  0xF719, 0xF718, 0xF718, 0xF718, 0xF718, 0xF718, 0xF718, 0xF718, 0xF718, 0xF718, 0xF718, 0xF718, 0xF718, 0xF718, 0xF718, 0xF718,
  0xF718, 0xF718, 0xF718, 0xF718, 0xF718, 0xF718, 0xF718, 0xF718, 0xF718, 0xFF18, 0xF718, 0xF718, 0xF718, 0xFF18, 0xFF18, 0xFF18,
  0xFF18, 0xFF18, 0xFF18, 0xFF18, 0xFF18, 0xFF18, 0xFF18, 0xFF17, 0xFF17, 0xFF17, 0xFF17, 0xFF17, 0xFF17, 0xFF17, 0xFF17, 0xFF17,
  0xFF17, 0xFF17, 0xFF17, 0xFF17, 0xFF17, 0xFF17, 0xFF17, 0xFF37, 0xFF37, 0xFF17, 0xFF17, 0xFF17, 0xFF17, 0xFF17, 0xFF17, 0xFF17,
  0xFF17, 0xFF17, 0xFF17, 0xFF17, 0xFF17, 0xFF17, 0xFF17, 0xFF17, 0xFF17, 0xFF17, 0xFF17, 0xFF17, 0xFF17, 0xFF17, 0xFF37, 0xFF37,
  0xFF37, 0xFF37, 0xFF17, 0xFF17, 0xFF16, 0xFF17, 0xFF38, 0xFF38, 0xFF38, 0xEE94, 0xACAB, 0x8BC8, 0xBD4E, 0xFF79, 0xBD4F, 0x7324,
  0x7325, 0x7305, 0x9C2A, 0xCDD2, 0xEED5, 0x9BC6, 0x9384, 0x8B44, 0x9BE6, 0xB469, 0xB447, 0xF716, 0xFF17, 0xE631, 0xFF58, 0xFF38,
  0xFF58, 0xFF37, 0xEE93, 0xBCEB, 0xA428, 0x8365, 0x7B03, 0xA448, 0x93C6, 0xA427, 0xA407, 0x72C4, 0x41C3, 0x4A04, 0x49E4, 0x5204,
  0x4A26, 0x4A05, 0x5247, 0x4A46, 0x4205, 0x4A26, 0x41E5, 0x5267, 0x5A88, 0x4A26, 0x4A47, 0x5246, 0x5246, 0x5247, 0x5267, 0x5A67,
  0x5A88, 0x5A88, 0x5267, 0x5267, 0x5267, 0x5267, 0x5A46, 0x9367, 0xB3E8, 0x9367, 0x8B07, 0x8307, 0x9368, 0xA388, 0x8307, 0x7AE6,
  0x72A6, 0x6A86, 0x6A86, 0x6A86, 0x5A25, 0x2144, 0x29E7, 0x5B09, 0x52EA, 0x632A, 0x634A, 0x532A, 0x7BAB, 0x1904, 0x10E3, 0x18E3,
  0x10E3, 0x10E3, 0x10E3, 0x10C3, 0x10E3, 0x10E3, 0x10E3, 0x10E3, 0x10E3, 0x10E3, 0x10E3, 0x10E3, 0x10E3, 0x10E3, 0x1103, 0x1103,
  0x1104, 0x18E3, 0x3985, 0x4A06, 0x49E6, 0x5A47, 0x6A87, 0x6267, 0x6A87, 0x6AA7, 0x6287, 0x5226, 0x41A4, 0x3964, 0x49C4, 0x6A45,
  0x7A65, 0x2902, 0x28C1, 0x4983, 0x3143, 0x10E3, 0x10E3, 0x10E3, 0x10E3, 0x10C3, 0x10E3, 0x10E3, 0x10C3, 0x10C3, 0x10C3, 0x10C3,
  0x10C2, 0x10A2, 0x10A2, 0x10A2, 0x10A2, 0x10A2, 0x0882, 0x5245, 0x4205, 0x1903, 0x7B27, 0xBCAC, 0xF6D6, 0xE696, 0xDE34, 0xCDB2,
  0xBD51, 0xA4D0, 0x9490, 0x31A6, 0x2143, 0x4A47, 0x31C6, 0x2965, 0x1904, 0x10C3, 0x0061, 0x0041, 0x0020, 0x08A2, 0x1944, 0x1924,
  0x1945, 0x1104, 0x4A46, 0xC4EC, 0xACAB, 0xA4AB, 0xA48B, 0xF6B6, 0xF73A, 0xF719, 0xF719, 0xF719, 0xF719, 0xF719, 0xF719, 0xF719,
  0xF719, 0xF719, 0xF719, 0xF719, 0xF719, 0xF719, 0xF719, 0xF719, 0xF719, 0xF719, 0xF719, 0xF719, 0xF719, 0xF719, 0xF719, 0xF719,
  0xF719, 0xF719, 0xF719, 0xF719, 0xF719, 0xF719, 0xFF5A, 0xD636, 0x9450, 0xBD31, 0xFEF6, 0xF718, 0xF719, 0xF719, 0xF719, 0xF719,
  0xF719, 0xF719, 0xF719, 0xF719, 0xF719, 0xF719, 0xF719, 0xF719, 0xF719, 0xF719, 0xF719, 0xF719, 0xF719, 0xF719, 0xF719, 0xF718,
  0xF719, 0xF718, 0xF718, 0xF718, 0xF718, 0xF718, 0xF718, 0xF718, 0xF718, 0xF718, 0xF718, 0xF718, 0xF718, 0xF718, 0xF718, 0xF718,
  0xF718, 0xF718, 0xF718, 0xF718, 0xF718, 0xF718, 0xF718, 0xF718, 0xFF18, 0xF718, 0xF718, 0xFF18, 0xFF18, 0xFF18, 0xFF18, 0xFF18,
  0xFF18, 0xFF18, 0xFF18, 0xFF18, 0xFF17, 0xFF17, 0xFF17, 0xFF17, 0xFF17, 0xFF17, 0xFF17, 0xFF17, 0xFF17, 0xFF17, 0xFF17, 0xFF17,
  0xFF17, 0xFF17, 0xFF17, 0xFF17, 0xFF17, 0xFF17, 0xFF17, 0xFF37, 0xFF38, 0xFF38, 0xFF38, 0xFF17, 0xFF17, 0xFF17, 0xFF17, 0xFF17,
  0xFF17, 0xFF17, 0xFF17, 0xFF17, 0xFF17, 0xFF17, 0xFF17, 0xFF17, 0xFF17, 0xFF17, 0xFF17, 0xFF17, 0xFF37, 0xFF37, 0xFF38, 0xFF37,
  0xFF37, 0xFF37, 0xFF17, 0xFF17, 0xFF17, 0xFF17, 0xFF17, 0xFF37, 0xFF79, 0xE633, 0x8B86, 0xE674, 0xFF58, 0xCDB1, 0x8345, 0x7B25,
  0x7325, 0x7B25, 0x7305, 0xBD0E, 0xD612, 0x8B85, 0x9BC6, 0xB469, 0xA407, 0xBCAA, 0xC50C, 0xA406, 0xEED5, 0xFF9A, 0xFF38, 0xFF58,
  0xFF38, 0xFF59, 0xFF58, 0xBCCB, 0x8B64, 0xBD0C, 0xD5CF, 0xF6F5, 0xCD6D, 0x8324, 0x9C08, 0xCD6D, 0x5A65, 0x41C3, 0x49E4, 0x41C3,
  0x4A26, 0x5267, 0x5A88, 0x5AA9, 0x5AA9, 0x5A88, 0x4205, 0x5226, 0x5246, 0x4A26, 0x4A26, 0x5246, 0x5246, 0x5A67, 0x5267, 0x5A67,
  0x5A87, 0x5267, 0x5A87, 0x5A88, 0x5267, 0x4A05, 0x5205, 0x72A6, 0x8B27, 0x8307, 0x8B27, 0x9B88, 0xB409, 0xABC8, 0xA3A8, 0xB3E8,
  0x8B27, 0x6AA6, 0x6A86, 0x6266, 0x6245, 0x2164, 0x29C6, 0x530A, 0x5B2A, 0x6B6A, 0x636A, 0x638B, 0x93EB, 0x1903, 0x1104, 0x1104,
  0x10E4, 0x10E3, 0x10E3, 0x10E3, 0x10E3, 0x10E3, 0x1103, 0x1903, 0x1903, 0x10E3, 0x10E3, 0x1104, 0x10E3, 0x1903, 0x1104, 0x1904,
  0x1104, 0x2944, 0x49C5, 0x41C6, 0x49C6, 0x5226, 0x5227, 0x5206, 0x5206, 0x5205, 0x49C5, 0x3164, 0x3143, 0x49C4, 0x61E4, 0x92E6,
  0xE4CC, 0xA389, 0x6A03, 0x59E3, 0x10C3, 0x10E3, 0x10E3, 0x10E3, 0x10E3, 0x10C3, 0x10E3, 0x10E3, 0x10E3, 0x10E3, 0x10C3, 0x10C3,
  0x10C3, 0x10C3, 0x10A2, 0x10A2, 0x10A2, 0x10C2, 0x0882, 0x5245, 0x4205, 0x18E3, 0x2944, 0x2943, 0x2103, 0x18E3, 0x10C2, 0x0881,
  0x0040, 0x0000, 0x0000, 0x08A2, 0x1103, 0x10C3, 0x2124, 0x2965, 0x39C6, 0x4227, 0x5AA9, 0x6B4B, 0x8C4F, 0x4228, 0x1104, 0x1944,
  0x1945, 0x0904, 0x4A25, 0xB4CC, 0xA48C, 0x9C8C, 0xA4AC, 0xF6B6, 0xF73A, 0xF719, 0xF719, 0xF719, 0xF719, 0xF719, 0xF719, 0xF719,
  0xF719, 0xF719, 0xF719, 0xF719, 0xF719, 0xF719, 0xF719, 0xF719, 0xF719, 0xF719, 0xF719, 0xF719, 0xF719, 0xF719, 0xF719, 0xF719,
  0xF719, 0xF719, 0xF719, 0xF719, 0xF719, 0xF719, 0xFF5A, 0xD636, 0x9450, 0xBD31, 0xFED6, 0xF719, 0xF719, 0xF719, 0xF719, 0xF719,
  0xF719, 0xF719, 0xF719, 0xF719, 0xF719, 0xF719, 0xF719, 0xF719, 0xF719, 0xF719, 0xF719, 0xF719, 0xF719, 0xF719, 0xF719, 0xF719,
  0xF718, 0xF718, 0xF718, 0xF718, 0xF718, 0xF718, 0xF718, 0xF718, 0xF718, 0xF718, 0xF718, 0xF718, 0xF718, 0xF718, 0xF718, 0xF718,
  0xF718, 0xF718, 0xF718, 0xF718, 0xF718, 0xF718, 0xF718, 0xFF18, 0xFF18, 0xF718, 0xF718, 0xFF18, 0xFF18, 0xFF18, 0xFF18, 0xFF18,
  0xFF18, 0xFF18, 0xFF18, 0xFF17, 0xFF17, 0xFF17, 0xFF17, 0xFF17, 0xFF17, 0xFF17, 0xFF17, 0xFF17, 0xFF17, 0xFF17, 0xFF17, 0xFF17,
  0xFF17, 0xFF17, 0xFF17, 0xFF17, 0xFF17, 0xFF17, 0xFF17, 0xFF17, 0xFF38, 0xFF38, 0xFF38, 0xFF38, 0xFF17, 0xFF17, 0xFF17, 0xFF17,
  0xFF17, 0xFF17, 0xFF17, 0xFF17, 0xFF17, 0xFF17, 0xFF17, 0xFF17, 0xFF17, 0xFF17, 0xFF17, 0xFF17, 0xFF17, 0xFF37, 0xFF37, 0xFF37,
  0xFF17, 0xFF38, 0xFF37, 0xFF37, 0xFF37, 0xFF17, 0xFF16, 0xB4EC, 0xA46A, 0xB4ED, 0x8BA7, 0xAC8B, 0x9C08, 0x7304, 0x7B66, 0x7305,
  0x7325, 0x7B25, 0x8BA7, 0xBD0D, 0xE654, 0xD5B0, 0x9385, 0xA407, 0xAC47, 0xFF99, 0xEEB4, 0xA3E5, 0xD5AF, 0xFF79, 0xFF38, 0xFF58,
  0xFF58, 0xF6D5, 0xCD6E, 0x9BC5, 0x8B84, 0xCDB0, 0xFFFE, 0xFF38, 0xA427, 0x7AC2, 0xBCEC, 0xA449, 0x5203, 0x41A3, 0x49E4, 0x49C4,
  0x5268, 0x5288, 0x5A88, 0x5AA8, 0x5AA8, 0x5AA8, 0x4A26, 0x41C5, 0x4A05, 0x4A06, 0x4A06, 0x5247, 0x5A67, 0x5226, 0x41E5, 0x39A4,
  0x41E5, 0x4A06, 0x4A06, 0x41E5, 0x39C4, 0x3163, 0x2943, 0x3163, 0x49E5, 0x5A25, 0x6266, 0x9B67, 0xABC8, 0x9367, 0x9B67, 0xA3C8,
  0xABE8, 0xABE8, 0x9B88, 0x72C6, 0x5205, 0x1944, 0x29C6, 0x5B2A, 0x636A, 0x634A, 0x6B8B, 0x840B, 0x940B, 0x1903, 0x1104, 0x1904,
  0x1104, 0x10E3, 0x10E3, 0x10E3, 0x10E4, 0x1104, 0x1904, 0x1904, 0x1904, 0x1103, 0x1103, 0x1904, 0x1904, 0x1904, 0x1904, 0x1904,
  0x1904, 0x3984, 0x4184, 0x41C5, 0x41C5, 0x49E6, 0x49C5, 0x41A5, 0x3984, 0x2903, 0x3123, 0x6205, 0x8AA6, 0x61C4, 0x3902, 0x9B27,
  0xF612, 0xBBC9, 0x6A24, 0x2102, 0x10E3, 0x10E3, 0x10E3, 0x10E3, 0x10E3, 0x10C3, 0x10E3, 0x10E3, 0x10E3, 0x10E3, 0x10E3, 0x10C3,
  0x10C3, 0x10C2, 0x10A2, 0x10A2, 0x10C2, 0x10C2, 0x10A2, 0x3184, 0x2144, 0x10E3, 0x10E3, 0x18E3, 0x41E6, 0x5268, 0x6B2B, 0x7BAC,
  0x83ED, 0x942E, 0xACF0, 0x4207, 0x0860, 0x8BED, 0xE6B7, 0xEEB7, 0xF6F8, 0xF718, 0xFF39, 0xFF39, 0xFFDB, 0x6B4C, 0x08C3, 0x1945,
  0x1945, 0x0904, 0x5266, 0xACCC, 0x9CAC, 0x9C8C, 0xB4CC, 0xF6D6, 0xF71A, 0xF719, 0xF719, 0xF719, 0xF719, 0xF719, 0xF719, 0xF719,
  0xF719, 0xF719, 0xF719, 0xF719, 0xF719, 0xF719, 0xF719, 0xF719, 0xF719, 0xF719, 0xF719, 0xF719, 0xF719, 0xF719, 0xF719, 0xF719,
  0xF719, 0xF719, 0xF719, 0xF719, 0xF719, 0xF719, 0xFF5A, 0xD636, 0x8C0F, 0xB511, 0xFED6, 0xF719, 0xF719, 0xF719, 0xF719, 0xF719,
  0xF719, 0xF719, 0xF719, 0xF719, 0xF719, 0xF719, 0xF719, 0xF719, 0xF719, 0xF719, 0xF719, 0xF719, 0xF719, 0xF719, 0xF719, 0xF719,
  0xF718, 0xF718, 0xF718, 0xF718, 0xF718, 0xF718, 0xF718, 0xF718, 0xF718, 0xF718, 0xFF18, 0xFF18, 0xF718, 0xF718, 0xF718, 0xF718,
  0xF718, 0xF718, 0xF718, 0xF718, 0xF718, 0xF718, 0xF718, 0xF718, 0xF718, 0xF718, 0xF718, 0xFF18, 0xFF18, 0xFF18, 0xFF18, 0xFF18,
  0xFF18, 0xFF18, 0xFF18, 0xFF17, 0xFF17, 0xFF17, 0xFF17, 0xFF17, 0xFF17, 0xFF17, 0xFF17, 0xFF17, 0xFF17, 0xFF17, 0xFF17, 0xFF17,
  0xFF17, 0xFF17, 0xFF17, 0xFF38, 0xFF38, 0xFF17, 0xFF37, 0xFF38, 0xFF38, 0xFF38, 0xFF37, 0xFF17, 0xFF37, 0xFF17, 0xFF17, 0xFF17,
  0xFF17, 0xFF17, 0xFF17, 0xFF17, 0xFF17, 0xFF17, 0xFF17, 0xFF17, 0xFF17, 0xFF17, 0xFF17, 0xFF17, 0xFF17, 0xFF37, 0xFF17, 0xFF17,
  0xFF17, 0xFF37, 0xFF38, 0xFF38, 0xFF37, 0xFF38, 0xFF38, 0xA48A, 0x7B45, 0x8345, 0x8345, 0xAC8B, 0xBD0D, 0xAC8B, 0x72E4, 0x8387,
  0x93C7, 0x7B25, 0x93E8, 0xDE33, 0xFFDB, 0xE653, 0x9BA5, 0xA406, 0xBCCA, 0xD5F1, 0xF6F6, 0xFF37, 0xFF17, 0xFF38, 0xFF38, 0xFF38,
  0xFF38, 0xFF17, 0xB48A, 0xB4CB, 0xF738, 0xFF79, 0xFF79, 0xCD6F, 0x9385, 0xB4AA, 0xAC49, 0x8345, 0xCDF3, 0x5A66, 0x49E4, 0x51E4,
  0x5267, 0x5267, 0x5A88, 0x5AA8, 0x5AA8, 0x5A88, 0x4A06, 0x3183, 0x3183, 0x31A4, 0x39C4, 0x41E5, 0x4A05, 0x49E5, 0x4A05, 0x41E5,
  0x39C4, 0x41E5, 0x41E5, 0x39C4, 0x41C5, 0x41E5, 0x41E5, 0x6286, 0x8327, 0x8B47, 0x7AE6, 0x9B87, 0x9347, 0x5A04, 0x7285, 0x7AC6,
  0xA3A8, 0xB429, 0x7AE7, 0x6245, 0x2943, 0x1965, 0x3207, 0x6B8B, 0x6BAB, 0x6B8A, 0x73CB, 0x842C, 0x942C, 0x1903, 0x1104, 0x1904,
  0x1104, 0x1104, 0x10E3, 0x10E3, 0x1104, 0x1904, 0x1904, 0x1904, 0x1904, 0x1904, 0x1904, 0x1904, 0x1904, 0x1904, 0x1904, 0x1124,
  0x1903, 0x3143, 0x3964, 0x41A5, 0x41A5, 0x41A4, 0x41A4, 0x3143, 0x18C2, 0x1081, 0x3943, 0xAB47, 0x9B07, 0x8AE7, 0xD449, 0xDC49,
  0xE52E, 0xE4EC, 0x6266, 0x00A2, 0x1903, 0x10E3, 0x10E3, 0x10E3, 0x10E3, 0x10C3, 0x10E3, 0x1103, 0x10E3, 0x10E3, 0x10E3, 0x10C3,
  0x10C3, 0x10C3, 0x10A2, 0x10A2, 0x10C2, 0x10C2, 0x10C2, 0x1103, 0x10E3, 0x10C3, 0x2143, 0xA44C, 0xFF58, 0xF6D5, 0xF6B5, 0xFEF7,
  0xFF18, 0xF6F8, 0xFF58, 0x5AC9, 0x20E1, 0xD5B1, 0xFEF8, 0xEED7, 0xF6D8, 0xEED8, 0xEED8, 0xEEB7, 0xFF39, 0x630B, 0x08E3, 0x2165,
  0x1965, 0x1104, 0x5287, 0xA4AC, 0x9C8C, 0x946C, 0xACAB, 0xF6D6, 0xF71A, 0xF719, 0xF719, 0xF719, 0xF719, 0xF719, 0xF719, 0xF719,
  0xF719, 0xF719, 0xF719, 0xF719, 0xF719, 0xF719, 0xF719, 0xF719, 0xF719, 0xF719, 0xF719, 0xF719, 0xF719, 0xF719, 0xF719, 0xF719,
  0xF719, 0xF719, 0xF719, 0xF719, 0xF719, 0xF719, 0xFF5A, 0xD616, 0x8BED, 0xB511, 0xF6D6, 0xF718, 0xF719, 0xF719, 0xF719, 0xF719,
  0xF719, 0xF719, 0xF719, 0xF719, 0xF719, 0xF719, 0xF719, 0xF719, 0xF719, 0xF719, 0xF719, 0xF719, 0xF719, 0xF718, 0xF718, 0xF718,
  0xFF18, 0xFF18, 0xF718, 0xF718, 0xF718, 0xF718, 0xF718, 0xFF18, 0xF718, 0xF718, 0xFF18, 0xFF18, 0xFF18, 0xFF18, 0xF718, 0xF718,
  0xF718, 0xF718, 0xFF18, 0xFF18, 0xF718, 0xF718, 0xF718, 0xF718, 0xFF18, 0xFF18, 0xFF18, 0xFF18, 0xFF18, 0xFF18, 0xFF18, 0xFF18,
  0xFF18, 0xFF18, 0xFF18, 0xFF17, 0xFF17, 0xFF17, 0xFF17, 0xFF17, 0xFF17, 0xFF17, 0xFF17, 0xFF17, 0xFF17, 0xFF17, 0xFF17, 0xFF17,
  0xFF17, 0xFF17, 0xFF17, 0xFF37, 0xFF38, 0xFF38, 0xFF37, 0xFF37, 0xFF37, 0xFF37, 0xFF38, 0xFF38, 0xFF38, 0xFF37, 0xFF37, 0xFF37,
  0xFF17, 0xFF17, 0xFF17, 0xFF17, 0xFF17, 0xFF17, 0xFF17, 0xFF37, 0xFF17, 0xFF17, 0xFF17, 0xFF17, 0xFF17, 0xFF17, 0xFEF6, 0xFEF6,
  0xFF16, 0xFF16, 0xFF17, 0xFF17, 0xFF38, 0xFF38, 0xACAA, 0xB4EB, 0x8B86, 0xD5D1, 0xE695, 0xDDF1, 0xFF58, 0xDE33, 0xC56F, 0xEEB5,
  0xC52D, 0xA428, 0x72C2, 0x93A6, 0xFF17, 0xF738, 0xEEB5, 0xD56D, 0xD5D0, 0x9BA4, 0xDDF0, 0xFF79, 0xFF38, 0xFF38, 0xFF38, 0xFF37,
  0xFF38, 0xF6F5, 0xD5CF, 0xF6D5, 0xFF99, 0xFF58, 0xE652, 0xA3E6, 0x93A5, 0xF6F6, 0xFF58, 0xF717, 0xFF9A, 0x8BAA, 0x49A3, 0x49E4,
  0x4A26, 0x41E5, 0x41C5, 0x4A06, 0x41E5, 0x41C5, 0x3184, 0x3183, 0x31A4, 0x31A4, 0x39A4, 0x31A4, 0x39A4, 0x3183, 0x3183, 0x41E5,
  0x4A26, 0x5267, 0x5AA8, 0x5A88, 0x5A88, 0x5A87, 0x9BA9, 0xD4EB, 0xD4EB, 0xD4EA, 0xD4AA, 0xCCAA, 0xB44A, 0x72C6, 0xB449, 0xCCAA,
  0xCCCA, 0xC489, 0x5A25, 0x3123, 0x08A2, 0x1965, 0x3A47, 0x7BCB, 0x6B8B, 0x7BCB, 0x7BEC, 0x842C, 0x942C, 0x1903, 0x1104, 0x1904,
  0x1104, 0x1904, 0x10E3, 0x10E3, 0x1904, 0x1904, 0x1904, 0x1904, 0x1904, 0x1904, 0x1904, 0x1904, 0x1904, 0x1904, 0x1924, 0x1924,
  0x1103, 0x2923, 0x3164, 0x3143, 0x3964, 0x3143, 0x18C2, 0x20E2, 0x3123, 0x3123, 0x6A25, 0xBB88, 0xAB68, 0xE4ED, 0xB48F, 0xA347,
  0xED2D, 0xD570, 0x39A5, 0x0082, 0x1903, 0x1103, 0x10E3, 0x1103, 0x10E3, 0x10E3, 0x1103, 0x1103, 0x10E3, 0x10E3, 0x10E3, 0x10E3,
  0x10C3, 0x10C3, 0x10A2, 0x10A2, 0x10C2, 0x10C3, 0x10C3, 0x1924, 0x1903, 0x10C2, 0x6AA6, 0xCD4E, 0xEE96, 0xCD6F, 0xB489, 0xCD6E,
  0xEEB7, 0xE676, 0xF6D7, 0x52A9, 0x5224, 0xDDD1, 0xEED8, 0xEEB7, 0xEED7, 0xEED8, 0xF6D8, 0xEED8, 0xFF5A, 0x632B, 0x08E3, 0x2165,
  0x1965, 0x1124, 0x4A46, 0xACAB, 0xA48B, 0x948C, 0xB4CC, 0xF6D6, 0xF71A, 0xF719, 0xF719, 0xF719, 0xF719, 0xF719, 0xF719, 0xF719,
  0xF719, 0xF719, 0xF719, 0xF719, 0xF719, 0xF719, 0xF719, 0xF719, 0xF719, 0xF719, 0xF719, 0xF719, 0xF719, 0xF719, 0xF719, 0xF719,
  0xF719, 0xF719, 0xF719, 0xF719, 0xF719, 0xF719, 0xFF5A, 0xD636, 0x8BCD, 0xB510, 0xF6D6, 0xF719, 0xF719, 0xF719, 0xF719, 0xF719,
  0xF719, 0xF719, 0xF719, 0xF719, 0xF719, 0xF719, 0xF719, 0xF719, 0xF719, 0xF718, 0xF718, 0xF718, 0xF718, 0xFF18, 0xF718, 0xF718,
  0xFF18, 0xF718, 0xF718, 0xF718, 0xF718, 0xF718, 0xF6F8, 0xF6F7, 0xF6F8, 0xF718, 0xFF18, 0xFF18, 0xFF18, 0xFF18, 0xFF18, 0xF718,
  0xF718, 0xF718, 0xFF18, 0xFF18, 0xFF18, 0xFF18, 0xFF18, 0xFF18, 0xFF18, 0xFF18, 0xFF18, 0xFF18, 0xFF18, 0xFF18, 0xFF18, 0xFF18,
  0xFF18, 0xFF18, 0xFF18, 0xFF17, 0xFF17, 0xFF17, 0xFF17, 0xFF17, 0xFF17, 0xFF17, 0xFF17, 0xFF17, 0xFF17, 0xFF17, 0xFF17, 0xFF17,
  0xFF17, 0xFF17, 0xFEF6, 0xFEF6, 0xFF17, 0xFF17, 0xFF17, 0xFF17, 0xFF17, 0xFF17, 0xFF38, 0xFF58, 0xFF58, 0xFF38, 0xFF38, 0xFF38,
  0xFF37, 0xFF17, 0xFF17, 0xFF17, 0xFF17, 0xFF17, 0xFF37, 0xFF38, 0xFF38, 0xFF37, 0xFF37, 0xFF17, 0xFF37, 0xFEF6, 0xFED5, 0xFED5,
  0xFEF6, 0xFEF6, 0xFEF6, 0xFF16, 0xFF37, 0xB4EC, 0x8343, 0xEE94, 0xB4ED, 0xE695, 0xFFBA, 0xFF58, 0xFF37, 0xF6B5, 0xDDF0, 0xACAB,
  0x7B25, 0x8B65, 0xBD2D, 0xDDF1, 0xFF17, 0xFF7A, 0xFF38, 0xF717, 0xCD8E, 0xC52C, 0xFF37, 0xFF38, 0xFF38, 0xFF58, 0xFF38, 0xFF58,
  0xF6F6, 0xDE10, 0xFF9A, 0xFF7A, 0xF6F6, 0xC52C, 0xD58D, 0x9BA4, 0xBCEB, 0xFF59, 0xFF79, 0xBCEB, 0x9BE6, 0xA409, 0x49C4, 0x5204,
  0x4A46, 0x4A06, 0x39C5, 0x41C5, 0x41C5, 0x41C5, 0x39C5, 0x4206, 0x4A46, 0x5AA8, 0x62C9, 0x5AA8, 0x5247, 0x39C5, 0x4A06, 0x5288,
  0x5AA9, 0x5A88, 0x5267, 0x5267, 0x5267, 0x4A26, 0x7AE7, 0xC48A, 0xB44A, 0xBC49, 0xC469, 0xBC49, 0xD4CB, 0xAC2A, 0x72A6, 0xC46A,
  0xBC6A, 0xBC49, 0xBC49, 0x9347, 0x3984, 0x1965, 0x3227, 0x73AB, 0x73CB, 0x8BEB, 0x842C, 0x8C8D, 0xA48D, 0x10E3, 0x1104, 0x1904,
  0x1104, 0x1104, 0x10E3, 0x10E3, 0x1904, 0x1904, 0x1924, 0x1904, 0x1904, 0x1904, 0x1904, 0x1904, 0x1904, 0x1904, 0x1124, 0x1924,
  0x1924, 0x18E3, 0x3143, 0x3123, 0x2903, 0x1081, 0x2902, 0x2902, 0x20E2, 0x2902, 0x9B07, 0xC3E9, 0xD429, 0xED0D, 0xCE15, 0xB3E9,
  0xDC6A, 0xED0D, 0xBC8D, 0x2985, 0x08C3, 0x1904, 0x10E3, 0x1903, 0x1904, 0x10E3, 0x1103, 0x1103, 0x1104, 0x1103, 0x10E3, 0x10E3,
  0x10C3, 0x10C3, 0x10A2, 0x10A2, 0x10C3, 0x10C3, 0x10C3, 0x1924, 0x1124, 0x2943, 0x8B87, 0xC52E, 0xD5D2, 0xB489, 0xC50B, 0xE654,
  0xEE96, 0xD5B1, 0xF6D7, 0x52CA, 0x5244, 0xE613, 0xF71A, 0xEED7, 0xEEB7, 0xEE96, 0xF6B7, 0xEED7, 0xFF5A, 0x632B, 0x08E3, 0x2165,
  0x1965, 0x1124, 0x4A67, 0xACAC, 0xA48C, 0x9CAC, 0xACCC, 0xF6D6, 0xF73A, 0xF719, 0xF719, 0xF719, 0xF719, 0xF719, 0xF719, 0xF719,
  0xF719, 0xF719, 0xF719, 0xF719, 0xF719, 0xF719, 0xF719, 0xF719, 0xF719, 0xF719, 0xF719, 0xF719, 0xF719, 0xF719, 0xF719, 0xF719,
  0xF719, 0xF719, 0xF719, 0xF719, 0xF719, 0xF719, 0xFF5A, 0xD615, 0x8C0E, 0xB4F1, 0xF6B6, 0xF719, 0xF719, 0xF719, 0xF719, 0xF719,
  0xF719, 0xF719, 0xF719, 0xF719, 0xF719, 0xF719, 0xF719, 0xF718, 0xF718, 0xF718, 0xF718, 0xF718, 0xF718, 0xFF18, 0xF718, 0xF718,
  0xFF18, 0xFF18, 0xF6F8, 0xF6F8, 0xF718, 0xF718, 0xF6F7, 0xF6D7, 0xF6D7, 0xFEF7, 0xFF18, 0xFF18, 0xFF18, 0xFEF7, 0xFEF7, 0xFF18,
  0xFF17, 0xFEF7, 0xFF18, 0xFF18, 0xFF18, 0xF6F7, 0xFEF7, 0xFF17, 0xF718, 0xFF18, 0xFF17, 0xFF17, 0xFF17, 0xFF18, 0xFF17, 0xFF18,
  0xFF18, 0xFF18, 0xFF17, 0xFF17, 0xFF17, 0xFF17, 0xFF17, 0xFF17, 0xFF17, 0xFF17, 0xFF17, 0xFF17, 0xFF17, 0xFF17, 0xFF17, 0xFF17,
  0xFF17, 0xFEF6, 0xFED6, 0xFED6, 0xFED6, 0xFEF6, 0xFF16, 0xFF16, 0xFF16, 0xFF16, 0xFF17, 0xFF37, 0xFF38, 0xFF38, 0xFF58, 0xFF59,
  0xFF38, 0xFF37, 0xFF17, 0xFF17, 0xFF17, 0xFF17, 0xFF17, 0xFF38, 0xFF38, 0xFF38, 0xFF17, 0xFF17, 0xFF17, 0xFEF6, 0xFED6, 0xFED5,
  0xFED5, 0xFEF6, 0xFEF6, 0xFEF6, 0xFEF6, 0xA46A, 0xC56F, 0xFF17, 0xFEF6, 0xFF17, 0xFF37, 0xFF38, 0xF6F6, 0xCD4D, 0xC50D, 0x8345,
  0x93C8, 0xC56E, 0xE653, 0xE611, 0xEE94, 0xFF59, 0xFF58, 0xFF58, 0xFF17, 0xFF58, 0xFF58, 0xFF38, 0xFF38, 0xFF58, 0xFF58, 0xFF58,
  0xFF37, 0xFF37, 0xFF59, 0xFF9A, 0xDE32, 0xAC68, 0xEE93, 0xCD4D, 0xFF17, 0xFF9A, 0xDE12, 0x9384, 0xC52C, 0xFF9A, 0x8BCB, 0x51E4,
  0x5287, 0x5288, 0x5288, 0x5267, 0x41E5, 0x31A4, 0x4A26, 0x5AA8, 0x5AC8, 0x5287, 0x5A87, 0x5A67, 0x41C5, 0x41E5, 0x5267, 0x5268,
  0x5267, 0x5267, 0x5267, 0x5267, 0x5267, 0x4A47, 0x62A7, 0xC46A, 0xC48A, 0xC46A, 0xC449, 0xBC4A, 0xC46A, 0xB409, 0x7286, 0x9367,
  0xA3A8, 0xA3A8, 0xABC8, 0xABE9, 0x6A86, 0x1965, 0x3248, 0x7C0C, 0x8C4C, 0x9C2B, 0x946C, 0x94AD, 0xAC8D, 0x1904, 0x1104, 0x1904,
  0x1104, 0x1104, 0x10E3, 0x10E3, 0x1904, 0x1924, 0x1924, 0x1904, 0x1904, 0x1904, 0x1904, 0x1924, 0x1904, 0x1904, 0x1924, 0x1924,
  0x1924, 0x1124, 0x18E3, 0x18C2, 0x1081, 0x4143, 0xA2E7, 0x8AA6, 0x3943, 0x20C1, 0xA327, 0xD46B, 0xECEC, 0xF52D, 0xF56E, 0xF52D,
  0xDC4A, 0xD3A7, 0xEC49, 0xED90, 0x31A5, 0x10E3, 0x1904, 0x1904, 0x1104, 0x18E3, 0x1103, 0x1103, 0x1904, 0x1904, 0x1103, 0x10E3,
  0x10E3, 0x10E3, 0x10A2, 0x10A2, 0x10C3, 0x10C3, 0x10A2, 0x29A5, 0x31E5, 0x2964, 0x93A8, 0xC4AB, 0xB4AB, 0xBCEC, 0xEE54, 0xF718,
  0xC54E, 0xBCEC, 0xFF18, 0x5AEA, 0x5244, 0xE613, 0xE655, 0xCD90, 0xEE96, 0xDDB0, 0xD56F, 0xE654, 0xFF59, 0x630B, 0x08E3, 0x2165,
  0x1965, 0x1125, 0x5287, 0xACAC, 0x9C8C, 0xA4AC, 0xACAC, 0xF6B6, 0xF719, 0xF719, 0xF719, 0xF719, 0xF719, 0xF719, 0xF719, 0xF719,
  0xF719, 0xF719, 0xF719, 0xF719, 0xF719, 0xF719, 0xF719, 0xF719, 0xF719, 0xF719, 0xF719, 0xF719, 0xF719, 0xF719, 0xF719, 0xF719,
  0xF719, 0xF719, 0xF719, 0xF719, 0xF719, 0xF719, 0xFF5A, 0xCE15, 0x8BED, 0xACF0, 0xF6B6, 0xF719, 0xF719, 0xF719, 0xF719, 0xF719,
  0xF719, 0xF719, 0xF719, 0xF718, 0xF718, 0xF718, 0xF718, 0xF6F8, 0xF6F8, 0xF6F8, 0xF6F8, 0xF6F8, 0xF6F8, 0xF6F7, 0xF6F8, 0xF6F7,
  0xF6F8, 0xF6F8, 0xF6D7, 0xF6D7, 0xF6F7, 0xF6F8, 0xF6D7, 0xF6D7, 0xF6D7, 0xFED7, 0xFEF7, 0xFEF7, 0xFEF7, 0xF6D7, 0xF6D7, 0xFEF7,
  0xFEF7, 0xFEF7, 0xFEF7, 0xF6D7, 0xF6D7, 0xF6D7, 0xFEF7, 0xFEF7, 0xFF18, 0xFF17, 0xFEF7, 0xFF17, 0xFF17, 0xFF17, 0xFF17, 0xFF18,
  0xFF17, 0xFF17, 0xFF17, 0xFF17, 0xFEF7, 0xFF17, 0xFF17, 0xFF17, 0xFF17, 0xFF17, 0xFF17, 0xFF17, 0xFF17, 0xFF17, 0xFF17, 0xFEF7,
  0xFEF6, 0xFED6, 0xFED6, 0xFED6, 0xFED6, 0xFED6, 0xFEF6, 0xFEF6, 0xFF16, 0xFF16, 0xFF16, 0xFF17, 0xFF17, 0xFF17, 0xFF37, 0xFF38,
  0xFF58, 0xFF38, 0xFF37, 0xFF17, 0xFEF6, 0xFF17, 0xFF37, 0xFF17, 0xFF17, 0xFF17, 0xFF37, 0xFEF6, 0xFEF6, 0xFED6, 0xFED5, 0xFED5,
  0xFED5, 0xFEF6, 0xFEF6, 0xFEF6, 0xFEF6, 0xFEF6, 0xFF37, 0xFF16, 0xFF16, 0xFF17, 0xFF17, 0xFF16, 0xFF37, 0xDE11, 0x8B86, 0x8365,
  0xE694, 0xEEB5, 0x9BE6, 0xBCCA, 0xE631, 0xFF59, 0xFF38, 0xFF37, 0xFF38, 0xFF38, 0xFF38, 0xFF58, 0xFF38, 0xFF58, 0xFF58, 0xFF58,
  0xFF59, 0xFF59, 0xFF58, 0xFF79, 0xE674, 0xE674, 0xFF9A, 0xFF58, 0xFF58, 0xFF38, 0xC52D, 0xDE11, 0xFF58, 0xFFDB, 0xDE55, 0x5203,
  0x4A26, 0x4A26, 0x5288, 0x4206, 0x2143, 0x31A4, 0x4205, 0x5288, 0x5288, 0x3A05, 0x41E4, 0x41E5, 0x41E5, 0x4A06, 0x5A88, 0x5267,
  0x5267, 0x5267, 0x5267, 0x5267, 0x5267, 0x4A47, 0x8348, 0xCCAA, 0xBC49, 0xC46A, 0xC46A, 0xC46A, 0xCCAB, 0xBC6A, 0xA3C9, 0xA3C8,
  0xBC4A, 0xBC49, 0xB409, 0xB409, 0x7AE6, 0x1945, 0x3A68, 0x946C, 0x8C4C, 0x942B, 0x946D, 0x94AD, 0xACAD, 0x1904, 0x1124, 0x1904,
  0x1904, 0x1904, 0x10E3, 0x10E3, 0x1904, 0x1904, 0x1924, 0x1924, 0x1904, 0x1904, 0x1904, 0x1904, 0x1904, 0x1924, 0x1924, 0x1924,
  0x1924, 0x1924, 0x1103, 0x20C2, 0x20A2, 0x61E4, 0xBB47, 0x7A65, 0xA307, 0x3943, 0x7A86, 0xCC0A, 0xC3E9, 0xEC6A, 0xF52D, 0xF52D,
  0xC3A8, 0xB327, 0xBB47, 0xB368, 0x2965, 0x10E4, 0x1904, 0x1904, 0x1904, 0x10E3, 0x1904, 0x1904, 0x1904, 0x1904, 0x1904, 0x1103,
  0x10E3, 0x10E3, 0x10A2, 0x10A2, 0x10C3, 0x10C3, 0x08A2, 0x4226, 0x3A05, 0x2144, 0x9388, 0xB429, 0xB48A, 0xAC69, 0xBCEC, 0xCD70,
  0xB4AB, 0xD5F4, 0xFF9B, 0x5AEB, 0x5244, 0xE5F2, 0xCDB0, 0xB4AB, 0xCD6F, 0xDDF2, 0xDE13, 0xEE96, 0xFF39, 0x632B, 0x08E4, 0x2165,
  0x1965, 0x1125, 0x5267, 0xA48C, 0x9C8C, 0x9C8C, 0xA48C, 0xEEB6, 0xF719, 0xF719, 0xF719, 0xF719, 0xF719, 0xF719, 0xF719, 0xF719,
  0xF719, 0xF719, 0xF719, 0xF719, 0xF719, 0xF719, 0xF719, 0xF719, 0xF719, 0xF719, 0xF719, 0xF719, 0xF719, 0xF719, 0xF719, 0xF719,
  0xF719, 0xF719, 0xF719, 0xF719, 0xF719, 0xF719, 0xFF5A, 0xD636, 0x8BCC, 0xB4F0, 0xF6D6, 0xF719, 0xF719, 0xF719, 0xF718, 0xF718,
  0xF718, 0xF6F8, 0xF6F8, 0xF6F8, 0xF6F8, 0xF6F8, 0xF6D8, 0xF6D8, 0xF6D8, 0xF6D8, 0xF6D8, 0xF6D8, 0xF6D8, 0xF6D8, 0xF6D8, 0xF6D8,
  0xF6D8, 0xF6D8, 0xF6D8, 0xF6D7, 0xF6D7, 0xF6D7, 0xF6D7, 0xF6D7, 0xF6D7, 0xF6D7, 0xF6D7, 0xF6D7, 0xF6D7, 0xF6D7, 0xF6D7, 0xF6D7,
  0xF6D7, 0xF6D7, 0xF6D7, 0xF6D7, 0xF6D7, 0xF6D7, 0xF6F7, 0xF6F7, 0xFEF7, 0xF6D7, 0xF6D7, 0xF6D7, 0xF6D7, 0xF6D7, 0xFEF7, 0xFF17,
  0xFF17, 0xFEF7, 0xFEF7, 0xFEF7, 0xFEF7, 0xFEF7, 0xFF17, 0xFF17, 0xFF18, 0xFF18, 0xFF17, 0xFF17, 0xFF17, 0xFF17, 0xFF17, 0xFEF6,
  0xFED6, 0xFED6, 0xFEF6, 0xFEF7, 0xFF17, 0xFEF6, 0xFF17, 0xFF17, 0xFF17, 0xFF17, 0xFF37, 0xFF38, 0xFF38, 0xFF38, 0xFF37, 0xFF37,
  0xFF17, 0xFF17, 0xFF17, 0xFEF6, 0xFEF7, 0xFF37, 0xFF37, 0xFEF6, 0xFED5, 0xFEF6, 0xFF17, 0xFF16, 0xFEF6, 0xFED6, 0xFED6, 0xFED5,
  0xFED5, 0xFED5, 0xFED5, 0xFED5, 0xFED5, 0xFEF6, 0xFEF6, 0xFEF6, 0xFEF6, 0xFF16, 0xFEF6, 0xFEF6, 0xF6B5, 0xC56F, 0x93A6, 0xA428,
  0xB4CB, 0xF6F6, 0xCD8E, 0xEE73, 0xFF58, 0xFF37, 0xFF37, 0xFF37, 0xFF37, 0xFF38, 0xFF58, 0xFF58, 0xFF38, 0xFF58, 0xFF58, 0xFF58,
  0xFF58, 0xFF59, 0xFF59, 0xFF58, 0xFF79, 0xFF79, 0xFF58, 0xFF58, 0xFF58, 0xFF59, 0xFF9A, 0xFF9B, 0xFF59, 0xFF59, 0xFF58, 0x7B48,
  0x41E5, 0x41C5, 0x4206, 0x5247, 0x39E5, 0x3A05, 0x3A05, 0x4226, 0x4206, 0x31A4, 0x4A46, 0x4A06, 0x49E5, 0x4A06, 0x4A26, 0x5246,
  0x5246, 0x5247, 0x5267, 0x5267, 0x5267, 0x4A27, 0x6AA7, 0xCC8A, 0xC48A, 0xBC4A, 0xC46A, 0xC48A, 0xCCAB, 0xBC6B, 0xC48A, 0xCC8A,
  0xCCAA, 0xCC8A, 0xC46A, 0xC46A, 0x8306, 0x1945, 0x3A67, 0x944C, 0x8C4C, 0x9C4B, 0x8C6D, 0x94CE, 0xACAD, 0x1104, 0x1924, 0x1924,
  0x1924, 0x1904, 0x10E3, 0x10E3, 0x1904, 0x1904, 0x1924, 0x1924, 0x1904, 0x1904, 0x1904, 0x1924, 0x1904, 0x1924, 0x1924, 0x1924,
  0x1924, 0x1924, 0x1903, 0x20C2, 0x18A1, 0x3102, 0xC388, 0x92E6, 0xAB68, 0xAB48, 0x9B07, 0xB3A9, 0xB369, 0xDC09, 0xCBE9, 0xD409,
  0xCC4A, 0xB3A9, 0xCCAC, 0x4A06, 0x00A3, 0x1924, 0x1904, 0x1904, 0x1904, 0x10E3, 0x1904, 0x1104, 0x1104, 0x1904, 0x1104, 0x1104,
  0x10E3, 0x10E3, 0x10A2, 0x10A2, 0x10C3, 0x10C3, 0x08A2, 0x4205, 0x39E5, 0x2123, 0x8347, 0xAC29, 0xB48A, 0xAC8A, 0xACAD, 0xAC8C,
  0xB4CC, 0xBCEC, 0xE611, 0x52A9, 0x5A64, 0xE613, 0xDE54, 0xA44A, 0xAC6A, 0xD5D1, 0xEED7, 0xD5F3, 0xFF59, 0x632B, 0x08E3, 0x1985,
  0x1965, 0x1125, 0x4A46, 0xA4AC, 0x948D, 0x9C8C, 0xACAC, 0xF6B6, 0xF71A, 0xF6F9, 0xF719, 0xF719, 0xF719, 0xF719, 0xF719, 0xF719,
  0xF719, 0xF719, 0xF719, 0xF719, 0xF719, 0xF719, 0xF719, 0xF719, 0xF719, 0xF719, 0xF719, 0xF719, 0xF719, 0xF719, 0xF719, 0xF719,
  0xF719, 0xF719, 0xF719, 0xF719, 0xF719, 0xF719, 0xFF5A, 0xD636, 0x8BCD, 0xB4F1, 0xF6D6, 0xF718, 0xF719, 0xF6F8, 0xF6F8, 0xF6F8,
  0xF6F8, 0xF6D8, 0xF6D8, 0xF6D8, 0xF6D8, 0xF6D8, 0xF6D8, 0xF6D8, 0xF6D8, 0xF6D8, 0xF6D8, 0xF6D8, 0xF6D8, 0xF6D8, 0xF6D8, 0xF6D8,
  0xF6D8, 0xF6D8, 0xF6D8, 0xF6D7, 0xF6D7, 0xF6D7, 0xF6D8, 0xF6D7, 0xF6D7, 0xF6D7, 0xF6D8, 0xF6D8, 0xF6D7, 0xF6D7, 0xF6D7, 0xF6D7,
  0xF6D7, 0xF6D7, 0xF6D7, 0xF6D7, 0xF6D7, 0xF6D7, 0xF6D7, 0xF6D7, 0xF6D7, 0xF6D7, 0xF6D7, 0xF6D7, 0xF6B7, 0xF6B7, 0xF6B7, 0xF6D7,
  0xF6D7, 0xF6D7, 0xF6D7, 0xFED7, 0xFEF7, 0xFEF7, 0xFEF7, 0xFF17, 0xFF17, 0xFF17, 0xFF17, 0xFF17, 0xFEF7, 0xFEF7, 0xFEF6, 0xFEF6,
  0xFEF6, 0xFEF7, 0xFF17, 0xFF17, 0xFF17, 0xFF17, 0xFF17, 0xFF17, 0xFF37, 0xFF37, 0xFF38, 0xFF38, 0xFF38, 0xFF38, 0xFF38, 0xFF17,
  0xFEF6, 0xFED6, 0xFEF6, 0xFEF6, 0xFEF6, 0xFEF6, 0xFEF6, 0xFED6, 0xFED5, 0xFED5, 0xFED5, 0xFEF6, 0xFEF5, 0xFED5, 0xFED5, 0xFED5,
  0xFED5, 0xFED5, 0xFED5, 0xFED5, 0xFED5, 0xFED5, 0xFED5, 0xFED5, 0xFED5, 0xFED5, 0xFED5, 0xFF16, 0xCD8F, 0x7B23, 0xC56E, 0xF6D5,
  0xDDD0, 0xFEF6, 0xFF37, 0xFF16, 0xFF16, 0xFF37, 0xFF37, 0xFF37, 0xFF37, 0xFF38, 0xFF38, 0xFF38, 0xFF38, 0xFF58, 0xFF58, 0xFF58,
  0xFF58, 0xFF58, 0xFF59, 0xFF59, 0xFF59, 0xFF58, 0xFF59, 0xFF58, 0xFF59, 0xFF79, 0xFF59, 0xFF7A, 0xFF59, 0xFF16, 0xFF9A, 0xC591,
  0x5247, 0x5247, 0x4A06, 0x4A26, 0x4A26, 0x39C5, 0x31A4, 0x2963, 0x2123, 0x2963, 0x5247, 0x5247, 0x4A26, 0x4A06, 0x41C5, 0x41E5,
  0x41E5, 0x4205, 0x4A26, 0x4A26, 0x41E5, 0x41C5, 0x39A4, 0x7AE7, 0xBC49, 0xC46A, 0xC48A, 0xCC8A, 0xC48A, 0xB429, 0xC48A, 0xC469,
  0xCC8A, 0xCCAA, 0xCCAA, 0xBC29, 0x72A6, 0x1945, 0x3A47, 0x946C, 0x8C6D, 0x944C, 0x8C6D, 0x94AE, 0xAC8D, 0x1104, 0x1924, 0x1924,
  0x1924, 0x1924, 0x1904, 0x1104, 0x1904, 0x1924, 0x1924, 0x1924, 0x1904, 0x1924, 0x1904, 0x1924, 0x1904, 0x1924, 0x1924, 0x1924,
  0x1924, 0x1924, 0x1924, 0x1904, 0x18C2, 0x0861, 0x5184, 0xC3C9, 0xCC2A, 0xBBA9, 0xB389, 0xB3A9, 0xB3A9, 0xCC09, 0xBBE9, 0xBBE9,
  0xC42A, 0xD4AC, 0xFE72, 0x62C8, 0x08C3, 0x1924, 0x1904, 0x1924, 0x1904, 0x1103, 0x1104, 0x1904, 0x1104, 0x1104, 0x1104, 0x1104,
  0x1103, 0x10E3, 0x10C2, 0x10A2, 0x10C3, 0x10C3, 0x10C3, 0x4226, 0x39E5, 0x1903, 0x8B88, 0xB448, 0xAC49, 0xB4AC, 0xACAD, 0xB4CE,
  0xB4CF, 0xB4CC, 0xC52F, 0x3A28, 0x5A65, 0xCD4F, 0xD5D2, 0xCD91, 0xE634, 0xD5F2, 0xCDD2, 0x9C09, 0xE675, 0x6B6C, 0x0904, 0x1986,
  0x1965, 0x1145, 0x5287, 0xACCD, 0x94AD, 0x9C8D, 0xACCC, 0xF6B6, 0xF719, 0xF6F9, 0xF6F9, 0xF719, 0xF719, 0xF719, 0xF719, 0xF719,
  0xF719, 0xF719, 0xF719, 0xF719, 0xF719, 0xF719, 0xF719, 0xF719, 0xF719, 0xF719, 0xF719, 0xF719, 0xF719, 0xF719, 0xF719, 0xF719,
  0xF719, 0xF719, 0xF719, 0xF719, 0xF719, 0xF6F9, 0xFF5A, 0xD636, 0x944F, 0xB511, 0xF6B5, 0xF6F8, 0xF6F8, 0xF718, 0xF6F8, 0xF6F8,
  0xF718, 0xF718, 0xF718, 0xF718, 0xF718, 0xF718, 0xF6F8, 0xF718, 0xF718, 0xF718, 0xF718, 0xF718, 0xF718, 0xF718, 0xF718, 0xF718,
  0xF6F8, 0xF6F8, 0xF6F8, 0xF6F8, 0xF6F8, 0xF6F8, 0xF6F8, 0xF6F8, 0xF6F8, 0xF6D7, 0xF6D8, 0xF6D7, 0xF6D7, 0xF6D7, 0xF6D7, 0xF6D7,
  0xF6D7, 0xF6D7, 0xF6D7, 0xF6D7, 0xF6D7, 0xF6D7, 0xF6D7, 0xF6D7, 0xF6D7, 0xF6D7, 0xF6D7, 0xF6D7, 0xF6D7, 0xF6D7, 0xF6D7, 0xF6D7,
  0xFEF7, 0xFEF7, 0xFEF7, 0xFEF7, 0xFEF7, 0xFEF7, 0xFF17, 0xFEF7, 0xFEF7, 0xFF17, 0xFF17, 0xFF17, 0xFF17, 0xFF17, 0xFF17, 0xFF17,
  0xFF17, 0xFF17, 0xFF17, 0xFF17, 0xFF17, 0xFEF6, 0xFEF6, 0xFEF6, 0xFEF6, 0xFEF6, 0xFEF6, 0xFF17, 0xFF17, 0xFF17, 0xFEF6, 0xFED6,
  0xFED5, 0xFED5, 0xFED6, 0xFED5, 0xFED5, 0xFED5, 0xFED5, 0xFED5, 0xFED5, 0xFED5, 0xFED5, 0xFED5, 0xFED5, 0xFED5, 0xFED5, 0xFED5,
  0xFED5, 0xFED5, 0xFED5, 0xFED5, 0xFED5, 0xFED5, 0xFED5, 0xFED5, 0xFED5, 0xFED5, 0xFED5, 0xFEF6, 0xE632, 0xBD0D, 0xFF37, 0xFF16,
  0xFF16, 0xFEF5, 0xFEF5, 0xFEF6, 0xFF16, 0xFEF5, 0xFF15, 0xFF16, 0xFF16, 0xFF37, 0xFF38, 0xFF37, 0xFF37, 0xFF58, 0xFF58, 0xFF58,
  0xFF58, 0xFF58, 0xFF58, 0xFF59, 0xFF59, 0xFF59, 0xFF59, 0xFF59, 0xFF59, 0xFF59, 0xFF38, 0xF6D5, 0xFF79, 0xDDEF, 0xEE73, 0xE674,
  0x62C9, 0x5AC9, 0x5A88, 0x4A06, 0x2943, 0x2963, 0x39C5, 0x31A4, 0x2963, 0x39C4, 0x41E5, 0x3164, 0x41E5, 0x4A06, 0x4206, 0x4A27,
  0x4A27, 0x39C5, 0x39C4, 0x41E5, 0x41E5, 0x3184, 0x2943, 0x2923, 0x5204, 0x7AC6, 0x7AE6, 0xA3C8, 0x9B88, 0x82E6, 0xAC09, 0x7AC6,
  0xABE8, 0xBC49, 0xB409, 0x9347, 0x49E4, 0x1945, 0x3A47, 0x946D, 0x948D, 0x946D, 0x948D, 0x94AE, 0xAC8D, 0x1904, 0x1924, 0x1924,
  0x1924, 0x1924, 0x1904, 0x1904, 0x1924, 0x1124, 0x1924, 0x1924, 0x1904, 0x1924, 0x1924, 0x1924, 0x1924, 0x1924, 0x1924, 0x1924,
  0x1924, 0x1924, 0x1924, 0x1924, 0x10E3, 0x18A1, 0x1061, 0x3923, 0x8286, 0x8286, 0xAB89, 0xB3A9, 0xAB89, 0xC3E9, 0xE4AB, 0xDCCC,
  0xD48B, 0xDCAB, 0xFDEF, 0x5268, 0x08C3, 0x1924, 0x1924, 0x1924, 0x1904, 0x1903, 0x1904, 0x1924, 0x1104, 0x1904, 0x1904, 0x1104,
  0x1104, 0x10E3, 0x10C2, 0x10A2, 0x10C3, 0x10C3, 0x10C3, 0x4226, 0x31E5, 0x2123, 0x9BE8, 0xBC68, 0xAC48, 0xACAD, 0xB4AC, 0xB4CE,
  0xB4CD, 0xAC8C, 0xB531, 0x3A07, 0x6285, 0xAC6B, 0xA46D, 0xB4EE, 0xBCEE, 0xDE14, 0xDE76, 0xACAD, 0xD5F4, 0x6B6C, 0x1124, 0x1986,
  0x1985, 0x1145, 0x5AA7, 0xACCD, 0x948C, 0x946C, 0xACCC, 0xF6B6, 0xF719, 0xF6F9, 0xF6F9, 0xF719, 0xF719, 0xF719, 0xF719, 0xF719,
  0xF719, 0xF719, 0xF719, 0xF6F9, 0xF6F9, 0xF719, 0xF719, 0xF719, 0xF719, 0xF719, 0xF719, 0xF719, 0xF719, 0xF719, 0xF719, 0xF719,
  0xF719, 0xF719, 0xF719, 0xF719, 0xFF5A, 0xF739, 0xFF5A, 0xC5F5, 0x5ACA, 0x83CD, 0xE613, 0xF6F8, 0xF6F8, 0xF6F8, 0xF6F8, 0xF719,
  0xF718, 0xF718, 0xF719, 0xF719, 0xF719, 0xF718, 0xF719, 0xF719, 0xF719, 0xF719, 0xF719, 0xF719, 0xF719, 0xF719, 0xF719, 0xF718,
  0xF718, 0xF718, 0xF718, 0xF718, 0xF718, 0xF718, 0xF718, 0xF718, 0xF718, 0xF718, 0xF718, 0xF718, 0xF718, 0xF718, 0xF718, 0xFF18,
  0xFF18, 0xFF18, 0xFF18, 0xF718, 0xF718, 0xFF18, 0xFF18, 0xF718, 0xFEF8, 0xFF18, 0xFF18, 0xFF18, 0xFF18, 0xFF18, 0xFF18, 0xFF18,
  0xFF18, 0xFF18, 0xFF18, 0xFF18, 0xFF18, 0xFF17, 0xFF17, 0xFF17, 0xFF18, 0xFF17, 0xFF17, 0xFF17, 0xFEF7, 0xFEF7, 0xFEF7, 0xFEF7,
  0xFEF7, 0xFEF7, 0xFEF7, 0xFEF6, 0xFEF6, 0xFEF6, 0xFEF6, 0xFEF6, 0xFEF6, 0xFED6, 0xFED5, 0xFED5, 0xFED5, 0xFED6, 0xFED6, 0xFED5,
  0xFED5, 0xFED5, 0xFED5, 0xFED5, 0xFED5, 0xFED5, 0xFED5, 0xFED5, 0xFED5, 0xFED5, 0xFED5, 0xFED5, 0xFED5, 0xFED5, 0xFED5, 0xFED5,
  0xFED5, 0xFED5, 0xFED5, 0xFED5, 0xFED5, 0xFED5, 0xFED5, 0xFED5, 0xFED5, 0xFED5, 0xFED5, 0xFED5, 0xFED5, 0xFEB5, 0xFEF5, 0xFED5,
  0xFED5, 0xFED5, 0xFED5, 0xFEF5, 0xFEF5, 0xFEF5, 0xFEF5, 0xFEF5, 0xFEF5, 0xFEF6, 0xFF16, 0xFF17, 0xFF17, 0xFF37, 0xFF58, 0xFF58,
  0xFF58, 0xFF58, 0xFF58, 0xFF58, 0xFF59, 0xFF59, 0xFF59, 0xFF7A, 0xFF79, 0xFF79, 0xEEB4, 0xAC47, 0xAC48, 0xD5CF, 0xDDCF, 0xF6D5,
  0x4A06, 0x4A27, 0x4A27, 0x5247, 0x3184, 0x2984, 0x4206, 0x39E5, 0x2984, 0x39C5, 0x31A4, 0x2123, 0x3184, 0x41C5, 0x4A26, 0x5267,
  0x4A26, 0x41E5, 0x41E5, 0x4A26, 0x5267, 0x5A88, 0x6286, 0x7AE6, 0x9B87, 0xBC8B, 0xCD2D, 0xB42A, 0xAC09, 0x8B68, 0x9347, 0x8B27,
  0xB409, 0xAC09, 0x72C6, 0x41A4, 0x2943, 0x1945, 0x3A47, 0x946C, 0x946D, 0x946D, 0x8C8D, 0x94AE, 0xA46D, 0x1104, 0x1924, 0x1924,
  0x1924, 0x1924, 0x1904, 0x1904, 0x1924, 0x1924, 0x1924, 0x1924, 0x1904, 0x1924, 0x1924, 0x1924, 0x1904, 0x1924, 0x1944, 0x1944,
  0x1924, 0x1945, 0x1924, 0x1924, 0x20E2, 0x20C2, 0x1081, 0x1081, 0x8266, 0x92C7, 0x8286, 0xA348, 0xB389, 0xB3A9, 0xC42B, 0xDCEC,
  0xDCEC, 0xDCCB, 0xFE52, 0x5AC9, 0x08C3, 0x1924, 0x1924, 0x1924, 0x1924, 0x1904, 0x1924, 0x1924, 0x1904, 0x1904, 0x1904, 0x1104,
  0x1104, 0x10E3, 0x10C3, 0x10C2, 0x10E3, 0x10E3, 0x10C3, 0x4206, 0x31C5, 0x2123, 0x9C09, 0xC4EA, 0xAC69, 0xAC8D, 0xB4AB, 0xB4AB,
  0xACAD, 0xA48E, 0xBD0F, 0x31E6, 0x6285, 0xBD0E, 0xACCF, 0xA4AD, 0xAC8C, 0xBD0F, 0xBD71, 0xB50F, 0xBDB4, 0x52CA, 0x1145, 0x2186,
  0x1986, 0x1145, 0x52A7, 0xA4AC, 0x9CAC, 0x946C, 0xACCD, 0xF6B6, 0xEEF9, 0xF6F9, 0xF719, 0xEEF9, 0xF6F9, 0xF719, 0xF719, 0xF719,
  0xF719, 0xF719, 0xF719, 0xF719, 0xF719, 0xF719, 0xF6F9, 0xF719, 0xF719, 0xF719, 0xF719, 0xF719, 0xF719, 0xF719, 0xF719, 0xF719,
  0xF719, 0xF719, 0xF719, 0xF739, 0xCE36, 0xDE55, 0xFF37, 0xB511, 0x10C3, 0x3A08, 0xBCCE, 0xFF59, 0xFF39, 0xF739, 0xF739, 0xF719,
  0xF718, 0xF719, 0xF719, 0xF719, 0xF719, 0xF719, 0xF719, 0xF719, 0xF719, 0xF719, 0xF719, 0xF719, 0xF718, 0xF718, 0xF718, 0xF718,
  0xF718, 0xF718, 0xF718, 0xF718, 0xF718, 0xF718, 0xF718, 0xF718, 0xF718, 0xF718, 0xF718, 0xF718, 0xF718, 0xF718, 0xF718, 0xF718,
  0xF718, 0xFF18, 0xFF18, 0xF718, 0xF718, 0xF718, 0xF718, 0xFF18, 0xF718, 0xF718, 0xFF18, 0xFF18, 0xFF18, 0xFF18, 0xFF18, 0xFF18,
  0xFF18, 0xFF18, 0xFF18, 0xFF18, 0xFF17, 0xFF17, 0xFF17, 0xFF17, 0xFF17, 0xFF17, 0xFEF7, 0xFEF7, 0xFEF7, 0xFEF7, 0xFEF6, 0xFEF6,
  0xFEF6, 0xFEF6, 0xFEF6, 0xFEF6, 0xFEF6, 0xFEF6, 0xFEF6, 0xFEF6, 0xFEF6, 0xFED6, 0xFED5, 0xFED5, 0xFED6, 0xFED6, 0xFED5, 0xFED5,
  0xFED5, 0xFED6, 0xFED5, 0xFED5, 0xFED5, 0xFED5, 0xFED5, 0xFED5, 0xFED5, 0xFED5, 0xFED5, 0xFED5, 0xFED5, 0xFED5, 0xFED5, 0xFED5,
  0xFED5, 0xFED5, 0xFED5, 0xFED5, 0xFED5, 0xFED5, 0xFED5, 0xFED5, 0xFED5, 0xFED5, 0xFED5, 0xFED5, 0xFED5, 0xFED5, 0xFED5, 0xFEF5,
  0xFEF5, 0xFEF5, 0xFEF5, 0xFEF5, 0xFEF5, 0xFEF5, 0xFEF5, 0xFEF5, 0xFEF5, 0xFEF5, 0xFEF5, 0xFEF5, 0xFF16, 0xFF16, 0xFF37, 0xFF38,
  0xFF58, 0xFF58, 0xFF58, 0xFF58, 0xFF58, 0xFF79, 0xFF9A, 0xF6B5, 0xF6F6, 0xFF58, 0xFF58, 0xFF17, 0xB489, 0x7AE1, 0x8B85, 0xB4CB,
  0x5247, 0x5247, 0x4A06, 0x4206, 0x31A4, 0x31C4, 0x4226, 0x3A06, 0x31A4, 0x31A4, 0x39A5, 0x41E5, 0x4A26, 0x4A06, 0x4A26, 0x5A88,
  0x5A88, 0x5AA9, 0x62C9, 0x62CA, 0x5AA9, 0x6AE9, 0xD4CB, 0xCCAA, 0xCCCA, 0xD50C, 0xD52C, 0xDD4D, 0xDD2C, 0xE58E, 0xC4AB, 0xC449,
  0xD52D, 0xCD2E, 0x9388, 0x41A4, 0x0061, 0x1965, 0x4268, 0x946C, 0x946D, 0x946D, 0x8C6D, 0x94AE, 0xA46D, 0x10E4, 0x1944, 0x1924,
  0x1924, 0x1924, 0x1904, 0x1904, 0x1924, 0x1924, 0x1924, 0x1924, 0x1904, 0x1924, 0x1924, 0x1924, 0x1924, 0x1924, 0x1945, 0x1944,
  0x1924, 0x1944, 0x1945, 0x2123, 0x4122, 0x4142, 0x3102, 0x4164, 0x92C7, 0xA348, 0x8286, 0x8285, 0x9B07, 0xAB88, 0xB3CA, 0xCC6B,
  0xDCCC, 0xE50D, 0xFE51, 0x6B2A, 0x08C3, 0x1944, 0x1924, 0x1924, 0x1924, 0x1904, 0x1924, 0x1924, 0x1904, 0x1924, 0x1924, 0x1104,
  0x1104, 0x1103, 0x10C3, 0x10C3, 0x10E3, 0x10E3, 0x10C3, 0x3A06, 0x29A5, 0x2143, 0x93E9, 0xB46A, 0xA46B, 0xA44A, 0xAC6A, 0xAC8B,
  0xAC8D, 0xAC6B, 0xBCCB, 0x31E6, 0x62C5, 0xBCEE, 0xA4CF, 0xACAD, 0xACCD, 0xACCE, 0xB4AC, 0xA4CE, 0xB553, 0x4A89, 0x1125, 0x2186,
  0x2186, 0x1165, 0x52A8, 0xA4AC, 0x9C8C, 0x946C, 0xACCD, 0xC593, 0xB574, 0xC5B5, 0xC5D5, 0xBD94, 0xC5B5, 0xC5D5, 0xDE77, 0xE6B8,
  0xD636, 0xCE16, 0xE6B8, 0xEED8, 0xE6B7, 0xEEF8, 0xF719, 0xF719, 0xF719, 0xF719, 0xF719, 0xF719, 0xF719, 0xF719, 0xF719, 0xF719,
  0xF719, 0xEEF9, 0xFF7A, 0xA4F1, 0x10E3, 0x5AC9, 0x940C, 0x940C, 0x8BEB, 0x9C2C, 0xACAD, 0xBD71, 0xCDD3, 0xD5F3, 0xDE13, 0xEEB7,
  0xF719, 0xF719, 0xF719, 0xF719, 0xF719, 0xF719, 0xF719, 0xF719, 0xF719, 0xF719, 0xF719, 0xF719, 0xF719, 0xF719, 0xF718, 0xF718,
  0xF718, 0xF718, 0xF718, 0xF718, 0xF718, 0xF718, 0xF718, 0xF718, 0xF718, 0xF718, 0xF718, 0xF718, 0xF718, 0xF718, 0xF718, 0xF718,
  0xF718, 0xF718, 0xFF18, 0xFF18, 0xFF18, 0xFF18, 0xFF18, 0xFF18, 0xFF18, 0xFF18, 0xFF18, 0xFF18, 0xFF18, 0xFF18, 0xFF18, 0xFF18,
  0xFF18, 0xFF18, 0xFF18, 0xFF18, 0xFF17, 0xFF17, 0xFF17, 0xFF17, 0xFF17, 0xFF17, 0xFF17, 0xFF17, 0xFF17, 0xFF17, 0xFF17, 0xFF17,
  0xFF17, 0xFF17, 0xFF17, 0xFF17, 0xFF16, 0xFF16, 0xFF16, 0xFEF6, 0xFEF6, 0xFEF6, 0xFEF6, 0xFEF6, 0xFEF6, 0xFF16, 0xFF16, 0xFF16,
  0xFF16, 0xFF17, 0xFF16, 0xFF16, 0xFF16, 0xFEF6, 0xFEF6, 0xFEF6, 0xFEF6, 0xFEF6, 0xFEF6, 0xFEF6, 0xFEF6, 0xFEF6, 0xFEF6, 0xFEF6,
  0xFEF6, 0xFEF6, 0xFEF6, 0xFEF6, 0xFF16, 0xFF16, 0xFF16, 0xFF16, 0xFF16, 0xFF16, 0xFF16, 0xFF16, 0xFF16, 0xFF16, 0xFF16, 0xFF16,
  0xFF17, 0xFF17, 0xFF37, 0xFF37, 0xFF37, 0xFF37, 0xFF37, 0xFF37, 0xFF37, 0xFF37, 0xFF37, 0xFF37, 0xFF38, 0xFF58, 0xFF58, 0xFF58,
  0xFF58, 0xFF58, 0xFF58, 0xFF59, 0xFF79, 0xF738, 0xC50C, 0xB468, 0xCD4C, 0xFF58, 0xFF37, 0xEE53, 0xBCEC, 0xAC8A, 0xB4CC, 0x7AE2,
  0x5227, 0x5227, 0x4A06, 0x39E5, 0x2984, 0x2983, 0x39E5, 0x4205, 0x39C5, 0x39C5, 0x4A06, 0x41E5, 0x31A4, 0x4A26, 0x5AA9, 0x5AA9,
  0x5A88, 0x5A88, 0x5A88, 0x5247, 0x4A26, 0x41C5, 0x7B07, 0xD4CA, 0xCC8A, 0xC48A, 0xCCAA, 0xCCAA, 0xCCCB, 0xB3E8, 0xABE9, 0xCCAB,
  0xCCAB, 0xD4EB, 0xDCEB, 0xC46A, 0x3963, 0x1144, 0x4288, 0x9C8D, 0x948D, 0x946D, 0x8C6D, 0x94AD, 0xA46D, 0x1104, 0x1924, 0x1924,
  0x1924, 0x1924, 0x1904, 0x1924, 0x1924, 0x1924, 0x1924, 0x1924, 0x1924, 0x1924, 0x1924, 0x1924, 0x1924, 0x1924, 0x1945, 0x1944,
  0x1924, 0x1944, 0x1924, 0x3102, 0x3922, 0x4142, 0x5982, 0x59A3, 0x7266, 0xA348, 0xAB68, 0x92E6, 0x8285, 0x8285, 0x8285, 0x8AC6,
  0xA368, 0xA368, 0x72C7, 0x1944, 0x1924, 0x1944, 0x1944, 0x1944, 0x1944, 0x1904, 0x1924, 0x1924, 0x1924, 0x1924, 0x1924, 0x1104,
  0x1104, 0x1104, 0x10C3, 0x10C3, 0x10E3, 0x10E3, 0x10C3, 0x3A06, 0x29A5, 0x2964, 0x9BE9, 0xB48B, 0xA46A, 0xA427, 0xA44A, 0xA44C,
  0xA44A, 0xAC6A, 0xBD0E, 0x4247, 0x62C6, 0xCD4F, 0xB510, 0xBD2F, 0xB530, 0xBD30, 0xBD50, 0xB530, 0xC572, 0x4A88, 0x1124, 0x2186,
  0x1986, 0x1145, 0x4A87, 0x9C8C, 0x946C, 0x8C4C, 0xA4AC, 0xBD52, 0xAD34, 0xB533, 0xB533, 0xB553, 0xB553, 0xB533, 0xB554, 0xB574,
  0xB554, 0xAD53, 0xBD74, 0xBD94, 0xB553, 0xD615, 0xEED8, 0xD636, 0xE6B8, 0xEED8, 0xEEF8, 0xF719, 0xF719, 0xF719, 0xF719, 0xF719,
  0xF6F9, 0xEEF9, 0xFF39, 0xCDD4, 0x1945, 0x4A26, 0x4206, 0x31C5, 0x39E6, 0x4227, 0x4A67, 0x4A67, 0x5AA8, 0x6B4A, 0x5AE8, 0x9C8E,
  0xFF5A, 0xF6F8, 0xF719, 0xF719, 0xF719, 0xF719, 0xF719, 0xF719, 0xF719, 0xF719, 0xF719, 0xF719, 0xF719, 0xF719, 0xF718, 0xF718,
  0xF718, 0xF718, 0xF718, 0xF718, 0xF718, 0xF718, 0xF718, 0xF718, 0xF718, 0xF718, 0xF718, 0xF718, 0xF718, 0xF718, 0xFF18, 0xFF18,
  0xFF18, 0xF718, 0xF718, 0xF718, 0xFF18, 0xFF18, 0xFF18, 0xFF18, 0xFF18, 0xFF18, 0xFF18, 0xFF18, 0xFF18, 0xFF18, 0xFF18, 0xFF18,
  0xFF18, 0xFF18, 0xFF18, 0xFF18, 0xFF17, 0xFF17, 0xFF17, 0xFF17, 0xFF17, 0xFF17, 0xFF17, 0xFF17, 0xFF17, 0xFF17, 0xFF17, 0xFF17,
  0xFF17, 0xFF17, 0xFF17, 0xFF17, 0xFF17, 0xFF17, 0xFF17, 0xFF17, 0xFF17, 0xFF17, 0xFF17, 0xFF17, 0xFF17, 0xFF17, 0xFF17, 0xFF17,
  0xFF17, 0xFF17, 0xFF17, 0xFF17, 0xFF17, 0xFF17, 0xFF17, 0xFF17, 0xFF17, 0xFF17, 0xFF17, 0xFF16, 0xFF16, 0xFF16, 0xFF16, 0xFF16,
  0xFF16, 0xFF17, 0xFF17, 0xFF17, 0xFF17, 0xFF17, 0xFF17, 0xFF17, 0xFF37, 0xFF37, 0xFF37, 0xFF37, 0xFF37, 0xFF17, 0xFF17, 0xFF37,
  0xFF37, 0xFF37, 0xFF37, 0xFF37, 0xFF37, 0xFF38, 0xFF38, 0xFF38, 0xFF38, 0xFF58, 0xFF58, 0xFF58, 0xFF58, 0xFF58, 0xFF58, 0xFF58,
  0xFF58, 0xFF58, 0xFF59, 0xFF38, 0xFF37, 0xFF59, 0xD5AF, 0xB489, 0x93A5, 0xD58F, 0xF716, 0xC50C, 0x82E2, 0xC54E, 0xB48A, 0x9BC6,
  0x4A26, 0x4A06, 0x39A4, 0x41E5, 0x4206, 0x39C5, 0x4A26, 0x4A47, 0x41E5, 0x4A06, 0x4A06, 0x41C5, 0x39A4, 0x5247, 0x5267, 0x4A06,
  0x41E5, 0x4A06, 0x4A26, 0x4A26, 0x5247, 0x4206, 0x6AC7, 0xDD0B, 0xD4EB, 0xD4EB, 0xD4CB, 0xCCCA, 0xCCCB, 0xC48A, 0xABE9, 0xD4CB,
  0xCC8A, 0xBC29, 0xCCAA, 0xE52C, 0xB429, 0x2165, 0x4288, 0x948D, 0x948D, 0x948D, 0x948D, 0x9CAD, 0xA46D, 0x1104, 0x1924, 0x1924,
  0x1924, 0x1924, 0x1904, 0x1924, 0x1924, 0x1945, 0x1944, 0x1924, 0x1924, 0x1924, 0x1924, 0x1925, 0x1924, 0x1944, 0x1945, 0x1924,
  0x1924, 0x1945, 0x1903, 0x3902, 0x4942, 0x4142, 0x4142, 0x61A2, 0x71E3, 0x7AA7, 0x9B8A, 0xAB68, 0x9B06, 0x8AA6, 0x8285, 0x3922,
  0x7A23, 0x7A84, 0x08E4, 0x1945, 0x1924, 0x1944, 0x1945, 0x1944, 0x1944, 0x1924, 0x1924, 0x1924, 0x1924, 0x1924, 0x1924, 0x1104,
  0x1104, 0x1104, 0x10E3, 0x10C3, 0x10E4, 0x10E3, 0x10C3, 0x3A06, 0x29A5, 0x2964, 0x93C9, 0xCCEB, 0xBCAA, 0xB46A, 0xA44B, 0xA44B,
  0xAC6A, 0xA44A, 0x9C2C, 0x31C6, 0x4A25, 0x93EA, 0x8BCB, 0x734A, 0x62E9, 0x62E9, 0x5AE9, 0x52C9, 0x4248, 0x1924, 0x1945, 0x1965,
  0x1985, 0x1145, 0x4A87, 0x9C8C, 0x946C, 0x946C, 0xA4CD, 0xC572, 0xAD54, 0xB553, 0xB554, 0xB554, 0xB554, 0xB554, 0xB554, 0xB554,
  0xB554, 0xB554, 0xB553, 0xB553, 0xB553, 0xBD74, 0xC594, 0xB553, 0xB574, 0xBD73, 0xC5D5, 0xF6F9, 0xE6B7, 0xE697, 0xF719, 0xF719,
  0xF719, 0xF6F9, 0xF6F9, 0xF719, 0x2A08, 0x734A, 0x7328, 0x3A26, 0x39E5, 0x31C4, 0x39E5, 0x4205, 0x41E5, 0x1903, 0x4226, 0xE675,
  0xF739, 0xF6F9, 0xF719, 0xF719, 0xF719, 0xF719, 0xF719, 0xF718, 0xF719, 0xF719, 0xF719, 0xF719, 0xF718, 0xF718, 0xF718, 0xF718,
  0xF718, 0xF718, 0xF718, 0xF718, 0xF718, 0xF718, 0xF718, 0xFF18, 0xFF18, 0xF718, 0xFF18, 0xF718, 0xFF18, 0xFF18, 0xFF18, 0xFF18,
  0xFF18, 0xFF18, 0xFF18, 0xFF18, 0xFF18, 0xFF18, 0xFF18, 0xFF18, 0xFF18, 0xFF18, 0xFF18, 0xFF18, 0xFF18, 0xFF18, 0xFF18, 0xFF17,
  0xFF17, 0xFF18, 0xFF18, 0xFF17, 0xFF17, 0xFF17, 0xFF17, 0xFF17, 0xFF17, 0xFF17, 0xFF17, 0xFF17, 0xFF17, 0xFF17, 0xFF17, 0xFF17,
  0xFF17, 0xFF17, 0xFF17, 0xFF17, 0xFF17, 0xFF17, 0xFF17, 0xFF17, 0xFF17, 0xFF17, 0xFF17, 0xFF17, 0xFF17, 0xFF17, 0xFF17, 0xFF17,
  0xFF17, 0xFF17, 0xFF17, 0xFF17, 0xFF17, 0xFF17, 0xFF37, 0xFF17, 0xFF17, 0xFF17, 0xFF17, 0xFF17, 0xFF17, 0xFF17, 0xFF17, 0xFF17,
  0xFF17, 0xFF17, 0xFF17, 0xFF17, 0xFF17, 0xFF17, 0xFF37, 0xFF37, 0xFF37, 0xFF37, 0xFF37, 0xFF37, 0xFF37, 0xFF37, 0xFF37, 0xFF37,
  0xFF37, 0xFF37, 0xFF37, 0xFF37, 0xFF37, 0xFF37, 0xFF38, 0xFF37, 0xFF38, 0xFF58, 0xFF58, 0xFF58, 0xFF58, 0xFF58, 0xFF58, 0xFF58,
  0xFF58, 0xFF58, 0xFF79, 0xC52C, 0xA3C6, 0xEE94, 0xFFDB, 0xDE32, 0x9BC6, 0xA3E7, 0xF717, 0xDE11, 0xE652, 0x9385, 0xB4AB, 0xF717,
  0x4A26, 0x4A26, 0x39C4, 0x4205, 0x4A26, 0x4A26, 0x4A26, 0x2963, 0x2123, 0x4A26, 0x49E5, 0x39C5, 0x5247, 0x5247, 0x41E5, 0x39A4,
  0x41E5, 0x4A06, 0x4A26, 0x4A47, 0x5247, 0x4A46, 0x5A66, 0xC48A, 0xC46A, 0xCCCB, 0xD4CB, 0xC469, 0xC48A, 0xD50C, 0xCCAB, 0xCCCB,
  0xC46A, 0xC48A, 0xCCAA, 0xD4EB, 0xBC49, 0x2185, 0x3A48, 0x946D, 0x946D, 0x948D, 0x9C8C, 0xA4CD, 0x9C4C, 0x10E4, 0x1924, 0x1924,
  0x1924, 0x1924, 0x1904, 0x1924, 0x1924, 0x1924, 0x1945, 0x1924, 0x1924, 0x1924, 0x1944, 0x1924, 0x1944, 0x1944, 0x1945, 0x1944,
  0x1924, 0x1924, 0x3102, 0x3922, 0x4962, 0x5182, 0x5162, 0x4962, 0x5182, 0x71E2, 0x8AC6, 0x9BAB, 0xA3CA, 0xCC2A, 0x8B07, 0x4A06,
  0x7A65, 0xC364, 0x4A05, 0x1124, 0x1944, 0x1945, 0x1945, 0x1944, 0x1944, 0x1924, 0x1924, 0x1924, 0x1924, 0x1924, 0x1924, 0x1104,
  0x1104, 0x1104, 0x10E3, 0x10C3, 0x10E4, 0x10E4, 0x10E3, 0x39E5, 0x29A5, 0x1903, 0x29A5, 0x3A06, 0x39E6, 0x2985, 0x2164, 0x2164,
  0x2985, 0x2165, 0x1104, 0x1104, 0x1924, 0x08E3, 0x08C3, 0x08C3, 0x08C2, 0x08E3, 0x1944, 0x1964, 0x2164, 0x1924, 0x1965, 0x1965,
  0x1985, 0x1145, 0x4A88, 0x9C8D, 0x946C, 0x944C, 0xACCD, 0xBD72, 0xAD34, 0xB553, 0xB533, 0xB554, 0xB554, 0xB554, 0xB553, 0xB554,
  0xB553, 0xB553, 0xB553, 0xB553, 0xB553, 0xB533, 0xB533, 0xB553, 0xB553, 0xB553, 0xB553, 0xC5B4, 0xBD93, 0xB532, 0xD636, 0xEED8,
  0xE697, 0xEED8, 0xFF39, 0xEEF8, 0x29E7, 0x5AC9, 0x93EA, 0x8BC8, 0x83A8, 0x8BC9, 0x7B68, 0x6B07, 0x62C7, 0x2144, 0x5AA8, 0xFF38,
  0xF719, 0xF719, 0xF719, 0xF719, 0xF719, 0xF719, 0xF719, 0xF718, 0xF718, 0xF718, 0xF718, 0xF718, 0xF719, 0xF718, 0xF718, 0xF718,
  0xF718, 0xF718, 0xF718, 0xF718, 0xF718, 0xF718, 0xF718, 0xF718, 0xF718, 0xF718, 0xFF18, 0xF718, 0xFF18, 0xFF18, 0xFF18, 0xFF18,
  0xFF18, 0xFF18, 0xFF18, 0xFF18, 0xFF18, 0xFF18, 0xFF18, 0xFF18, 0xFF18, 0xFF18, 0xFF18, 0xFF18, 0xFF18, 0xFF18, 0xFF18, 0xFF18,
  0xFF18, 0xFF18, 0xFF18, 0xFF17, 0xFF17, 0xFF17, 0xFF17, 0xFF17, 0xFF17, 0xFF17, 0xFF17, 0xFF17, 0xFF17, 0xFF17, 0xFF17, 0xFF17,
  0xFF17, 0xFF17, 0xFF17, 0xFF17, 0xFF17, 0xFF17, 0xFF17, 0xFF17, 0xFF17, 0xFF17, 0xFF17, 0xFF17, 0xFF17, 0xFF17, 0xFF17, 0xFF17,
  0xFF17, 0xFF37, 0xFF17, 0xFF17, 0xFF37, 0xFF17, 0xFF37, 0xFF37, 0xFF17, 0xFF17, 0xFF17, 0xFF17, 0xFF17, 0xFF17, 0xFF17, 0xFF17,
  0xFF17, 0xFF17, 0xFF17, 0xFF17, 0xFF17, 0xFF17, 0xFF37, 0xFF37, 0xFF37, 0xFF37, 0xFF37, 0xFF37, 0xFF37, 0xFF37, 0xFF37, 0xFF37,
  0xFF37, 0xFF37, 0xFF37, 0xFF38, 0xFF37, 0xFF37, 0xFF38, 0xFF38, 0xFF38, 0xFF58, 0xFF58, 0xFF58, 0xFF58, 0xFF58, 0xFF58, 0xFF58,
  0xFF58, 0xFF59, 0xFF58, 0xEEB5, 0xCD8F, 0xF6B4, 0xFF36, 0xFF36, 0xDE11, 0xA428, 0xBD0D, 0xB4AA, 0xF737, 0xA408, 0xBD0D, 0x8B66,
  0x4A26, 0x4A47, 0x4206, 0x31A4, 0x2963, 0x2964, 0x3184, 0x39C5, 0x31A4, 0x3184, 0x2984, 0x2963, 0x39C5, 0x39C5, 0x39A4, 0x4A06,
  0x4A47, 0x4A26, 0x4A26, 0x4A26, 0x4A46, 0x5247, 0x9388, 0xC46A, 0xB429, 0xC46A, 0xCC8A, 0xB409, 0xC46A, 0xD4EB, 0xD4CB, 0xCCAB,
  0xC46A, 0xC46A, 0xC48A, 0xB42A, 0x6AA6, 0x1945, 0x4268, 0x946D, 0x8C6D, 0x946D, 0x8C6D, 0x9CCE, 0xA44C, 0x10E4, 0x1944, 0x1924,
  0x1924, 0x1924, 0x1904, 0x1924, 0x1945, 0x1945, 0x1945, 0x1925, 0x1924, 0x1924, 0x1945, 0x1945, 0x1944, 0x1945, 0x1945, 0x1944,
  0x1945, 0x1924, 0x18A2, 0x10A2, 0x20E2, 0x3902, 0x5162, 0x61A2, 0x5982, 0x5182, 0x69C2, 0x9283, 0xB387, 0xDC49, 0x8AE6, 0x7286,
  0x9B05, 0xD406, 0x9326, 0x0904, 0x2145, 0x2145, 0x1944, 0x1965, 0x1944, 0x1924, 0x1944, 0x1924, 0x1924, 0x1924, 0x1924, 0x1924,
  0x1104, 0x1104, 0x10E3, 0x10E3, 0x1104, 0x10E4, 0x10E3, 0x29A5, 0x2165, 0x10E3, 0x1104, 0x2164, 0x39E5, 0x39C5, 0x39C5, 0x4206,
  0x4A67, 0x52A8, 0x6309, 0x31C5, 0x08C3, 0x4A26, 0x7B6A, 0x8BAA, 0x9BEA, 0x942C, 0xA46D, 0xA46E, 0xACF0, 0x4268, 0x1145, 0x1986,
  0x1986, 0x1145, 0x4288, 0x9C8D, 0x8C4C, 0x8C4C, 0xA4AD, 0xBD52, 0xAD34, 0xB533, 0xB534, 0xB533, 0xB533, 0xB554, 0xB554, 0xAD33,
  0xAD33, 0xB533, 0xB533, 0xB533, 0xB553, 0xB553, 0xB553, 0xB553, 0xB553, 0xB553, 0xB553, 0xB553, 0xBD73, 0xBD73, 0xBD73, 0xC594,
  0xC593, 0xC594, 0xD635, 0xDE36, 0x2186, 0x5AA8, 0x93EA, 0x9BE8, 0xA428, 0xBCCA, 0xB48A, 0xBCA9, 0x8368, 0x2144, 0x5288, 0xF718,
  0xF719, 0xF6F8, 0xF719, 0xF719, 0xF719, 0xF718, 0xF718, 0xF718, 0xF718, 0xF718, 0xF718, 0xF718, 0xF718, 0xF718, 0xF718, 0xF718,
  0xF718, 0xF718, 0xF718, 0xF718, 0xF718, 0xF718, 0xF718, 0xF718, 0xF718, 0xF718, 0xF718, 0xFF18, 0xFF18, 0xFF18, 0xFF18, 0xFF18,
  0xFF18, 0xFF18, 0xFF18, 0xFF18, 0xFF18, 0xFF18, 0xFF18, 0xFF18, 0xFF18, 0xFF18, 0xFF18, 0xFF18, 0xFF18, 0xFF18, 0xFF18, 0xFF18,
  0xFF18, 0xFF18, 0xFF18, 0xFF18, 0xFF18, 0xFF18, 0xFF18, 0xFF18, 0xFF18, 0xFF17, 0xFF17, 0xFF17, 0xFF17, 0xFF17, 0xFF17, 0xFF17,
  0xFF17, 0xFF17, 0xFF17, 0xFF17, 0xFF17, 0xFF17, 0xFF17, 0xFF17, 0xFF17, 0xFF17, 0xFF17, 0xFF17, 0xFF17, 0xFF17, 0xFF17, 0xFF17,
  0xFF17, 0xFF17, 0xFF37, 0xFF17, 0xFF17, 0xFF17, 0xFF17, 0xFF37, 0xFF17, 0xFF17, 0xFF17, 0xFF17, 0xFF17, 0xFF17, 0xFF17, 0xFF16,
  0xFF16, 0xFF17, 0xFF17, 0xFF37, 0xFF37, 0xFF37, 0xFF37, 0xFF37, 0xFF37, 0xFF37, 0xFF37, 0xFF37, 0xFF37, 0xFF37, 0xFF37, 0xFF37,
  0xFF37, 0xFF37, 0xFF38, 0xFF37, 0xFF38, 0xFF38, 0xFF37, 0xFF38, 0xFF38, 0xFF58, 0xFF58, 0xFF58, 0xFF58, 0xFF58, 0xFF58, 0xFF58,
  0xFF59, 0xFF58, 0xFF7A, 0xF738, 0xEE94, 0xD58E, 0xB489, 0x9BA6, 0x9BA6, 0xA3E6, 0x9BA5, 0x93A6, 0x8B65, 0x8324, 0x7AE3, 0x8302,
  0x5268, 0x5268, 0x4206, 0x2964, 0x1902, 0x2122, 0x2943, 0x5AA8, 0x5287, 0x39C4, 0x2143, 0x2143, 0x3184, 0x39C5, 0x4A26, 0x5247,
  0x5247, 0x4A26, 0x4A26, 0x4A26, 0x5246, 0x4A46, 0x8B68, 0xDCEB, 0xCCAB, 0xC48A, 0xCC8A, 0xCCAA, 0xCCAB, 0xD4CB, 0xD4CB, 0xCC8A,
  0xCC8A, 0xCCAA, 0xD4CB, 0xC4AB, 0x5204, 0x1124, 0x4288, 0x946D, 0x8C6D, 0x946D, 0x8C6D, 0x94CE, 0xA44C, 0x1104, 0x1945, 0x1924,
  0x1925, 0x1945, 0x1904, 0x1924, 0x1945, 0x1945, 0x1945, 0x1945, 0x1924, 0x1924, 0x1945, 0x1945, 0x1945, 0x1945, 0x1945, 0x1944,
  0x1924, 0x10C3, 0x10A3, 0x10C3, 0x10A3, 0x10A3, 0x20C2, 0x4942, 0x71E3, 0x7A02, 0x71E3, 0x69C3, 0x61A2, 0x8A43, 0xB304, 0xB324,
  0xCBA6, 0xC3A6, 0xC3E7, 0x39A5, 0x1124, 0x1124, 0x1964, 0x2164, 0x1944, 0x1924, 0x1944, 0x1944, 0x1924, 0x1924, 0x1924, 0x1924,
  0x1104, 0x1104, 0x10E3, 0x10E3, 0x10E4, 0x10E3, 0x1104, 0x1944, 0x1924, 0x1103, 0x2984, 0x9BE8, 0xB448, 0xAC28, 0xA408, 0xAC29,
  0x9C4C, 0x9C6E, 0xACCF, 0x4247, 0x2184, 0x9C0A, 0xA4AF, 0xA4AE, 0xACAE, 0xACAF, 0xACAE, 0xA4AF, 0xAD12, 0x4268, 0x1145, 0x1986,
  0x1986, 0x1145, 0x4A88, 0x9C8D, 0x8C4C, 0x8C4C, 0xA4AD, 0xBD52, 0xAD34, 0xB533, 0xAD33, 0xB533, 0xAD33, 0xAD33, 0xB533, 0xB553,
  0xB533, 0xB553, 0xB553, 0xB553, 0xB553, 0xB553, 0xBD73, 0xBD53, 0xBD53, 0xBD53, 0xBD73, 0xBD73, 0xBD73, 0xBD73, 0xC593, 0xC593,
  0xC593, 0xC573, 0xBD73, 0xB532, 0x1986, 0x62C9, 0x7B8B, 0x5AE9, 0x6B29, 0x62E8, 0x6AE8, 0x7328, 0x6AE8, 0x2985, 0x5AA8, 0xF6F7,
  0xF719, 0xF6F8, 0xF718, 0xF719, 0xF719, 0xF718, 0xF718, 0xF6F8, 0xF6F8, 0xF6F8, 0xF718, 0xF718, 0xF718, 0xF718, 0xF718, 0xF718,
  0xF718, 0xF718, 0xF718, 0xF718, 0xF718, 0xF718, 0xF718, 0xFF18, 0xFF18, 0xF718, 0xFF18, 0xF718, 0xF718, 0xF718, 0xF718, 0xF718,
  0xF718, 0xFF18, 0xFF18, 0xFF18, 0xFF18, 0xFF18, 0xFF18, 0xFF18, 0xFF18, 0xFF18, 0xFF18, 0xFF18, 0xFF18, 0xFF18, 0xFF18, 0xFF18,
  0xFF18, 0xFF18, 0xFF18, 0xFF18, 0xFF18, 0xFF18, 0xFF18, 0xFF18, 0xFF17, 0xFF17, 0xFF17, 0xFF17, 0xFF17, 0xFF17, 0xFF17, 0xFF17,
  0xFF17, 0xFF17, 0xFF17, 0xFF17, 0xFF17, 0xFF17, 0xFF17, 0xFF17, 0xFF17, 0xFF17, 0xFF17, 0xFF17, 0xFF17, 0xFF17, 0xFF17, 0xFF17,
  0xFF17, 0xFF37, 0xFF17, 0xFF17, 0xFF17, 0xFF17, 0xFF17, 0xFF17, 0xFF17, 0xFF17, 0xFF37, 0xFF17, 0xFF17, 0xFF37, 0xFF37, 0xFF17,
  0xFF37, 0xFF37, 0xFF37, 0xFF37, 0xFF37, 0xFF37, 0xFF37, 0xFF37, 0xFF37, 0xFF37, 0xFF37, 0xFF37, 0xFF37, 0xFF37, 0xFF37, 0xFF37,
  0xFF37, 0xFF37, 0xFF37, 0xFF37, 0xFF37, 0xFF37, 0xFF38, 0xFF38, 0xFF38, 0xFF58, 0xFF58, 0xFF58, 0xFF58, 0xFF58, 0xFF58, 0xFF58,
  0xFF58, 0xFF59, 0xFF58, 0xCD8D, 0xA3C4, 0xD5CF, 0xDDF1, 0x8B44, 0x9BA5, 0xC50B, 0xAC68, 0x8324, 0xBD0C, 0xE673, 0x9343, 0xC50C,
  0x4A47, 0x4226, 0x4A27, 0x4A27, 0x4206, 0x4206, 0x31A4, 0x39E5, 0x31A4, 0x5247, 0x39C5, 0x41C5, 0x4A26, 0x41E5, 0x4A26, 0x4A26,
  0x4A06, 0x4A05, 0x4A26, 0x4A46, 0x5246, 0x4A27, 0x4A26, 0xABC8, 0xC46A, 0xCC8A, 0xC46A, 0xC48A, 0xCCAB, 0xCCAB, 0xCCAA, 0xC449,
  0xBC29, 0xBC4A, 0xB409, 0xBC4A, 0x9BA8, 0x1944, 0x4AA8, 0x9C8D, 0x8C4D, 0x8C4C, 0x844D, 0x94AE, 0x9C4C, 0x1104, 0x1945, 0x1945,
  0x1924, 0x1945, 0x1924, 0x1924, 0x1945, 0x1945, 0x1945, 0x1945, 0x1924, 0x1944, 0x1945, 0x1945, 0x1945, 0x1945, 0x1945, 0x1924,
  0x10C3, 0x10C4, 0x18E4, 0x18E4, 0x18E4, 0x18E4, 0x18E4, 0x10C3, 0x2903, 0x5182, 0x71E2, 0x71E2, 0x7A23, 0x71E2, 0x8223, 0x9283,
  0xAB04, 0xCBC5, 0xCC07, 0x7286, 0x72A7, 0x41C5, 0x1944, 0x2165, 0x2144, 0x1944, 0x2164, 0x1944, 0x1924, 0x1924, 0x1944, 0x1924,
  0x1904, 0x1104, 0x10E3, 0x10C3, 0x1104, 0x10E4, 0x1104, 0x1944, 0x1944, 0x1924, 0x62C7, 0xAC49, 0x9C07, 0x9C08, 0x9BE9, 0x9BE8,
  0x940B, 0x8C2D, 0x9C6F, 0x3207, 0x62A6, 0xBCAB, 0x9C6E, 0x9C6E, 0x9C8E, 0x9C8E, 0x9C8E, 0x9C6F, 0xACF0, 0x4A68, 0x1145, 0x1986,
  0x1986, 0x1145, 0x4AA8, 0x9C8D, 0x8C4C, 0x844C, 0xA4AD, 0xB531, 0xA4F3, 0xAD13, 0xAD33, 0xAD33, 0xB554, 0xAD33, 0xA513, 0xA513,
  0xB533, 0xB533, 0xB554, 0xB554, 0xB533, 0xB554, 0xB553, 0xB553, 0xBD73, 0xBD73, 0xBD73, 0xC593, 0xC593, 0xC593, 0xC593, 0xC593,
  0xC593, 0xC593, 0xC5B4, 0xBD73, 0x21C7, 0x5288, 0xBCCE, 0xCD90, 0xCD70, 0xC52F, 0xBD2F, 0xACCF, 0x83CC, 0x31C6, 0x5287, 0xEE96,
  0xF6F9, 0xF719, 0xF719, 0xF719, 0xFF19, 0xFF19, 0xF719, 0xF718, 0xF719, 0xF719, 0xF719, 0xFF18, 0xF718, 0xF6F8, 0xFF18, 0xF718,
  0xF6F8, 0xFF38, 0xF718, 0xF6F8, 0xF6F8, 0xF718, 0xF718, 0xF6F8, 0xFF18, 0xFF18, 0xFF18, 0xFF18, 0xFF38, 0xFF18, 0xFF38, 0xFF38,
  0xFF18, 0xFF38, 0xFF18, 0xFF18, 0xFF18, 0xFF18, 0xFF18, 0xFF18, 0xFF18, 0xFF18, 0xFF18, 0xFF18, 0xFF18, 0xFF18, 0xFF18, 0xFF18,
  0xFF18, 0xFF18, 0xFF18, 0xFF18, 0xFF18, 0xFF18, 0xFF18, 0xFF18, 0xFF18, 0xFF18, 0xFF18, 0xFF17, 0xFF17, 0xFF17, 0xFF17, 0xFF17,
  0xFF17, 0xFF37, 0xFF37, 0xFF17, 0xFF17, 0xFF17, 0xFF17, 0xFF17, 0xFF17, 0xFF17, 0xFF17, 0xFF17, 0xFF17, 0xFF17, 0xFF17, 0xFF37,
  0xFF17, 0xFF17, 0xFF17, 0xFF17, 0xFF17, 0xFF17, 0xFF17, 0xFF17, 0xFF17, 0xFF17, 0xFF37, 0xFF17, 0xFF17, 0xFF17, 0xFF37, 0xFF17,
  0xFF17, 0xFF37, 0xFF37, 0xFF37, 0xFF37, 0xFF37, 0xFF37, 0xFF37, 0xFF37, 0xFF37, 0xFF37, 0xFF37, 0xFF37, 0xFF37, 0xFF37, 0xFF37,
  0xFF37, 0xFF37, 0xFF37, 0xFF38, 0xFF38, 0xFF38, 0xFF38, 0xFF38, 0xFF58, 0xFF58, 0xFF58, 0xFF58, 0xFF58, 0xFF58, 0xFF58, 0xFF58,
  0xFF79, 0xFF37, 0xBC88, 0xCD6C, 0xEEB4, 0xFFDC, 0xCD6F, 0xAC47, 0xFF9A, 0xDE52, 0xA3E7, 0xEEB5, 0xAC6A, 0xE673, 0xEE94, 0xFF9A,
  0x4A26, 0x31A4, 0x31A4, 0x41E5, 0x5288, 0x4A26, 0x2984, 0x2943, 0x2123, 0x3164, 0x41E5, 0x4A06, 0x41E5, 0x41E5, 0x4A26, 0x4A05,
  0x4A06, 0x4A06, 0x4A26, 0x4A47, 0x5247, 0x4206, 0x72C7, 0x8B27, 0x9B67, 0xCC8A, 0xB429, 0xBC4A, 0xCCAB, 0xCC8A, 0xCC8A, 0xCC8A,
  0xCCAA, 0xC46A, 0xBC4A, 0xC48A, 0xA3C8, 0x1965, 0x4AC9, 0x9C8D, 0x844D, 0x8C4C, 0x844C, 0x948D, 0x9C4C, 0x1104, 0x1945, 0x1944,
  0x1945, 0x1945, 0x1924, 0x1924, 0x1945, 0x1945, 0x1945, 0x1945, 0x1924, 0x1945, 0x1945, 0x1945, 0x1945, 0x1945, 0x1945, 0x10C3,
  0x18C4, 0x1905, 0x1925, 0x2946, 0x2967, 0x1904, 0x2105, 0x2125, 0x18E4, 0x10A3, 0x4184, 0x7AA6, 0x69C2, 0x7A02, 0x8A63, 0xB324,
  0xCB85, 0xB324, 0x59C4, 0x7265, 0x6246, 0x9B69, 0x6287, 0x1944, 0x2165, 0x1944, 0x2164, 0x1944, 0x1924, 0x1945, 0x1945, 0x1924,
  0x1924, 0x1904, 0x10E3, 0x10C3, 0x1104, 0x1104, 0x1104, 0x1965, 0x1124, 0x2144, 0x6B08, 0x9BE8, 0x9BE7, 0xA408, 0x9C0A, 0x9BE9,
  0x9C0A, 0x942C, 0x9C6E, 0x31C6, 0x62C7, 0xB4AC, 0xA48D, 0xA46C, 0x9C6E, 0xA48E, 0x9C4D, 0x9C4D, 0xACCF, 0x4A68, 0x1145, 0x1986,
  0x2186, 0x1145, 0x4A88, 0x946D, 0x844C, 0x842C, 0xA4AD, 0xA4D0, 0x9490, 0x9CB1, 0x9CB1, 0x9CB2, 0x9CD2, 0xA4F2, 0x9CB2, 0x8471,
  0x9CF2, 0xB533, 0xB554, 0xB554, 0xAD33, 0xAD33, 0xB533, 0xB533, 0xB553, 0xBD73, 0xBD73, 0xBD73, 0xBD73, 0xBD73, 0xC572, 0xC572,
  0xC593, 0xC593, 0xC5B4, 0xBD74, 0x21C7, 0x4A68, 0xC52F, 0xDDF1, 0xDDF1, 0xDDF1, 0xE632, 0xDDF2, 0x9C6E, 0x31E7, 0x5287, 0xCD93,
  0xC5B5, 0xD636, 0xD637, 0xCE16, 0xD656, 0xDE57, 0xCE16, 0xD616, 0xD636, 0xD616, 0xCE16, 0xD636, 0xCE15, 0xC5D5, 0xCE16, 0xCDD5,
  0xC5D5, 0xCDF5, 0xC5D5, 0xC5B5, 0xBDB4, 0xC5D5, 0xC5D5, 0xC5B4, 0xCDF5, 0xCDF5, 0xCDD5, 0xD615, 0xDE55, 0xDE55, 0xDE55, 0xEE96,
  0xF6F7, 0xF6F7, 0xFF38, 0xFF39, 0xFF38, 0xFF38, 0xFF38, 0xFF18, 0xFF18, 0xFF18, 0xFF18, 0xFF18, 0xFF18, 0xFF18, 0xFF18, 0xFF18,
  0xFF18, 0xFF18, 0xFF18, 0xFF18, 0xFF18, 0xFF18, 0xFF18, 0xFF18, 0xFF18, 0xFF18, 0xFF18, 0xFF17, 0xFF17, 0xFF17, 0xFF17, 0xFF17,
  0xFF17, 0xFF17, 0xFF17, 0xFF17, 0xFF37, 0xFF17, 0xFF17, 0xFF17, 0xFF17, 0xFF17, 0xFF17, 0xFF37, 0xFF37, 0xFF37, 0xFF37, 0xFF37,
  0xFF37, 0xFF37, 0xFF37, 0xFF17, 0xFF17, 0xFF17, 0xFF37, 0xFF37, 0xFF37, 0xFF37, 0xFF37, 0xFF17, 0xFF17, 0xFF37, 0xFF37, 0xFF37,
  0xFF37, 0xFF37, 0xFF37, 0xFF37, 0xFF37, 0xFF37, 0xFF37, 0xFF37, 0xFF37, 0xFF37, 0xFF37, 0xFF37, 0xFF37, 0xFF37, 0xFF37, 0xFF37,
  0xFF37, 0xFF37, 0xFF38, 0xFF38, 0xFF38, 0xFF38, 0xFF58, 0xFF38, 0xFF58, 0xFF58, 0xFF58, 0xFF58, 0xFF58, 0xFF58, 0xFF58, 0xFF58,
  0xFF79, 0xEE94, 0xCD4C, 0xFF37, 0xFF99, 0xD5D0, 0xA3E5, 0xEED5, 0xFFDC, 0xA3E7, 0xB489, 0xF737, 0xA3E6, 0xCD0B, 0xD5F1, 0xDDD0,
  0x4A27, 0x2983, 0x31A4, 0x39C5, 0x39E5, 0x4206, 0x2943, 0x2963, 0x3184, 0x2963, 0x39C5, 0x5227, 0x39A4, 0x39A4, 0x4A27, 0x4A26,
  0x4A26, 0x4A26, 0x4A26, 0x4A26, 0x5247, 0x41E6, 0x8B48, 0xC449, 0xA3A8, 0xA388, 0xBC49, 0xBC29, 0xC46A, 0xCCAB, 0xCCAA, 0xCCAA,
  0xD4CB, 0xCCAA, 0xC48A, 0x9B87, 0x6245, 0x1965, 0x42A8, 0x8C6D, 0x8C4D, 0x844C, 0x844D, 0x94AD, 0x9C2C, 0x1104, 0x1945, 0x1945,
  0x1945, 0x1945, 0x1924, 0x1924, 0x1945, 0x1945, 0x1945, 0x1925, 0x1924, 0x1945, 0x1945, 0x1945, 0x1925, 0x1945, 0x10E3, 0x10C3,
  0x18E4, 0x1905, 0x2146, 0x2946, 0x39A7, 0x31A7, 0x18E4, 0x18E4, 0x2104, 0x2946, 0x2966, 0x83EE, 0xACF1, 0x7AC7, 0x5182, 0x69E3,
  0x8223, 0x9BED, 0x4A07, 0x7245, 0x5A25, 0x6288, 0x8309, 0x39E6, 0x1944, 0x2144, 0x2164, 0x2164, 0x1924, 0x2144, 0x1945, 0x1924,
  0x1904, 0x1104, 0x10E3, 0x10E3, 0x1104, 0x1104, 0x1104, 0x2165, 0x2165, 0x2164, 0x7348, 0xA408, 0x9BC6, 0xA407, 0xAC28, 0xA429,
  0xA46B, 0x940C, 0x9C4D, 0x31C6, 0x62C7, 0xB48B, 0xA429, 0xAC49, 0x9C6D, 0xA46D, 0xA44C, 0xA44C, 0x9CD0, 0x4248, 0x1145, 0x1986,
  0x1986, 0x1145, 0x4A67, 0x946D, 0x844C, 0x842C, 0xA4AD, 0xACD0, 0x9490, 0x9C8F, 0x946F, 0x9C90, 0x9491, 0x9471, 0x8C50, 0x8430,
  0x8C92, 0x94B2, 0xA4F2, 0xA513, 0x94B2, 0x94B1, 0x94B1, 0x9491, 0xA4D1, 0xBD53, 0xAD33, 0x9CD2, 0xB533, 0xBD72, 0x9CD1, 0xAD12,
  0xB552, 0xB532, 0xC573, 0xB532, 0x1166, 0x4A67, 0xC52F, 0xBD2F, 0xC570, 0xCDB1, 0xD5B1, 0xCD91, 0x9C2E, 0x31A6, 0x5AA8, 0xD5F4,
  0xBDB4, 0xC594, 0xBD73, 0xB553, 0xB553, 0xB554, 0xB574, 0xB574, 0xB574, 0xB574, 0xB574, 0xB594, 0xB594, 0xB574, 0xB574, 0xB574,
  0xB594, 0xB574, 0xB574, 0xB574, 0xB594, 0xB594, 0xBD94, 0xBD94, 0xBD94, 0xBD94, 0xBD94, 0xBD94, 0xC5B4, 0xC5B4, 0xC5B4, 0xC5D4,
  0xD5F4, 0xD5F4, 0xE634, 0xEE95, 0xEE76, 0xF6D7, 0xF6F7, 0xFF18, 0xFF38, 0xFF38, 0xFF18, 0xFF18, 0xFF18, 0xFF18, 0xFF18, 0xFF18,
  0xFF18, 0xFF18, 0xFF18, 0xFF18, 0xFF18, 0xFF18, 0xFF18, 0xFF18, 0xFF18, 0xFF17, 0xFF17, 0xFF17, 0xFF17, 0xFF17, 0xFF17, 0xFF17,
  0xFF17, 0xFF17, 0xFF17, 0xFF17, 0xFF17, 0xFF17, 0xFF17, 0xFF17, 0xFF17, 0xFF37, 0xFF37, 0xFF37, 0xFF37, 0xFF37, 0xFF37, 0xFF37,
  0xFF37, 0xFF37, 0xFF37, 0xFF37, 0xFF17, 0xFF17, 0xFF17, 0xFF37, 0xFF37, 0xFF37, 0xFF37, 0xFF37, 0xFF37, 0xFF37, 0xFF37, 0xFF37,
  0xFF37, 0xFF37, 0xFF37, 0xFF37, 0xFF37, 0xFF37, 0xFF37, 0xFF37, 0xFF37, 0xFF37, 0xFF37, 0xFF37, 0xFF37, 0xFF37, 0xFF37, 0xFF37,
  0xFF37, 0xFF37, 0xFF37, 0xFF38, 0xFF38, 0xFF38, 0xFF38, 0xFF58, 0xFF58, 0xFF58, 0xFF58, 0xFF58, 0xFF58, 0xFF58, 0xFF58, 0xFF58,
  0xFF58, 0xFF58, 0xFF79, 0xFF58, 0xFF79, 0xDE11, 0xD5D0, 0xFF9A, 0xE652, 0xAC27, 0xC4EB, 0xFF9A, 0xD5CE, 0xE5EF, 0xA3C5, 0x9385,
  0x4A27, 0x31A4, 0x4A27, 0x5AA9, 0x39C5, 0x31A4, 0x39C5, 0x39A4, 0x39C4, 0x39E5, 0x4A26, 0x5267, 0x4A06, 0x41E5, 0x4A47, 0x4A27,
  0x4A47, 0x4A27, 0x4A26, 0x4A26, 0x4A26, 0x4206, 0x6AA7, 0xD4CB, 0xCCAB, 0xA3C8, 0xABE8, 0xB409, 0xBC29, 0xBC4A, 0xCCAB, 0xC46A,
  0xC46A, 0xC48A, 0xC449, 0xC489, 0x7AC6, 0x1125, 0x4AC9, 0x946D, 0x844C, 0x842C, 0x844D, 0x94AD, 0x9C2C, 0x1104, 0x1945, 0x1945,
  0x1945, 0x1945, 0x1104, 0x1924, 0x1945, 0x1945, 0x1945, 0x1945, 0x1924, 0x1944, 0x1945, 0x1944, 0x1945, 0x1904, 0x10A3, 0x10C3,
  0x18C4, 0x18E4, 0x1904, 0x2146, 0x2966, 0x31A7, 0x39C7, 0x3186, 0x2104, 0x31A7, 0x2987, 0x31A7, 0x9C70, 0x8B49, 0x7265, 0x38C0,
  0x6288, 0x734C, 0x4207, 0x7AA7, 0x6A24, 0x39C6, 0x72C9, 0x72C8, 0x1944, 0x2164, 0x2164, 0x2164, 0x1944, 0x2164, 0x1944, 0x1924,
  0x1104, 0x1104, 0x10E3, 0x10E3, 0x1104, 0x1104, 0x10C3, 0x31E5, 0x31E6, 0x2184, 0x8BC9, 0xAC29, 0xA3E6, 0x9BC6, 0x8B66, 0x93A6,
  0x93C8, 0x9C2B, 0xA46B, 0x3A06, 0x62C7, 0xAC4A, 0x9C09, 0xA429, 0xA46B, 0xAC4A, 0xA44B, 0xA48E, 0x9CD1, 0x4268, 0x1145, 0x1986,
  0x1986, 0x1145, 0x4267, 0x946C, 0x844D, 0x844C, 0xA4AD, 0xA4D0, 0x8C70, 0x946F, 0x9C8F, 0x946E, 0x948F, 0x9491, 0x8C51, 0x8430,
  0x9491, 0x94B2, 0x8C71, 0x8C71, 0x8C71, 0x8C71, 0x8C71, 0x8C51, 0x8C71, 0x94B2, 0x8C71, 0x8C71, 0x9491, 0x9CB1, 0x8450, 0xA4F2,
  0x94B1, 0x8C91, 0xACF0, 0xA4AF, 0x1986, 0x4A88, 0xCD71, 0xD5D2, 0xD5B1, 0xC571, 0xBD30, 0xBD10, 0x940D, 0x31C7, 0x5AE9, 0xD5F4,
  0xBDB4, 0xC594, 0xBD94, 0xBD73, 0xC573, 0xBD73, 0xBD74, 0xB574, 0xBD95, 0xBD95, 0xBD95, 0xBD94, 0xBD94, 0xBD94, 0xBD94, 0xBD95,
  0xBD94, 0xBD94, 0xBD94, 0xB574, 0xB594, 0xBD95, 0xBD95, 0xBD95, 0xBD95, 0xBD94, 0xBD94, 0xBDB4, 0xC5B4, 0xC5D4, 0xC5D4, 0xC5D4,
  0xC5D4, 0xCDD4, 0xCDD3, 0xD5F3, 0xD5F3, 0xDDF3, 0xDDF3, 0xDE14, 0xEE75, 0xF6D7, 0xFF18, 0xFF18, 0xFF38, 0xFF38, 0xFF18, 0xFF18,
  0xFF18, 0xFF17, 0xFF18, 0xFF18, 0xFF18, 0xFF18, 0xFF18, 0xFF18, 0xFF38, 0xFF38, 0xFF38, 0xFF38, 0xFF38, 0xFF17, 0xFF38, 0xFF37,
  0xFF37, 0xFF38, 0xFF38, 0xFF38, 0xFF17, 0xFF17, 0xFF17, 0xFF17, 0xFF37, 0xFF37, 0xFF37, 0xFF37, 0xFF37, 0xFF37, 0xFF37, 0xFF37,
  0xFF37, 0xFF37, 0xFF37, 0xFF37, 0xFF37, 0xFF37, 0xFF37, 0xFF37, 0xFF17, 0xFF37, 0xFF37, 0xFF37, 0xFF37, 0xFF37, 0xFF37, 0xFF37,
  0xFF37, 0xFF37, 0xFF37, 0xFF37, 0xFF37, 0xFF37, 0xFF37, 0xFF37, 0xFF37, 0xFF37, 0xFF37, 0xFF37, 0xFF37, 0xFF37, 0xFF37, 0xFF38,
  0xFF38, 0xFF38, 0xFF38, 0xFF38, 0xFF38, 0xFF38, 0xFF38, 0xFF58, 0xFF58, 0xFF58, 0xFF58, 0xFF58, 0xFF58, 0xFF58, 0xFF58, 0xFF58,
  0xFF58, 0xFF58, 0xFF58, 0xFF58, 0xFF58, 0xFF58, 0xFF9A, 0xF716, 0xE631, 0xFF37, 0xF6D5, 0xFF79, 0xFF58, 0xFFB9, 0xDDF1, 0xB468,
  0x4A47, 0x4A27, 0x5268, 0x5268, 0x3184, 0x2143, 0x39C5, 0x4206, 0x4A47, 0x4A47, 0x4A47, 0x5247, 0x4A27, 0x4A26, 0x5247, 0x4A47,
  0x4A47, 0x4A27, 0x4A26, 0x5226, 0x5247, 0x4206, 0x8348, 0xDD0C, 0xC4AB, 0xC48B, 0xB429, 0xB409, 0xB429, 0xB429, 0xBC29, 0xA3A8,
  0xB409, 0xCC8A, 0xBC29, 0xD4EB, 0x9347, 0x1124, 0x52A8, 0x946C, 0x844C, 0x844C, 0x844D, 0x94AD, 0x940B, 0x08E4, 0x1945, 0x1945,
  0x1945, 0x1945, 0x1904, 0x1924, 0x1945, 0x1945, 0x1945, 0x1945, 0x1924, 0x1945, 0x1945, 0x1945, 0x1945, 0x10C3, 0x10A3, 0x10C3,
  0x18C4, 0x18C4, 0x10C4, 0x18E4, 0x2966, 0x31A7, 0x31A7, 0x31A7, 0x3166, 0x41E8, 0x31A7, 0x39A7, 0x41E6, 0x6246, 0xA44E, 0x8A85,
  0x8BAC, 0x41C5, 0x18E3, 0x6A88, 0x92C6, 0x41E6, 0x5248, 0x8329, 0x41E6, 0x1124, 0x2185, 0x2165, 0x1944, 0x2164, 0x2144, 0x1924,
  0x1104, 0x1104, 0x10E3, 0x10E3, 0x10E4, 0x10E4, 0x10E3, 0x4226, 0x31E5, 0x2164, 0x93C9, 0xAC49, 0x8387, 0x8366, 0x7B26, 0x8B65,
  0x7B47, 0x9C0A, 0xA44A, 0x39E6, 0x62C7, 0xAC6B, 0x940C, 0x940B, 0x9C2B, 0x940B, 0x9C4C, 0xA48D, 0xACCF, 0x4A68, 0x1145, 0x1986,
  0x1986, 0x1145, 0x4267, 0x8C6D, 0x844D, 0x7C0C, 0xA4AD, 0x9CB0, 0x8450, 0x8C50, 0x8C70, 0x9470, 0x946F, 0x9491, 0x9CB1, 0x9491,
  0x9CB1, 0xB532, 0xB552, 0xB551, 0xB551, 0xAD31, 0xAD32, 0xAD11, 0xA4F1, 0xA4F1, 0xA4D1, 0x9CB0, 0x9490, 0x94B1, 0x94B1, 0x94B1,
  0x9491, 0x8C50, 0x8C70, 0x8C2F, 0x19C7, 0x52A9, 0xD5B1, 0xF694, 0xEE73, 0xE612, 0xE5F1, 0xE613, 0xACB0, 0x39E7, 0x62E9, 0xCDB3,
  0xB532, 0xBD51, 0xBD73, 0xBD74, 0xC594, 0xC593, 0xC593, 0xC573, 0xB511, 0xAD12, 0xB554, 0xBD95, 0xB595, 0xBD95, 0xBD95, 0xBD95,
  0xB574, 0xB574, 0xB574, 0xB574, 0xB574, 0xBD94, 0xBD94, 0xBD94, 0xC5B4, 0xC5B4, 0xC5B4, 0xC5D4, 0xCDD4, 0xCDD4, 0xCDD4, 0xD5F4,
  0xD5F4, 0xD5F4, 0xD5F3, 0xD5F3, 0xD5F3, 0xD5F3, 0xDE13, 0xDDF3, 0xD5F3, 0xDDF3, 0xDE14, 0xDE14, 0xEE96, 0xEEB6, 0xF6F7, 0xFF38,
  0xFF38, 0xFF38, 0xFF38, 0xFF38, 0xFF38, 0xFF38, 0xFF38, 0xFF38, 0xF6F7, 0xF6D6, 0xE675, 0xEEB6, 0xE655, 0xD5F4, 0xE675, 0xDE35,
  0xDE34, 0xEE75, 0xF6D6, 0xFF17, 0xFF38, 0xFF38, 0xFF37, 0xFF17, 0xFF17, 0xFF17, 0xFF37, 0xFF17, 0xFF37, 0xFF37, 0xFF37, 0xFF38,
  0xFF38, 0xFF38, 0xFF38, 0xFF37, 0xFF37, 0xFF37, 0xFF37, 0xFF17, 0xFF37, 0xFF37, 0xFF37, 0xFF38, 0xFF38, 0xFF38, 0xFF38, 0xFF38,
  0xFF38, 0xFF37, 0xFF37, 0xFF38, 0xFF38, 0xFF38, 0xFF38, 0xFF38, 0xFF38, 0xFF38, 0xFF38, 0xFF37, 0xFF37, 0xFF37, 0xFF38, 0xFF38,
  0xFF38, 0xFF38, 0xFF38, 0xFF38, 0xFF38, 0xFF38, 0xFF58, 0xFF58, 0xFF58, 0xFF58, 0xFF58, 0xFF58, 0xFF58, 0xFF58, 0xFF58, 0xFF58,
  0xFF58, 0xFF58, 0xFF58, 0xFF58, 0xFF58, 0xFF58, 0xFF58, 0xFF58, 0xFF79, 0xFF58, 0xFF59, 0xFF58, 0xF6F6, 0xC50C, 0xEED6, 0xFFFC,
  0x5268, 0x5267, 0x5288, 0x39C5, 0x2143, 0x2963, 0x41E5, 0x4A06, 0x4A48, 0x4A47, 0x4A47, 0x5268, 0x4A47, 0x4A06, 0x5268, 0x5247,
  0x4A47, 0x4A26, 0x5246, 0x5246, 0x5247, 0x5247, 0x6AA6, 0xC48A, 0xCCCB, 0xCC8A, 0xBC6A, 0xBC4A, 0xBC4A, 0xB409, 0xA3A7, 0x9B67,
  0xBC29, 0xC48A, 0xC46A, 0xD4EB, 0x8B47, 0x1124, 0x4A88, 0x946C, 0x844C, 0x8C6D, 0x844D, 0x94AE, 0x9C0B, 0x08E4, 0x1945, 0x1945,
  0x1945, 0x1945, 0x1104, 0x1924, 0x1965, 0x1945, 0x1945, 0x1945, 0x1924, 0x1945, 0x1945, 0x1945, 0x1945, 0x10C3, 0x10A3, 0x10A3,
  0x10C3, 0x18E4, 0x2125, 0x2146, 0x2146, 0x31A7, 0x31A7, 0x2125, 0x2124, 0x3165, 0x41E8, 0x39C7, 0x39A7, 0x49E5, 0x9C6F, 0xAC6E,
  0xAC8F, 0x6287, 0x18E3, 0x4A28, 0x72A8, 0x6A87, 0x41E7, 0x4A07, 0x7AC8, 0x1944, 0x2165, 0x2165, 0x1944, 0x2164, 0x1944, 0x1924,
  0x1904, 0x1104, 0x10E3, 0x10E3, 0x1104, 0x1104, 0x10E3, 0x4247, 0x31C5, 0x2144, 0x7308, 0x9BC8, 0x93A7, 0x8366, 0x8B86, 0x93A6,
  0x8BA8, 0x8BAA, 0x940A, 0x31C5, 0x62E8, 0xB48B, 0x940A, 0x9C4B, 0x940B, 0x8BEC, 0x8C0C, 0x83EC, 0xAC8D, 0x4247, 0x1166, 0x19A6,
  0x19A6, 0x1166, 0x4268, 0x8C6D, 0x842C, 0x7BEC, 0x9C8C, 0x9C8F, 0x8450, 0x8C50, 0x8C50, 0x8C50, 0x8C70, 0x9470, 0x944E, 0x8C4F,
  0x842F, 0x8C4F, 0x9CB0, 0xAD11, 0xAD31, 0xB572, 0xBD72, 0xBD72, 0xBD92, 0xBD92, 0xC571, 0xC571, 0xC571, 0xC591, 0xC591, 0xC571,
  0xBD51, 0xB530, 0xB530, 0xA4CF, 0x19C7, 0x52A9, 0xD591, 0xEE33, 0xE612, 0xE613, 0xE613, 0xE654, 0xACD1, 0x3A07, 0x5AC9, 0xB511,
  0x9490, 0xA4D0, 0xC572, 0xBD94, 0xB531, 0xC593, 0xC593, 0xACD0, 0xA48F, 0xA48F, 0xACAF, 0xACF1, 0xB512, 0xB533, 0xB574, 0xB574,
  0xB573, 0xBD94, 0xBD94, 0xC5B4, 0xBD94, 0xBD94, 0xBD94, 0xBD94, 0xBD94, 0xBDB4, 0xBDB4, 0xC5B4, 0xC5B4, 0xC5B4, 0xC5B4, 0xCDD4,
  0xCDD4, 0xD5F4, 0xD5F3, 0xDDF3, 0xDDF3, 0xDE13, 0xE613, 0xE633, 0xE633, 0xE633, 0xE613, 0xE612, 0xDDF2, 0xDDF3, 0xE613, 0xEE54,
  0xEE95, 0xEE96, 0xEE96, 0xE676, 0xDE15, 0xDE35, 0xDE35, 0xD5F4, 0xCDB3, 0xCDB3, 0xC593, 0xC593, 0xC593, 0xCDB3, 0xCDB3, 0xCDB3,
  0xCD93, 0xCDB3, 0xD5B2, 0xE613, 0xF6B5, 0xF695, 0xFF17, 0xFF38, 0xFF38, 0xFF37, 0xFF17, 0xFF17, 0xFF17, 0xFF37, 0xFF38, 0xFF37,
  0xFF37, 0xFF37, 0xFF38, 0xFF38, 0xFF38, 0xFF38, 0xFF37, 0xFF37, 0xFF37, 0xFF37, 0xFF37, 0xFF38, 0xFF38, 0xFF38, 0xFF38, 0xFF38,
  0xFF38, 0xFF38, 0xFF38, 0xFF38, 0xFF38, 0xFF38, 0xFF38, 0xFF38, 0xFF37, 0xFF37, 0xFF37, 0xFF37, 0xFF37, 0xFF37, 0xFF38, 0xFF38,
  0xFF38, 0xFF38, 0xFF38, 0xFF38, 0xFF38, 0xFF38, 0xFF58, 0xFF58, 0xFF58, 0xFF58, 0xFF58, 0xFF58, 0xFF58, 0xFF58, 0xFF58, 0xFF58,
  0xFF58, 0xFF58, 0xFF58, 0xFF58, 0xFF59, 0xFF59, 0xFF58, 0xFF59, 0xFF59, 0xFF58, 0xFF79, 0xFF79, 0xFF37, 0xB48A, 0xAC27, 0xE674,
  0x41E5, 0x4A26, 0x4A67, 0x31A4, 0x3184, 0x39A5, 0x41E6, 0x4A06, 0x4A68, 0x4A68, 0x5288, 0x5288, 0x5288, 0x41E6, 0x4206, 0x4A47,
  0x4A47, 0x5247, 0x5247, 0x5267, 0x5267, 0x4A26, 0x5225, 0x6266, 0x9367, 0xABE8, 0xC46A, 0xC46A, 0xCCAA, 0xABC8, 0xBC28, 0xD4AA,
  0xD4AA, 0xCCAA, 0xDCEB, 0xD4EB, 0x6245, 0x1125, 0x4268, 0x8C6C, 0x8C4C, 0x8C6D, 0x844D, 0x94AE, 0x9C0B, 0x08E4, 0x1945, 0x1945,
  0x1945, 0x1945, 0x1904, 0x1924, 0x1945, 0x1945, 0x1945, 0x1945, 0x1924, 0x1945, 0x1944, 0x1945, 0x1945, 0x10A3, 0x10A3, 0x10A3,
  0x10C3, 0x18E4, 0x18E4, 0x2125, 0x2966, 0x3186, 0x31A7, 0x2125, 0x2945, 0x18C3, 0x2124, 0x39C7, 0x39C7, 0x49E6, 0x6265, 0x9C4D,
  0xA46F, 0x8B69, 0x3164, 0x4A08, 0x5249, 0x6227, 0x49E6, 0x3186, 0x72C8, 0x41E5, 0x1944, 0x2165, 0x1944, 0x2145, 0x1945, 0x1924,
  0x1924, 0x1924, 0x10E3, 0x10E3, 0x1104, 0x1104, 0x10E3, 0x4247, 0x31E5, 0x1924, 0x8BA9, 0xB428, 0x8386, 0x9BE7, 0x9BE7, 0x7B26,
  0x7B46, 0x8346, 0x9C08, 0x31E5, 0x62E8, 0xB46A, 0x9BE7, 0xA44A, 0x940A, 0x93EA, 0x8BEC, 0x838A, 0xA46C, 0x4268, 0x1166, 0x19A6,
  0x19A6, 0x1166, 0x4288, 0x8C4C, 0x7C0C, 0x7BEC, 0xA4AD, 0x9C8F, 0x8C2F, 0x8C30, 0x8C4F, 0x944D, 0x8C4F, 0x8C2F, 0x8C2F, 0x8C2F,
  0x8430, 0x8C50, 0x9491, 0x94B1, 0x9490, 0xAD31, 0xBD72, 0xAD31, 0xA4D0, 0xB531, 0xB531, 0xC571, 0xC591, 0xACCF, 0xA4CE, 0xB50F,
  0xBD2F, 0xBD2F, 0xC570, 0xB50F, 0x1986, 0x5288, 0xCD70, 0xEE33, 0xE633, 0xE654, 0xEE75, 0xE654, 0xACB0, 0x31E7, 0x5AA8, 0xB510,
  0x9490, 0x94B0, 0xA4F1, 0xA4F1, 0x9C8F, 0xACF1, 0xB512, 0x944F, 0x9C6F, 0x944F, 0x944F, 0xACAE, 0xACCF, 0xB4F0, 0xA4D1, 0x9C8F,
  0xA4AF, 0xB532, 0xBD94, 0xB553, 0xB553, 0xBD95, 0xBD95, 0xBD95, 0xBDB4, 0xBDB4, 0xBDB4, 0xC5B5, 0xC5B5, 0xC5B4, 0xBDB4, 0xBD94,
  0xC5B4, 0xC5D4, 0xCDD4, 0xCDD4, 0xCDD3, 0xD5D3, 0xDDF3, 0xDDF3, 0xDDF3, 0xDDF3, 0xD5F3, 0xD5D3, 0xD5D3, 0xCDB3, 0xC593, 0xC593,
  0xBD73, 0xC573, 0xC593, 0xC593, 0xC593, 0xC593, 0xC593, 0xC593, 0xCD93, 0xCDB3, 0xCDB3, 0xCD93, 0xCDB3, 0xCDB3, 0xCDB3, 0xCDB3,
  0xCDB3, 0xCDB3, 0xD5B3, 0xD5B2, 0xDDD2, 0xE5F2, 0xEE33, 0xEE54, 0xF695, 0xFF17, 0xFF38, 0xFF38, 0xFF38, 0xFF38, 0xFF38, 0xFF37,
  0xFF37, 0xFF37, 0xFF38, 0xFF38, 0xFF38, 0xFF37, 0xFF37, 0xFF37, 0xFF37, 0xFF17, 0xFF38, 0xFF37, 0xFF38, 0xFF58, 0xFF58, 0xFF37,
  0xFF38, 0xFF38, 0xFF38, 0xFF37, 0xFF37, 0xFF38, 0xFF38, 0xFF38, 0xFF38, 0xFF38, 0xFF38, 0xFF38, 0xFF38, 0xFF38, 0xFF38, 0xFF38,
  0xFF38, 0xFF38, 0xFF38, 0xFF38, 0xFF38, 0xFF38, 0xFF38, 0xFF38, 0xFF58, 0xFF38, 0xFF58, 0xFF58, 0xFF58, 0xFF58, 0xFF58, 0xFF58,
  0xFF58, 0xFF58, 0xFF58, 0xFF58, 0xFF58, 0xFF58, 0xFF58, 0xFF59, 0xFF58, 0xFF79, 0xF6D5, 0xEE73, 0xFF9A, 0xFF17, 0xBC68, 0x9BC6,
  0x41E6, 0x39C5, 0x41E5, 0x39C5, 0x39C5, 0x39A5, 0x41C5, 0x41E5, 0x4206, 0x4A47, 0x5268, 0x4A27, 0x4A47, 0x41E6, 0x3163, 0x39A4,
  0x41C5, 0x41E5, 0x41E5, 0x39A4, 0x3184, 0x2943, 0x3143, 0x39A4, 0x4A04, 0x6244, 0x72A5, 0x8307, 0x9BA8, 0x82E6, 0x7AC6, 0x8B26,
  0xA3A8, 0xA3A8, 0x9BA8, 0x7285, 0x20E2, 0x1165, 0x4A88, 0x8C6D, 0x842C, 0x8C4C, 0x844C, 0x94AD, 0x9C0B, 0x08E4, 0x1945, 0x1945,
  0x1945, 0x1945, 0x1924, 0x1924, 0x1945, 0x1945, 0x1945, 0x1945, 0x1924, 0x1944, 0x1944, 0x1945, 0x1924, 0x10A3, 0x10A3, 0x10A3,
  0x10C3, 0x18C4, 0x18E4, 0x1905, 0x1905, 0x2966, 0x39C7, 0x3165, 0x18E4, 0x2945, 0x18C3, 0x2925, 0x4208, 0x4A28, 0x5A46, 0x72C6,
  0x8327, 0xB42A, 0x3184, 0x39A6, 0x4A29, 0x7245, 0x49C4, 0x18E4, 0x4A08, 0x7B08, 0x1924, 0x2165, 0x1945, 0x1965, 0x1945, 0x1924,
  0x1924, 0x1924, 0x10E3, 0x10E3, 0x1104, 0x1104, 0x10E3, 0x4247, 0x31E6, 0x2165, 0x9C0A, 0xBC69, 0x7B45, 0x8B66, 0x93A6, 0x8346,
  0x7B25, 0x9BC6, 0xA427, 0x3A05, 0x6AE8, 0xAC49, 0x93EA, 0x940B, 0x940A, 0x9C2B, 0x8C0C, 0x83AA, 0xAC6A, 0x4A67, 0x1166, 0x19A6,
  0x19A6, 0x1966, 0x3A47, 0x8C4C, 0x840C, 0x7BEC, 0x9C8D, 0x9C8F, 0x842F, 0x842F, 0x942C, 0x9C6D, 0x8C2F, 0x8C2F, 0x8C2F, 0x8C2E,
  0x8C2F, 0x8C50, 0x9490, 0x94B1, 0x9491, 0xAD11, 0xBD92, 0x9CAF, 0x83ED, 0x946F, 0x9CB0, 0xAD11, 0xA4CF, 0x7BCC, 0x83CC, 0x8BEC,
  0x944D, 0xA46D, 0xB50F, 0xACCE, 0x1145, 0x4A68, 0xCD70, 0xEE34, 0xE613, 0xE634, 0xE633, 0xDE13, 0xA4AF, 0x31C6, 0x5287, 0xCDB0,
  0xBD70, 0xBD50, 0xB510, 0xB510, 0xACF0, 0xA4B0, 0x9C90, 0x8C4F, 0x8C2F, 0x840F, 0x840F, 0x946F, 0xA4AF, 0x9C6F, 0x944E, 0x946E,
  0x9C8F, 0xACAF, 0xAD11, 0x9490, 0x9C8F, 0xB531, 0xC5B4, 0xC5B4, 0xC5B4, 0xC5B4, 0xBD94, 0xBD94, 0xC5B4, 0xC5B4, 0xC5B4, 0xC5B4,
  0xC5B3, 0xC593, 0xC593, 0xC593, 0xC593, 0xC593, 0xBD73, 0xC573, 0xC573, 0xBD73, 0xC593, 0xC593, 0xCDB2, 0xCD92, 0xC592, 0xBD73,
  0xB553, 0xB553, 0xBD73, 0xBD93, 0xC593, 0xCDB3, 0xCDB3, 0xCDB3, 0xCDB3, 0xCDB3, 0xCD93, 0xC5B3, 0xCDB3, 0xCD93, 0xCDB3, 0xCDB3,
  0xD5B3, 0xCDB3, 0xD5B3, 0xD5D3, 0xD5D2, 0xD5D3, 0xD5B2, 0xDDD2, 0xDDD2, 0xE613, 0xEE74, 0xEE74, 0xEE75, 0xF6D6, 0xFEF7, 0xFF37,
  0xFF38, 0xFF58, 0xFF58, 0xFF38, 0xFF38, 0xFF38, 0xFF37, 0xFF17, 0xFF38, 0xFF79, 0xFEF6, 0xFF58, 0xFF16, 0xEE52, 0xEE93, 0xFF79,
  0xFF37, 0xFF58, 0xFF38, 0xFF37, 0xFF37, 0xFF38, 0xFF38, 0xFF38, 0xFF38, 0xFF38, 0xFF38, 0xFF38, 0xFF38, 0xFF38, 0xFF38, 0xFF38,
  0xFF38, 0xFF38, 0xFF38, 0xFF38, 0xFF38, 0xFF38, 0xFF58, 0xFF58, 0xFF58, 0xFF58, 0xFF58, 0xFF58, 0xFF58, 0xFF58, 0xFF58, 0xFF58,
  0xFF59, 0xFF59, 0xFF59, 0xFF59, 0xFF59, 0xFF59, 0xFF79, 0xFF59, 0xFF7A, 0xDE11, 0xA3E6, 0xC4C9, 0xFF37, 0xF6F5, 0xD56C, 0x9385,
  0x41C5, 0x39A5, 0x3984, 0x49E5, 0x3184, 0x2123, 0x2123, 0x2923, 0x2943, 0x41E5, 0x41E5, 0x3984, 0x39A4, 0x5247, 0x5288, 0x4A26,
  0x39C5, 0x39A4, 0x39C4, 0x3184, 0x3164, 0x3164, 0x3163, 0x5A45, 0x8327, 0x9BA7, 0x9B66, 0xC48A, 0x9388, 0x41A3, 0x72C6, 0x9388,
  0xAC2A, 0x8B68, 0x3963, 0x0861, 0x0882, 0x1966, 0x52C8, 0x946D, 0x842D, 0x8C4D, 0x842C, 0x948D, 0x940B, 0x08E4, 0x1945, 0x1945,
  0x1945, 0x1945, 0x1904, 0x1924, 0x1945, 0x1945, 0x1945, 0x1945, 0x1924, 0x1945, 0x1944, 0x1944, 0x1924, 0x10A3, 0x10A3, 0x10A3,
  0x10C3, 0x10C3, 0x18E4, 0x18E4, 0x2125, 0x2946, 0x2966, 0x41C7, 0x2104, 0x18E4, 0x3166, 0x2125, 0x2945, 0x4A29, 0x5A87, 0x6AA7,
  0x7AE7, 0x8B27, 0x39A4, 0x3186, 0x4A29, 0x5205, 0x3984, 0x10A3, 0x2946, 0x6268, 0x72A8, 0x1965, 0x1965, 0x2165, 0x1945, 0x1924,
  0x1904, 0x1104, 0x10E3, 0x10E3, 0x1104, 0x1104, 0x10E3, 0x4A67, 0x3A06, 0x2185, 0xA44A, 0xC469, 0x9385, 0x8345, 0x9386, 0xA3E7,
  0x8BA6, 0x9BC7, 0xB468, 0x39E5, 0x6B08, 0xB48B, 0x93C9, 0x93E8, 0x8387, 0x9BE8, 0x9C08, 0x93EA, 0xAC6B, 0x4247, 0x1166, 0x19A6,
  0x19A6, 0x1166, 0x4267, 0x844C, 0x7C0C, 0x7BEC, 0x9C6C, 0x946F, 0x7C10, 0x8C4F, 0x8C2D, 0x940A, 0x8C0C, 0x840F, 0x842F, 0x842F,
  0x8C2F, 0x842F, 0x83EE, 0x83EE, 0x8C30, 0x8C2F, 0x9C90, 0x8C0E, 0x83CA, 0x83EC, 0x840E, 0x840E, 0x83ED, 0x7BEC, 0x83EC, 0x7BCD,
  0x83ED, 0x942D, 0xA46D, 0xA48D, 0x1966, 0x5288, 0xD591, 0xEE54, 0xE613, 0xEE54, 0xEE54, 0xE613, 0xACB0, 0x31E7, 0x5AC8, 0xC590,
  0xB530, 0xB530, 0xB530, 0xBD50, 0xBD50, 0xBD50, 0xB530, 0xB530, 0xAD10, 0xA4CF, 0x9CAF, 0x946F, 0x946F, 0x8C2F, 0x8C2F, 0x8C4F,
  0x8C4F, 0xA48F, 0x946F, 0x8C50, 0x946F, 0xACCF, 0xB531, 0xA4D1, 0xA4F0, 0xBD93, 0xBD73, 0xA4F1, 0xACD0, 0xBD52, 0xC593, 0xBD73,
  0xC593, 0xBD93, 0xBD73, 0xBD93, 0xBD94, 0xBD94, 0xC5B4, 0xC5B3, 0xC5B3, 0xC5B3, 0xD5D3, 0xD5D3, 0xD5D3, 0xD5D3, 0xD5D2, 0xD5D2,
  0xD5D2, 0xCDB2, 0xC592, 0xBD72, 0xBD52, 0xBD52, 0xBD52, 0xC593, 0xC593, 0xCDB3, 0xCDB3, 0xD5D3, 0xD5B3, 0xD5B2, 0xDDD2, 0xDDD2,
  0xDDD2, 0xE5F2, 0xE612, 0xE612, 0xE612, 0xE612, 0xE612, 0xE612, 0xE612, 0xE5F2, 0xEE12, 0xE612, 0xE5F2, 0xE5F2, 0xDDF3, 0xE633,
  0xEE75, 0xEEB6, 0xF6B6, 0xFEF7, 0xFF17, 0xFF17, 0xFF38, 0xFF79, 0xF6D6, 0xCD4E, 0xD56D, 0xDDCF, 0xCD2B, 0xCCEA, 0xC4E9, 0xDDCE,
  0xDDAE, 0xEE31, 0xFF17, 0xFF79, 0xFF79, 0xFF58, 0xFF58, 0xFF58, 0xFF58, 0xFF58, 0xFF58, 0xFF58, 0xFF58, 0xFF58, 0xFF58, 0xFF58,
  0xFF58, 0xFF58, 0xFF58, 0xFF58, 0xFF58, 0xFF38, 0xFF38, 0xFF37, 0xFF38, 0xFF38, 0xFF37, 0xFF17, 0xFF17, 0xFF16, 0xFF17, 0xFF17,
  0xFF17, 0xFF17, 0xFF16, 0xFEF5, 0xFED5, 0xFED5, 0xFED5, 0xFF16, 0xFF58, 0xF6B4, 0x9BC6, 0x9BA5, 0xC4CA, 0xC4A8, 0xD54A, 0xC4CA,
  0x39E5, 0x4A26, 0x39E5, 0x39C4, 0x4206, 0x4206, 0x3984, 0x4206, 0x5268, 0x5A88, 0x5A88, 0x5288, 0x4A06, 0x41E5, 0x5268, 0x5ACA,
  0x5AA9, 0x5288, 0x5268, 0x5288, 0x5289, 0x7B29, 0xC48A, 0xD4CB, 0xD4EB, 0xD4EB, 0xD4CA, 0xDCEB, 0xCCAA, 0x9B88, 0xBC4A, 0xD4EC,
  0xDD2C, 0xD4EB, 0xABE9, 0x7AC6, 0x2944, 0x1986, 0x4A88, 0x8C4C, 0x842C, 0x8C4D, 0x844D, 0x94AD, 0x93EB, 0x08E4, 0x1945, 0x1945,
  0x1945, 0x1945, 0x1104, 0x1104, 0x1945, 0x1945, 0x1945, 0x1924, 0x1924, 0x1925, 0x1924, 0x1924, 0x1924, 0x10A3, 0x10A3, 0x10A3,
  0x10C3, 0x18C4, 0x18E4, 0x18E4, 0x2105, 0x2946, 0x3186, 0x41E7, 0x49E6, 0x18C3, 0x2125, 0x39C7, 0x2104, 0x3166, 0x4A07, 0x6286,
  0x6AA6, 0x72A6, 0x49E5, 0x2945, 0x4208, 0x39C7, 0x2125, 0x41A5, 0x5A46, 0x5A67, 0x82E9, 0x41E6, 0x1124, 0x2165, 0x1944, 0x1924,
  0x1904, 0x1104, 0x10E3, 0x10E3, 0x1104, 0x1104, 0x10E3, 0x4A66, 0x31C5, 0x2164, 0xA42A, 0xC489, 0x93A5, 0x8365, 0x7B25, 0x8B65,
  0x8366, 0x93A7, 0xB448, 0x31C4, 0x6AE8, 0xC4AA, 0x93C7, 0x93C7, 0x8BA8, 0x93E8, 0x9C08, 0x9C09, 0xACAB, 0x5287, 0x1166, 0x19A7,
  0x19A7, 0x1966, 0x4AA8, 0x842C, 0x7BEC, 0x7BEC, 0x8C2C, 0x9C8E, 0x93EA, 0x942D, 0x8C2D, 0x940B, 0x8C2D, 0x8430, 0x840E, 0x8BEC,
  0x840E, 0x8C0E, 0x83EE, 0x7BCE, 0x7BEF, 0x7BCE, 0x73CE, 0x7BAE, 0x7BCD, 0x7BCD, 0x7BED, 0x7BCD, 0x7BEE, 0x7BEE, 0x83CB, 0x83CC,
  0x840E, 0x840D, 0x840D, 0x8C0D, 0x21C7, 0x52A9, 0xCD91, 0xE613, 0xE612, 0xE633, 0xEE33, 0xDDD2, 0xACB0, 0x3A28, 0x52C9, 0xC550,
  0xA4CE, 0xACEE, 0xB4EE, 0xB50F, 0xB52F, 0xB530, 0xB530, 0xB530, 0xB530, 0xB52F, 0xB52F, 0xB52F, 0xB530, 0xB530, 0xACEF, 0xA4CF,
  0x9CAF, 0x9C8F, 0x8C6F, 0x8C2F, 0x8C4F, 0xA4D0, 0x9CB0, 0x8C50, 0x946F, 0xACF0, 0xA4F1, 0x8C70, 0x946F, 0xACF0, 0xA4F1, 0x9490,
  0xAD11, 0xBD73, 0xBD93, 0xBD52, 0xBD73, 0xBD93, 0xC5B4, 0xBDB4, 0xBD94, 0xBD93, 0xBD93, 0xBD73, 0xC593, 0xC593, 0xC593, 0xC593,
  0xCDB2, 0xD5D2, 0xDDD2, 0xDDD2, 0xDDD2, 0xD5B2, 0xCD92, 0xC572, 0xC572, 0xBD53, 0xC573, 0xC593, 0xCD93, 0xCD93, 0xCD93, 0xD5B3,
  0xD5B3, 0xD5D3, 0xD5D3, 0xDDD3, 0xDDF2, 0xE5F2, 0xE612, 0xE612, 0xE612, 0xE612, 0xE612, 0xEE32, 0xEE32, 0xEE32, 0xEE32, 0xEE12,
  0xE612, 0xDDF2, 0xDDD2, 0xDDF3, 0xDDF3, 0xE634, 0xDDF3, 0xD5B1, 0xEE94, 0xA409, 0x93A7, 0xAC28, 0xAC48, 0xBC89, 0xC4A8, 0xC487,
  0xD50A, 0xD50A, 0xEE72, 0xF694, 0xEE52, 0xFF17, 0xFEF6, 0xFEF6, 0xFED6, 0xF6D6, 0xF6D6, 0xF6D6, 0xFEF6, 0xF6F6, 0xF6B5, 0xF6B5,
  0xF6D6, 0xFED6, 0xF6B5, 0xF6B4, 0xF694, 0xF694, 0xF673, 0xF673, 0xF674, 0xF673, 0xF673, 0xF653, 0xF673, 0xF653, 0xF673, 0xF673,
  0xF673, 0xF673, 0xF673, 0xF673, 0xF673, 0xF652, 0xFE73, 0xDDB0, 0xEE52, 0xFF58, 0xE612, 0x8B86, 0x7AE2, 0x9BC5, 0x8B65, 0x6284,
  0x4A67, 0x5A88, 0x4206, 0x3A06, 0x4A47, 0x4A06, 0x41C5, 0x5288, 0x5AA9, 0x5288, 0x5268, 0x5247, 0x3164, 0x39A4, 0x5247, 0x5247,
  0x4A47, 0x5247, 0x5267, 0x5247, 0x5247, 0x5A88, 0xB42A, 0xCC8A, 0xC46A, 0xBC69, 0xBC49, 0xBC49, 0xC46A, 0xBC29, 0xABE9, 0xCCCB,
  0xBC49, 0xC449, 0xDD2B, 0xFDED, 0x7B07, 0x1145, 0x4288, 0x8C4C, 0x842C, 0x844C, 0x844D, 0x94AE, 0x940B, 0x08E4, 0x1945, 0x1945,
  0x1945, 0x1925, 0x1104, 0x1104, 0x1945, 0x1924, 0x1925, 0x1924, 0x1924, 0x1924, 0x1924, 0x1924, 0x1944, 0x10C3, 0x10A2, 0x10A3,
  0x10A3, 0x10C3, 0x18E4, 0x18E4, 0x18E4, 0x1905, 0x2145, 0x2966, 0x4A08, 0x49C5, 0x10A3, 0x2966, 0x31A7, 0x18C3, 0x3165, 0x6286,
  0x6AA6, 0x5245, 0x5225, 0x2124, 0x3166, 0x2145, 0x3145, 0xBBE9, 0xC44A, 0xDCEC, 0x9349, 0x82E8, 0x2964, 0x1945, 0x1945, 0x1124,
  0x1104, 0x1104, 0x10E3, 0x10E3, 0x1104, 0x1104, 0x10E3, 0x4A67, 0x31C5, 0x2984, 0x8B89, 0xC4AA, 0xAC47, 0xA427, 0xA3E7, 0xAC27,
  0x9BE7, 0x9C07, 0xB468, 0x31A4, 0x39C5, 0xAC09, 0xA408, 0x9C08, 0x9C09, 0x93C9, 0x8B88, 0x93E9, 0x9C09, 0x3A06, 0x1166, 0x19A7,
  0x19A7, 0x1966, 0x4288, 0x840C, 0x73CB, 0x638B, 0x8C2C, 0xA4AD, 0x9C09, 0x8C0C, 0x83EB, 0x9C08, 0xA48F, 0x946F, 0x944F, 0x83AA,
  0x7349, 0x8388, 0xA429, 0x83ED, 0x840D, 0x7BCE, 0x7BCE, 0x7BEE, 0x738C, 0x8BA9, 0x940B, 0x7BEE, 0x7BEF, 0x73CF, 0x7BAC, 0x83EC,
  0x840E, 0x840D, 0x840D, 0x7BCD, 0x21C7, 0x52C9, 0xCD91, 0xEE33, 0xE633, 0xE633, 0xEE54, 0xDDF3, 0xA4B0, 0x3A08, 0x5AC9, 0xBD2F,
  0x9C6E, 0x9C4D, 0xA48D, 0xB4CD, 0xB50E, 0xACEE, 0xACCE, 0xACEF, 0xACEF, 0xACEF, 0xAD0F, 0xB52F, 0xB530, 0xB530, 0xB52F, 0xB52F,
  0xB52F, 0xB50F, 0xACEF, 0xA4EF, 0xA4CF, 0x9CB0, 0x9490, 0x8C50, 0x842F, 0x8C2F, 0x8C50, 0x8C50, 0x9470, 0x9C8F, 0x946F, 0x946F,
  0x9C8F, 0xACF1, 0xA4F1, 0xA48F, 0xB531, 0xB531, 0xB510, 0xBD72, 0xC5B3, 0xC593, 0xC593, 0xC5B3, 0xC593, 0xC592, 0xC592, 0xC572,
  0xC592, 0xC593, 0xC593, 0xCDB2, 0xCDB2, 0xD5B2, 0xDDF2, 0xE612, 0xE612, 0xDDF2, 0xD5D2, 0xCD92, 0xC592, 0xC573, 0xC573, 0xCD93,
  0xCDB3, 0xD5D3, 0xDDD2, 0xDDF2, 0xDDF2, 0xDDD2, 0xDDD2, 0xE5F2, 0xE5F2, 0xE612, 0xE612, 0xE612, 0xEE12, 0xEE32, 0xEE32, 0xEE32,
  0xEE32, 0xEE32, 0xEE32, 0xEE32, 0xE612, 0xE612, 0xBCEE, 0x8368, 0x9BE9, 0x93C8, 0x8B88, 0x93C8, 0x93A8, 0x9BC8, 0xAC28, 0xBC88,
  0xB448, 0xC487, 0xD54B, 0xC4C8, 0xC4A8, 0xE5F2, 0xE634, 0xE613, 0xDE13, 0xDE13, 0xE613, 0xE613, 0xE613, 0xE613, 0xE613, 0xE633,
  0xEE33, 0xEE33, 0xEE33, 0xEE33, 0xEE53, 0xF653, 0xF653, 0xF653, 0xF653, 0xF653, 0xF653, 0xF653, 0xF653, 0xF673, 0xF673, 0xF673,
  0xF673, 0xF673, 0xF673, 0xF673, 0xF673, 0xFE94, 0xDD8E, 0x8365, 0x9C08, 0xD5B0, 0xDDF2, 0xD58F, 0x7AC3, 0x8B44, 0x7AC3, 0x5223,
  0x4A47, 0x4206, 0x39C5, 0x39C5, 0x31A5, 0x3164, 0x4A26, 0x5268, 0x5268, 0x5268, 0x4206, 0x3184, 0x3164, 0x4A06, 0x4A26, 0x4A26,
  0x4A06, 0x4A26, 0x5226, 0x4A26, 0x5226, 0x41E6, 0x72E7, 0xD4CA, 0xC46A, 0xBC49, 0xBC49, 0xBC49, 0xB429, 0x9B88, 0xB3E8, 0xCC8A,
  0xBC29, 0xBC29, 0xB409, 0xD50B, 0x9368, 0x1944, 0x4AA8, 0x8C4C, 0x842C, 0x842C, 0x842C, 0x94AD, 0x9C0B, 0x08E4, 0x1945, 0x1945,
  0x1945, 0x1925, 0x1104, 0x1104, 0x1924, 0x1924, 0x1924, 0x1924, 0x1924, 0x1924, 0x1924, 0x1924, 0x1945, 0x10E3, 0x1082, 0x10A3,
  0x10A3, 0x10A3, 0x18C3, 0x18E4, 0x1905, 0x2125, 0x3186, 0x41C7, 0x41C7, 0x6A67, 0x2924, 0x10C4, 0x2945, 0x2105, 0x10A3, 0x4A06,
  0x72E7, 0x5A66, 0x5A45, 0x2124, 0x2104, 0x08A3, 0x6A04, 0xC3A8, 0xC409, 0xD48B, 0xDCED, 0x6287, 0x72C8, 0x1945, 0x1945, 0x1124,
  0x1104, 0x1104, 0x10E3, 0x10E3, 0x1104, 0x1104, 0x10E4, 0x4226, 0x29A5, 0x1904, 0x2164, 0x39C5, 0x39E5, 0x4226, 0x39E6, 0x39E6,
  0x39E5, 0x31C5, 0x29A5, 0x1945, 0x1124, 0x1944, 0x2185, 0x21A6, 0x21A6, 0x21A6, 0x1965, 0x1985, 0x1965, 0x1145, 0x1986, 0x1986,
  0x19A7, 0x1986, 0x3A68, 0x73CC, 0x638B, 0x532B, 0x840B, 0xA48D, 0x8C0D, 0x8BCA, 0x93EA, 0x944D, 0x9C8F, 0x9C8F, 0x9C90, 0x8BEB,
  0x83AA, 0x83EB, 0x83CB, 0x83ED, 0xA48D, 0x944E, 0x8C0D, 0x73CE, 0x6B4A, 0x9BE7, 0x9C4C, 0x73AF, 0x8BEB, 0x942B, 0x9C2B, 0x9C4C,
  0x8C2D, 0x9C2B, 0x840E, 0x7BCD, 0x19C7, 0x52A9, 0xCD91, 0xE653, 0xE5F2, 0xEE54, 0xEE74, 0xD5F3, 0xA4B0, 0x3A07, 0x5AC9, 0xA4AF,
  0x840E, 0x8C0D, 0x8C0D, 0xA48D, 0xACAD, 0x8C0D, 0x942D, 0x944D, 0xA48D, 0xACAE, 0xACEF, 0xAD0F, 0xAD10, 0xAD30, 0xAD0F, 0xAD0F,
  0xAD0F, 0xAD0F, 0xAD0F, 0xB52F, 0xB52F, 0xBD4F, 0xB52F, 0xB50F, 0xACEF, 0xA4CF, 0x9CB0, 0x9490, 0x8C50, 0x8C70, 0x8C70, 0x8C50,
  0x946F, 0x9C8F, 0x9490, 0x9C90, 0xB4EF, 0x9C8F, 0x9C6F, 0xB4EF, 0xC571, 0xBD72, 0xAD11, 0xB530, 0xC571, 0xC592, 0xC592, 0xC592,
  0xCD92, 0xCDB2, 0xCDB2, 0xCDB2, 0xCDB2, 0xD5B2, 0xD5D2, 0xD5D2, 0xDDF2, 0xDDF2, 0xE5F1, 0xE611, 0xE5F2, 0xDDF2, 0xD5D2, 0xCDB3,
  0xC593, 0xC573, 0xC572, 0xD5B2, 0xDDD2, 0xE5F2, 0xDDF2, 0xE5F2, 0xE5F2, 0xE5F2, 0xE612, 0xEE12, 0xEE12, 0xEE12, 0xEE12, 0xE612,
  0xE633, 0xE632, 0xE612, 0xEE53, 0xC54F, 0x9C2A, 0xAC8C, 0x7B47, 0x8368, 0x8368, 0x8B88, 0x8B88, 0x8B88, 0x8368, 0x93A8, 0xAC27,
  0x9BE8, 0xBCA8, 0xCCC8, 0xBC88, 0xCD0A, 0xE612, 0xE633, 0xE634, 0xE634, 0xE633, 0xE613, 0xDE13, 0xE613, 0xE633, 0xEE34, 0xEE33,
  0xEE53, 0xEE53, 0xEE53, 0xEE53, 0xEE53, 0xEE53, 0xF653, 0xF653, 0xF653, 0xF673, 0xF673, 0xF673, 0xF673, 0xF673, 0xF673, 0xF673,
  0xF673, 0xF673, 0xF673, 0xF673, 0xF673, 0xF673, 0xEE11, 0xC50C, 0x7B04, 0x6AA3, 0x6283, 0xAC4A, 0x8B65, 0x72C3, 0x5203, 0x49E3,
  0x4A88, 0x4A47, 0x4226, 0x39E5, 0x2943, 0x31A4, 0x4A27, 0x4A27, 0x4A27, 0x5268, 0x41E5, 0x3164, 0x4A06, 0x4A26, 0x4A26, 0x4A26,
  0x4A26, 0x4A26, 0x4A26, 0x4A26, 0x5246, 0x41E6, 0x8348, 0xCCCB, 0xB409, 0xC46A, 0xC46A, 0xBC49, 0xB429, 0xC46A, 0xC46A, 0xBC49,
  0xBC49, 0xC46A, 0xC46A, 0xC48A, 0x7AE7, 0x1944, 0x62E8, 0x944C, 0x842C, 0x8C2C, 0x840C, 0x94AD, 0x940B, 0x08E4, 0x1945, 0x1945,
  0x1945, 0x1945, 0x1904, 0x1104, 0x1124, 0x1924, 0x1924, 0x1924, 0x1924, 0x1924, 0x1924, 0x1924, 0x1945, 0x10E3, 0x10A2, 0x10A3,
  0x10A3, 0x10A3, 0x10C3, 0x18E4, 0x18E4, 0x1905, 0x2126, 0x2966, 0x31A7, 0x5227, 0x72A7, 0x18E3, 0x0062, 0x10C3, 0x0862, 0x18E2,
  0x6286, 0x4A05, 0x4A05, 0x3165, 0x39A6, 0x41A6, 0x82E8, 0xCC4A, 0xB389, 0xCC2A, 0xE4CC, 0x5206, 0x6267, 0x5A67, 0x1104, 0x1124,
  0x1104, 0x1104, 0x10E3, 0x10E3, 0x1104, 0x1104, 0x1104, 0x29A5, 0x1924, 0x18E3, 0x1924, 0x1104, 0x1124, 0x1924, 0x2165, 0x2145,
  0x1924, 0x1944, 0x1944, 0x2164, 0x2185, 0x2165, 0x2185, 0x2985, 0x29A6, 0x21A6, 0x29A6, 0x21A6, 0x1986, 0x1945, 0x1986, 0x19A6,
  0x19A7, 0x1986, 0x3A48, 0x6B8B, 0x636B, 0x530A, 0x83EB, 0x9C4B, 0x8BE9, 0x93C7, 0x8C0A, 0x9C6E, 0x9C8E, 0x9C8E, 0x944D, 0x8BEB,
  0x944D, 0x944E, 0x7B69, 0x9C09, 0xA4AF, 0xA4D0, 0xA4AE, 0x8BC9, 0x8C0B, 0x9C4C, 0x9C6D, 0x8C0B, 0x93E7, 0x8387, 0x93E9, 0x942C,
  0x7BEE, 0x7BED, 0x840E, 0x7BCD, 0x19A7, 0x4A88, 0xCD71, 0xE633, 0xE654, 0xE654, 0xEE74, 0xD5D3, 0xACD1, 0x3A07, 0x52A8, 0x946F,
  0x7BEE, 0x840E, 0x944D, 0x942D, 0x83ED, 0x83ED, 0x83EC, 0x944C, 0xA48C, 0xAC8C, 0xA4AE, 0xA4CF, 0xA4CF, 0xACEF, 0xBD2F, 0xC56F,
  0xC56F, 0xC56F, 0xC56F, 0xCD6F, 0xCD6F, 0xCD6F, 0xCD4F, 0xCD6F, 0xD58F, 0xD5AF, 0xDDAF, 0xD58F, 0xD58F, 0xC550, 0xB530, 0xA4CF,
  0x946F, 0x8C6F, 0x8C70, 0x8C70, 0x946F, 0x9C6F, 0x9C6F, 0xA4AF, 0xBD0F, 0xA4D0, 0x9C90, 0xA4AF, 0xB4EE, 0xBD31, 0xCD92, 0xD5B1,
  0xD5B1, 0xD5B1, 0xD5D2, 0xD5B2, 0xD5D2, 0xD5B2, 0xD5D2, 0xD5D2, 0xD5D2, 0xD5D2, 0xD5D2, 0xD5D2, 0xDDF2, 0xDDF2, 0xE612, 0xE612,
  0xE612, 0xDDF2, 0xD5B2, 0xC571, 0xBD52, 0xCD92, 0xCDB2, 0xC572, 0xD5B2, 0xE612, 0xDDF2, 0xDDF2, 0xE612, 0xEE12, 0xEE12, 0xEE32,
  0xEE33, 0xEE53, 0xE612, 0xEE32, 0xCD6F, 0x8368, 0x7B47, 0x7B48, 0x8368, 0x8368, 0x8B88, 0x8B88, 0x8BA8, 0x9BE8, 0x9BE8, 0xAC48,
  0xB468, 0xBC88, 0xC4A8, 0xBCA8, 0xD56C, 0xEE53, 0xE5AE, 0xD52B, 0xE5F0, 0xEE53, 0xEE33, 0xEE33, 0xE633, 0xE633, 0xE613, 0xE613,
  0xE633, 0xEE33, 0xEE33, 0xEE53, 0xEE53, 0xF673, 0xF653, 0xF673, 0xF673, 0xF673, 0xF673, 0xF673, 0xF673, 0xF673, 0xF673, 0xF673,
  0xF673, 0xF693, 0xF694, 0xF694, 0xFE93, 0xF653, 0xF694, 0xE5F1, 0xB449, 0x7B04, 0x6AC4, 0x6AA3, 0x7B04, 0x6AA4, 0x6284, 0x6A84,
  0x4A88, 0x4A88, 0x4A47, 0x4A47, 0x3184, 0x41E5, 0x4206, 0x4206, 0x4206, 0x4206, 0x3184, 0x41C5, 0x4A27, 0x4A26, 0x4A26, 0x4A26,
  0x4A26, 0x5247, 0x4A47, 0x4A26, 0x4A47, 0x4A27, 0x5246, 0xABE9, 0x9B88, 0xA3A8, 0xABE8, 0xBC49, 0xCCAA, 0xD4EB, 0xCCAA, 0xCCAA,
  0xC46A, 0xC46A, 0xCC8A, 0xBC49, 0x6A86, 0x1944, 0x6308, 0x8C6C, 0x842C, 0x8C4C, 0x8C0B, 0x94AE, 0x93EB, 0x08E4, 0x1945, 0x1945,
  0x1945, 0x1925, 0x1904, 0x1904, 0x1124, 0x1924, 0x1924, 0x1924, 0x1924, 0x1924, 0x1924, 0x1924, 0x1925, 0x1924, 0x1082, 0x10A2,
  0x10A3, 0x10C3, 0x10C3, 0x18C3, 0x18E4, 0x1904, 0x2125, 0x2946, 0x3187, 0x49E7, 0x82E7, 0x5A05, 0x6246, 0xAB89, 0xB48D, 0x4A27,
  0x4A27, 0x5A68, 0x39A6, 0x41C6, 0x5228, 0x5A68, 0x5228, 0xB46C, 0xED8D, 0xAB68, 0x92E7, 0x2924, 0x39A5, 0x72C8, 0x5A47, 0x1104,
  0x1104, 0x1104, 0x10E3, 0x10E3, 0x1104, 0x1104, 0x1104, 0x1904, 0x1924, 0x1924, 0x2124, 0x2144, 0x2144, 0x2144, 0x2165, 0x2165,
  0x2165, 0x2165, 0x2165, 0x2165, 0x2185, 0x2185, 0x2185, 0x2185, 0x2185, 0x2185, 0x2186, 0x2186, 0x1986, 0x1965, 0x19A6, 0x21A6,
  0x21C7, 0x1986, 0x4268, 0x6B8B, 0x6B6A, 0x5B4A, 0x8C2C, 0x93C8, 0x7B66, 0x942C, 0x8BEB, 0x940A, 0x9C08, 0x9C6C, 0x7B89, 0x7306,
  0x8B87, 0x8C0C, 0x8389, 0x83AB, 0x9C4D, 0xA48D, 0x9C4B, 0x8346, 0x942B, 0x8BEB, 0xA44A, 0x8BC8, 0x7B67, 0x7307, 0x8387, 0xA428,
  0x9C0A, 0xA429, 0x83EE, 0x73AD, 0x1986, 0x4A88, 0xCD71, 0xE633, 0xEE54, 0xEE74, 0xEE95, 0xD5D3, 0xACB0, 0x39E7, 0x52A8, 0x944F,
  0x73AE, 0x7BCE, 0x8C2D, 0x83EE, 0x7BCE, 0x7BCE, 0x83CD, 0x942C, 0x9C6C, 0xB4CC, 0xB4ED, 0xA4AE, 0xA4AE, 0xA48D, 0xBD0D, 0xCD6E,
  0xCD6F, 0xCD6F, 0xCD6F, 0xCD6F, 0xCD6F, 0xCD6F, 0xCD8F, 0xCD8F, 0xD58F, 0xD58F, 0xD5B0, 0xDDB0, 0xDDD0, 0xE5F0, 0xE5F0, 0xE5F0,
  0xDDD0, 0xD590, 0xCD4F, 0xB50F, 0xA4AF, 0x9C8F, 0x944F, 0x944F, 0x9C6F, 0x946F, 0xA4AF, 0xACCF, 0xA4AF, 0xB4F0, 0xC571, 0xB510,
  0xACCF, 0xBD30, 0xCDB1, 0xCDB2, 0xC571, 0xCDB1, 0xD5B2, 0xD5D2, 0xD5F2, 0xD5D2, 0xD5D2, 0xDDF2, 0xDDF2, 0xDE12, 0xDE12, 0xDE12,
  0xE612, 0xE612, 0xE611, 0xDDF1, 0xD5D1, 0xC592, 0xBD52, 0xAD12, 0xBD31, 0xCD91, 0xBD32, 0xBD52, 0xDDD2, 0xD5D2, 0xD5B2, 0xDDF2,
  0xE612, 0xEE33, 0xAC8D, 0x9C2B, 0xCD4F, 0x9C0A, 0x7B48, 0x8368, 0x8368, 0x8368, 0x8368, 0x8B88, 0x8B88, 0x9BC8, 0x93C8, 0x8B87,
  0xA3E7, 0xB427, 0xBC68, 0xBC68, 0xCCC9, 0xD52B, 0xCCE9, 0xC4A7, 0xDD6C, 0xF673, 0xEE53, 0xEE53, 0xEE53, 0xF673, 0xEE53, 0xEE53,
  0xEE33, 0xE633, 0xE633, 0xEE33, 0xEE33, 0xEE32, 0xEE32, 0xEE33, 0xEE53, 0xEE53, 0xF673, 0xF673, 0xF673, 0xF673, 0xF673, 0xF673,
  0xF673, 0xF694, 0xF694, 0xFEF6, 0xA46A, 0xAC6A, 0xFED5, 0xE5F1, 0x8305, 0x72C4, 0x72C4, 0x5243, 0x5243, 0x6284, 0x72C4, 0x6284,
  0x39C5, 0x4A27, 0x4206, 0x4206, 0x31A4, 0x39A5, 0x39A4, 0x39A4, 0x39C5, 0x39C4, 0x31A4, 0x4A06, 0x4A47, 0x5247, 0x4A26, 0x4A26,
  0x4A47, 0x5247, 0x4A26, 0x4A26, 0x4A47, 0x4A27, 0x4A06, 0x9347, 0x9347, 0x8B27, 0xA3A8, 0xBC4A, 0xC48A, 0xCCAB, 0xCCCB, 0xC46A,
  0xC46A, 0xC449, 0xBC49, 0xD4EB, 0x9B88, 0x1944, 0x52C8, 0x8C6D, 0x844D, 0x8C2C, 0x840C, 0x94AE, 0x8BCB, 0x08E4, 0x1945, 0x1945,
  0x1945, 0x1924, 0x1904, 0x1904, 0x1924, 0x1924, 0x1924, 0x1924, 0x1924, 0x1924, 0x1924, 0x1944, 0x1924, 0x1924, 0x10A2, 0x0882,
  0x1082, 0x10C3, 0x10A3, 0x10C3, 0x18E4, 0x18E4, 0x1905, 0x2125, 0x2146, 0x3186, 0x5A27, 0x6247, 0x9B69, 0xE4CC, 0xE52D, 0xCD30,
  0x5269, 0x6289, 0x5A48, 0x41C7, 0x5228, 0x5228, 0x5228, 0x6269, 0xBC6B, 0x5206, 0x39A6, 0x5228, 0x5247, 0x5A48, 0x8B29, 0x1104,
  0x1104, 0x1104, 0x10E3, 0x10E3, 0x1104, 0x1104, 0x1104, 0x1104, 0x1124, 0x1124, 0x1104, 0x1104, 0x1124, 0x1124, 0x1124, 0x1124,
  0x1125, 0x1945, 0x1945, 0x1945, 0x1945, 0x1965, 0x1965, 0x1965, 0x1965, 0x1965, 0x1965, 0x1965, 0x1966, 0x1965, 0x21A6, 0x29A6,
  0x21C7, 0x1986, 0x4268, 0x6B8B, 0x6B8B, 0x5B6B, 0x944C, 0x93C8, 0x83CB, 0x8C0B, 0x83A8, 0x6AC4, 0x83CA, 0x9C8E, 0x93EA, 0x72E5,
  0x8368, 0x9C6E, 0x7B89, 0x83A8, 0x9C4C, 0x93EA, 0x93C7, 0x93E9, 0x9C4C, 0xA44B, 0x83CB, 0x736A, 0x6B28, 0x8389, 0x8BCB, 0xA428,
  0xA428, 0xA42A, 0xA44B, 0x8BCA, 0x1986, 0x4A88, 0xCD91, 0xE654, 0xEE75, 0xE654, 0xEE75, 0xCDB3, 0xA490, 0x39E7, 0x5AC8, 0x944F,
  0x73AE, 0x73CE, 0x7BCE, 0x7BCE, 0x7BCE, 0x7BCE, 0x7BCE, 0x942D, 0x8C0D, 0x8C2D, 0xBCED, 0xACAD, 0x8C0E, 0x83EE, 0x9C8D, 0xC54E,
  0xCD6F, 0xD58F, 0xB50E, 0xC54E, 0xD5AF, 0xD5AF, 0xD5AF, 0xD5AF, 0xD5AF, 0xD5AF, 0xD5B0, 0xD5B0, 0xD5B0, 0xD5B0, 0xDDB0, 0xDDD0,
  0xDDD0, 0xE5D0, 0xE5F0, 0xE5EF, 0xE5EF, 0xE5F0, 0xD5B0, 0xC54F, 0xB50F, 0xACD0, 0x9CB0, 0x9C90, 0x9470, 0xACD0, 0xACD0, 0xA4CF,
  0xA4AF, 0xACCF, 0xCD70, 0xBD30, 0xA4B0, 0xBD30, 0xD5B1, 0xC571, 0xCD92, 0xDDF2, 0xD5B2, 0xCDB2, 0xD5D2, 0xCDB2, 0xCDB2, 0xCD92,
  0xCD92, 0xC592, 0xC592, 0xC572, 0xC571, 0xC572, 0xC572, 0xC572, 0xC571, 0xBD51, 0xBD31, 0xBD52, 0xC572, 0xBD52, 0xBD52, 0xC572,
  0xCD91, 0xA46C, 0x7328, 0x7B68, 0x8BCA, 0x8BA9, 0x8B89, 0x7B48, 0x7328, 0x7B28, 0x7328, 0x7328, 0x7328, 0x8368, 0x7B48, 0x7B48,
  0x8367, 0x9387, 0xA407, 0xBC87, 0xAC27, 0xBC67, 0xC4A8, 0xC4C9, 0xDDAF, 0xE611, 0xEE33, 0xEE53, 0xEE53, 0xEE53, 0xF653, 0xEE33,
  0xE633, 0xE613, 0xE613, 0xE5F3, 0xE5F2, 0xE5F2, 0xE612, 0xE612, 0xE612, 0xE612, 0xE612, 0xE612, 0xEE33, 0xEE53, 0xEE53, 0xF673,
  0xF673, 0xF693, 0xF673, 0xF674, 0xAC6B, 0xB48B, 0x9BE9, 0x9BE9, 0x6AA4, 0x6284, 0x5A64, 0x4A23, 0x4A23, 0x5223, 0x5243, 0x4203,
  0x3144, 0x3984, 0x39A5, 0x31A4, 0x3184, 0x39A5, 0x39C5, 0x41E5, 0x4A26, 0x4A26, 0x39C5, 0x4A27, 0x4A27, 0x5268, 0x4A47, 0x4A47,
  0x4A48, 0x4A46, 0x4A46, 0x4A47, 0x4A47, 0x6287, 0x7B07, 0xA3A8, 0x9B67, 0x9368, 0xB409, 0xBC4A, 0xB429, 0xB429, 0xB429, 0xB409,
  0xC46A, 0xC46A, 0xB409, 0xD4EB, 0x9368, 0x1124, 0x5AE8, 0x8C6D, 0x842C, 0x8C2C, 0x842C, 0x94AD, 0x8BCB, 0x08E4, 0x1945, 0x1945,
  0x1924, 0x1924, 0x1904, 0x1904, 0x1924, 0x1924, 0x1924, 0x1924, 0x1924, 0x1924, 0x1924, 0x1924, 0x1924, 0x1924, 0x10C3, 0x10A2,
  0x1082, 0x1082, 0x10C3, 0x10A3, 0x18C3, 0x18E4, 0x1904, 0x1905, 0x2146, 0x3186, 0x2946, 0x41C6, 0x5A26, 0x9349, 0xABEA, 0x8B28,
  0x41C6, 0x3186, 0x4A08, 0x41E7, 0x41C7, 0x4A07, 0x41E7, 0x4A07, 0x5226, 0x41C7, 0x5248, 0x4A08, 0x5A48, 0x41E6, 0x6267, 0x2144,
  0x10E4, 0x1104, 0x10E3, 0x10E3, 0x1104, 0x1104, 0x1104, 0x1904, 0x1124, 0x1924, 0x1924, 0x1924, 0x1924, 0x1924, 0x1925, 0x1945,
  0x1945, 0x1945, 0x1965, 0x1965, 0x1965, 0x1965, 0x1965, 0x1966, 0x1966, 0x1986, 0x1986, 0x1986, 0x1986, 0x1965, 0x21A6, 0x21A6,
  0x19C7, 0x1986, 0x3A47, 0x6B8B, 0x638B, 0x636B, 0x9C6C, 0x8BC9, 0x7B67, 0x7B46, 0x8345, 0x8345, 0x83A9, 0x93EA, 0x83A9, 0x62C7,
  0x7B69, 0xA46B, 0x7B46, 0x8B86, 0x93E9, 0x83AA, 0x9C09, 0xAC69, 0x8BC7, 0xC4C9, 0x8C0C, 0x8BCA, 0xA3E6, 0xA429, 0x9C4D, 0x8C0D,
  0x840E, 0x840E, 0x8BEC, 0x8BA9, 0x21A7, 0x4AA8, 0xCD91, 0xE633, 0xE634, 0xDE14, 0xDE13, 0xC572, 0xA4B0, 0x39E7, 0x52C8, 0x8C4F,
  0x6B8E, 0x73AE, 0x73AE, 0x73AE, 0x7BCE, 0x7BCE, 0x7BCE, 0x7BCE, 0x7BCE, 0x83EE, 0x9C4D, 0x8C2E, 0x7BEE, 0x840E, 0x8C0D, 0xB4EE,
  0xC56F, 0x9C8E, 0x840D, 0x9C4D, 0xCD6E, 0xD5AF, 0xD5AF, 0xD5AF, 0xD5AF, 0xD5AF, 0xD5AF, 0xD5AF, 0xD5AF, 0xD5AF, 0xD5B0, 0xDDB0,
  0xD5B0, 0xDDD0, 0xD5B0, 0xD5B0, 0xD5B0, 0xDDD0, 0xE5F0, 0xE5F0, 0xE5F0, 0xE5F0, 0xDDD0, 0xCD70, 0xB510, 0xACD0, 0xA4D0, 0x9CB0,
  0x9C8F, 0x9C8F, 0xACCF, 0xA4D0, 0xA4D0, 0xA4D0, 0xB511, 0xA4D1, 0xB4F0, 0xCD91, 0xC572, 0xC572, 0xCD91, 0xCD91, 0xD5B1, 0xD5B1,
  0xD5B1, 0xDDD1, 0xDDF1, 0xDDF1, 0xDDF1, 0xDDF1, 0xDDF1, 0xE611, 0xE5F1, 0xE611, 0xE5F1, 0xDDF1, 0xD5D1, 0xCDB2, 0xC592, 0xC572,
  0xBD52, 0x8BEB, 0x7328, 0x7B48, 0x7348, 0x7348, 0x7328, 0x6AE8, 0x6B08, 0x7308, 0x6B08, 0x7328, 0x7B47, 0x8368, 0x93A8, 0x93A8,
  0x8368, 0x7B47, 0x93A7, 0xAC27, 0xA407, 0xB447, 0xBC67, 0xCCC9, 0xD52A, 0xCD0B, 0xDDD2, 0xDDF3, 0xDDF3, 0xDE13, 0xDDF3, 0xDE13,
  0xE613, 0xE633, 0xEE33, 0xEE32, 0xE632, 0xE612, 0xE612, 0xE612, 0xE612, 0xE5F2, 0xE5F2, 0xE5F2, 0xDDF2, 0xDDF3, 0xE613, 0xE613,
  0xE612, 0xEE53, 0xDDB1, 0x9367, 0xD56F, 0x9BE9, 0x5222, 0x5A63, 0x5A84, 0x5A64, 0x5244, 0x5244, 0x4A24, 0x4A23, 0x49E3, 0x39C4,
  0x4206, 0x41E6, 0x39C5, 0x31A4, 0x4227, 0x4A47, 0x4A47, 0x5268, 0x5288, 0x4A47, 0x41E5, 0x41C5, 0x4A26, 0x4A47, 0x4A47, 0x4A47,
  0x4A47, 0x4A47, 0x5268, 0x5267, 0x4A47, 0x5A87, 0xA3C8, 0xBC29, 0xABC8, 0xA3A8, 0xABC8, 0xB409, 0xB409, 0xABE9, 0xB409, 0xBC29,
  0xCC8A, 0xCC8A, 0xC48A, 0xCC8A, 0x7AC6, 0x1924, 0x52C8, 0x8C4C, 0x842C, 0x8C2C, 0x7C2C, 0x94AD, 0x8BAA, 0x08E4, 0x1945, 0x1924,
  0x1924, 0x1924, 0x1904, 0x1904, 0x1924, 0x1924, 0x1924, 0x1904, 0x1904, 0x1904, 0x1924, 0x1924, 0x1924, 0x1924, 0x10E3, 0x1082,
  0x10A2, 0x1082, 0x10A2, 0x10C3, 0x10C3, 0x18C3, 0x18E4, 0x1905, 0x2125, 0x2125, 0x2105, 0x39A6, 0x3186, 0x39C7, 0x41E7, 0x41C6,
  0x2124, 0x2125, 0x39C7, 0x39A6, 0x3165, 0x3166, 0x41C6, 0x41A5, 0x3165, 0x31A7, 0x41E7, 0x4A07, 0x49E7, 0x49E7, 0x6A87, 0x49E5,
  0x08E4, 0x1104, 0x10E3, 0x10E3, 0x1104, 0x1104, 0x1104, 0x10E4, 0x1104, 0x1104, 0x1104, 0x1104, 0x1904, 0x1924, 0x1924, 0x1924,
  0x1924, 0x1924, 0x1924, 0x1924, 0x1924, 0x1924, 0x1924, 0x1924, 0x1924, 0x1925, 0x1945, 0x1945, 0x1945, 0x1945, 0x19A7, 0x19A7,
  0x21C7, 0x1986, 0x4268, 0x73AB, 0x6BAB, 0x6BAB, 0x9C6C, 0x7326, 0x5264, 0x8367, 0x8366, 0x7B24, 0x7304, 0x8BA7, 0x8BC9, 0x7B68,
  0x6B06, 0x8BC8, 0xAC6A, 0x8BA7, 0x5264, 0x7307, 0x9C2A, 0x7B67, 0x8366, 0x72E5, 0x8387, 0x93A6, 0x72E4, 0x8B85, 0xC4C9, 0xA407,
  0x8BCA, 0xAC6A, 0xB48A, 0x8388, 0x29E7, 0x52C9, 0xCDB2, 0xE654, 0xE654, 0xE634, 0xDDF3, 0xC551, 0xA4B0, 0x3A07, 0x52C9, 0xACCF,
  0x8C4E, 0x8C2E, 0x840E, 0x7BCE, 0x7BCE, 0x73AE, 0x73AE, 0x73AE, 0x73AE, 0x83ED, 0x840E, 0x7BEE, 0x83EE, 0x840E, 0x83ED, 0x942D,
  0xA48D, 0x7BCD, 0x83EE, 0x8C0D, 0xB4CD, 0xD5AF, 0xC54E, 0xBD0D, 0xCD6E, 0xD5AF, 0xD5AF, 0xDDD0, 0xD5AF, 0xD5AF, 0xD5AF, 0xD5AF,
  0xD5AF, 0xD5AF, 0xDDD0, 0xDDCF, 0xDDAF, 0xDDD0, 0xDDD0, 0xDDD0, 0xDDD0, 0xE5D0, 0xE5F0, 0xE5EF, 0xE5EF, 0xE5EF, 0xDDD0, 0xCD6F,
  0xBD2F, 0xACEF, 0xA4B0, 0x9CAF, 0xA4AF, 0xACCF, 0xACAE, 0xA4D0, 0xACF1, 0xB510, 0xBD30, 0xC551, 0xCD91, 0xD5B1, 0xC550, 0xD5D1,
  0xDDF1, 0xDDF1, 0xDDF1, 0xDDF1, 0xDDF1, 0xDDF1, 0xDDF1, 0xDDF1, 0xDDF1, 0xDDF1, 0xDE12, 0xDDF2, 0xE611, 0xE611, 0xE611, 0xE612,
  0xE612, 0x942B, 0x6B28, 0x7328, 0x7328, 0x6B07, 0x62E7, 0x6AE7, 0x7308, 0x7328, 0x8368, 0x8B88, 0x93A7, 0x93A7, 0x9BC8, 0x9BE8,
  0x93C8, 0x93A7, 0x8347, 0x8B67, 0x9BC7, 0xAC27, 0xBC67, 0xCCE9, 0xCD0A, 0xD56C, 0xDDF1, 0xDDF2, 0xDDD2, 0xDDF3, 0xDDF2, 0xDDF2,
  0xDDF2, 0xDDF2, 0xE612, 0xEE32, 0xE612, 0xEE32, 0xEE52, 0xEE32, 0xEE52, 0xE612, 0xEE32, 0xEE52, 0xEE52, 0xEE52, 0xEE53, 0xEE53,
  0xEE53, 0xEE53, 0xF694, 0xE5F1, 0x8BA8, 0x5223, 0x6284, 0x6284, 0x5244, 0x4A23, 0x4A23, 0x4A03, 0x5A64, 0x5224, 0x41C3, 0x39A3,
  0x41E6, 0x4A27, 0x4A27, 0x39A4, 0x4A27, 0x4A68, 0x5268, 0x5268, 0x5268, 0x4A26, 0x41E5, 0x41E6, 0x4206, 0x4A47, 0x4A47, 0x4A47,
  0x4A47, 0x4A47, 0x5247, 0x4A26, 0x4A46, 0x4A26, 0x6AA6, 0xBC49, 0xBC09, 0xB3E9, 0xB3E8, 0xABC8, 0xABC8, 0xB3E9, 0xBC49, 0xBC49,
  0xC46A, 0xCC8A, 0xC46A, 0xCCAA, 0x7AC6, 0x1944, 0x52E9, 0x8C6D, 0x842C, 0x842C, 0x7C0C, 0x8C8D, 0x838A, 0x08E4, 0x1945, 0x1924,
  0x1924, 0x1924, 0x18E4, 0x1924, 0x1924, 0x1924, 0x1924, 0x1904, 0x1104, 0x1904, 0x1924, 0x1924, 0x1924, 0x1924, 0x1104, 0x10A2,
  0x10A3, 0x1082, 0x0861, 0x10A2, 0x10C3, 0x10C3, 0x10C3, 0x18E4, 0x1904, 0x18E4, 0x2105, 0x2125, 0x31A7, 0x3186, 0x41C7, 0x4A08,
  0x4A07, 0x3186, 0x39A7, 0x3186, 0x2945, 0x2945, 0x41C5, 0x2124, 0x2945, 0x39C7, 0x39A7, 0x49E7, 0x49E7, 0x41C6, 0x6A88, 0x49E5,
  0x08E4, 0x1104, 0x10C3, 0x10E3, 0x1104, 0x1104, 0x1104, 0x10C3, 0x1081, 0x1082, 0x1082, 0x10A2, 0x10A2, 0x10A2, 0x10A2, 0x10A2,
  0x10A2, 0x10A2, 0x10A2, 0x10A2, 0x10A2, 0x10A2, 0x10A2, 0x10A2, 0x10A2, 0x10A2, 0x10A2, 0x10A2, 0x1082, 0x18E3, 0x19A7, 0x19A7,
  0x21C7, 0x1986, 0x4A68, 0x7BEB, 0x7BEC, 0x7C0C, 0x9C8D, 0x62C5, 0x39C2, 0x5244, 0x8366, 0x6AC4, 0x5AA5, 0x8BA8, 0x8366, 0x62A4,
  0x62C5, 0x9BE7, 0x8B85, 0x8325, 0x7305, 0x7304, 0x6AC5, 0x62A4, 0xA427, 0x6284, 0x41E3, 0x62C4, 0x93C6, 0x8365, 0x7B24, 0x72E3,
  0x93C6, 0x9385, 0x9BE8, 0xA3E6, 0x29E7, 0x52EA, 0xCD92, 0xDDF3, 0xE634, 0xDDF3, 0xD5B2, 0xCD71, 0xACD0, 0x3A07, 0x52C9, 0xACEE,
  0x946D, 0x9C8D, 0x9C6D, 0x9C6D, 0x944E, 0x9C4D, 0x8C0D, 0x7BEE, 0x7BCD, 0x73AD, 0x73AE, 0x73AE, 0x73CD, 0x83ED, 0x83ED, 0x8C0D,
  0x8C0D, 0x83CD, 0x7BCD, 0x83EE, 0x9C6E, 0xACAE, 0x9C6D, 0xA48D, 0xB4CC, 0xDDAF, 0xCD8F, 0xB50E, 0xD5AF, 0xDDCF, 0xDDCF, 0xDDAF,
  0xD5AF, 0xD5AF, 0xD5AF, 0xD5AF, 0xDDAF, 0xDDAF, 0xDDAF, 0xE5D0, 0xE5F0, 0xE5F0, 0xE5D0, 0xE5D0, 0xE5CF, 0xE5CF, 0xE5EF, 0xE610,
  0xEE30, 0xE610, 0xBCCD, 0xA44B, 0xA429, 0xAC49, 0xB468, 0xB48A, 0xB4AC, 0xB4AD, 0xB4F0, 0xB4F0, 0xACF0, 0xB4F0, 0xACF0, 0xCD71,
  0xD590, 0xD590, 0xD590, 0xDDF1, 0xDE11, 0xDE11, 0xE611, 0xDDF1, 0xDDF1, 0xDDF2, 0xDDF2, 0xDDF2, 0xDDF2, 0xDDF2, 0xDE12, 0xE632,
  0xE612, 0xBD0E, 0x8389, 0x7348, 0x6AE7, 0x6AE7, 0x62C7, 0x7B68, 0x83A9, 0x7B27, 0x8B68, 0x7B48, 0x7B48, 0x7307, 0x8367, 0x9BE8,
  0xAC48, 0xAC48, 0x93C7, 0x93A7, 0x8B67, 0x8B87, 0xB467, 0xCCE9, 0xD54C, 0xE5F0, 0xEE53, 0xEE53, 0xEE32, 0xE632, 0xE612, 0xDDF2,
  0xDDF2, 0xDDF2, 0xD5D2, 0xD5D2, 0xD5B2, 0xDDD2, 0xDDD1, 0xDDF1, 0xE611, 0xEE32, 0xEE52, 0xE632, 0xE612, 0xEE32, 0xEE32, 0xEE32,
  0xE612, 0xE612, 0xEE53, 0xAC8B, 0x5222, 0x93E9, 0xD5B0, 0x6AC5, 0x5A64, 0x5A84, 0x72E5, 0x8367, 0x8346, 0x4A23, 0x5244, 0x49E3,
  0x39C5, 0x5248, 0x5248, 0x41C5, 0x4205, 0x4A06, 0x4A47, 0x5268, 0x5268, 0x4206, 0x39C5, 0x41C5, 0x41E5, 0x4A06, 0x4A27, 0x4A47,
  0x4A47, 0x4A47, 0x4A06, 0x4A06, 0x4206, 0x3984, 0x3984, 0x72A6, 0xA3A8, 0xABC8, 0xABE9, 0xB3E9, 0xABC8, 0x8B07, 0xBC29, 0xC46A,
  0xCC8A, 0xCCAA, 0xC46A, 0xD4CA, 0x7285, 0x1965, 0x5B09, 0x8C6D, 0x842C, 0x842C, 0x7C0C, 0x94AD, 0x83AA, 0x08E3, 0x1944, 0x1924,
  0x1924, 0x1904, 0x18E4, 0x1924, 0x1924, 0x1924, 0x1904, 0x1904, 0x1904, 0x1904, 0x1924, 0x1904, 0x1924, 0x1924, 0x1924, 0x10A3,
  0x10A3, 0x10A2, 0x0882, 0x0861, 0x10A3, 0x10C3, 0x10A3, 0x18C3, 0x18E4, 0x18E4, 0x1904, 0x2946, 0x2946, 0x2946, 0x39A7, 0x41E7,
  0x41C7, 0x3186, 0x3187, 0x2966, 0x18E4, 0x2124, 0x18E4, 0x1904, 0x3186, 0x39A7, 0x39A7, 0x39A7, 0x41C7, 0x41C7, 0x6268, 0x41C5,
  0x08E3, 0x1904, 0x10C3, 0x10E3, 0x1104, 0x1104, 0x1104, 0x10E3, 0x10A2, 0x10C3, 0x10C3, 0x10C3, 0x10E3, 0x10E3, 0x10C3, 0x10C3,
  0x10E3, 0x10E3, 0x10C3, 0x10C3, 0x10E3, 0x10E3, 0x10E3, 0x1104, 0x10E3, 0x10E3, 0x10E3, 0x10E3, 0x10E3, 0x1904, 0x19A7, 0x21A6,
  0x21C7, 0x1986, 0x4A88, 0x8C4C, 0x7C0C, 0x73EC, 0xA4AD, 0x8BA7, 0x7B25, 0x4A24, 0x6B05, 0x7326, 0x4A44, 0x5AA4, 0x7305, 0x6AC5,
  0x5244, 0x62A4, 0x5A84, 0x5AA5, 0x7306, 0x93C6, 0x5A84, 0x7325, 0x72E4, 0x5A63, 0x4A03, 0x5243, 0xB466, 0xB466, 0x8344, 0x6AC4,
  0xA427, 0x6AE6, 0x7B68, 0x9BC6, 0x29E7, 0x52EA, 0xCD91, 0xE634, 0xDE33, 0xDE13, 0xCDB2, 0xCDB2, 0xB511, 0x3A08, 0x52C9, 0xA4CF,
  0x8C4D, 0x8C4D, 0x93EB, 0x9C2A, 0x9CAE, 0xA46C, 0xA46C, 0x9C8E, 0x944E, 0x8C4E, 0x840E, 0x7BEE, 0x73CE, 0x73AE, 0x73AE, 0x7BCE,
  0x7BCD, 0x7BCD, 0x7BCD, 0x83EE, 0x8C0E, 0x9C6D, 0x8C2D, 0x942D, 0xAC8C, 0xBD0E, 0x944E, 0x83ED, 0xB4EE, 0xDDCF, 0xB4EE, 0xBD0F,
  0xD5AF, 0xD5AF, 0xD5AF, 0xD5AF, 0xD5AF, 0xD5AF, 0xD5AF, 0xDDCF, 0xDDD0, 0xE5F0, 0xE5F0, 0xE5F0, 0xE5F0, 0xDDEF, 0xDDCF, 0xDDCF,
  0xB4ED, 0xACAC, 0x7B69, 0x7B69, 0x8BA9, 0x8BC9, 0x9C09, 0xB469, 0xB489, 0xBC89, 0xB4CD, 0xA4B0, 0xA4B0, 0xA4D0, 0xACD0, 0xB4F0,
  0xACD0, 0xB510, 0xA4D0, 0xC550, 0xDDD1, 0xC571, 0xCD91, 0xDDD1, 0xDDF1, 0xD5D2, 0xE611, 0xE611, 0xDDF1, 0xE612, 0xE632, 0xE612,
  0xE612, 0xDDD0, 0xB4CD, 0x8BCA, 0x7B69, 0x6B07, 0x7328, 0x7307, 0x6B07, 0x6AE7, 0x62C7, 0x6AE7, 0x6B07, 0x7307, 0x7B47, 0x9C08,
  0xB468, 0xAC48, 0xB468, 0xB447, 0x93A7, 0x93A8, 0xCD2C, 0xD56C, 0xE5F1, 0xE612, 0xE5F0, 0xE611, 0xEE53, 0xF673, 0xF673, 0xEE73,
  0xF672, 0xEE52, 0xEE52, 0xE632, 0xE5F2, 0xDDD2, 0xD5D2, 0xD5B1, 0xD5B1, 0xD5D2, 0xD5D2, 0xD5D2, 0xD5D2, 0xDDD2, 0xDDD2, 0xDDD1,
  0xDDD2, 0xDDD2, 0xE613, 0x8BC9, 0x6AC4, 0xE653, 0xCD90, 0x4A03, 0x4A03, 0x5243, 0x8367, 0xB48C, 0x5A65, 0x5A64, 0x5244, 0x39C3,
  0x4A06, 0x4A27, 0x5248, 0x41E5, 0x41C4, 0x4206, 0x4A47, 0x4206, 0x41E5, 0x39C5, 0x41E6, 0x41E5, 0x41C5, 0x39C5, 0x39A4, 0x41C5,
  0x41C5, 0x41E5, 0x41C4, 0x39A4, 0x3164, 0x2123, 0x3163, 0x3983, 0x6265, 0x9B67, 0x9347, 0x6244, 0x6A65, 0x7AC6, 0x9367, 0xABC8,
  0xA3C8, 0x9387, 0xBC49, 0x8B27, 0x2102, 0x1945, 0x5AE8, 0x946C, 0x842C, 0x842C, 0x83EB, 0x9C8D, 0x83AA, 0x08E3, 0x1944, 0x1924,
  0x1124, 0x1104, 0x10E3, 0x1924, 0x1904, 0x1104, 0x1104, 0x1904, 0x1904, 0x1104, 0x1904, 0x1924, 0x1924, 0x1924, 0x1924, 0x10E3,
  0x10A2, 0x10A3, 0x1082, 0x1082, 0x0861, 0x10A3, 0x10C3, 0x18C3, 0x18C4, 0x18E4, 0x18E4, 0x2105, 0x2125, 0x2946, 0x3166, 0x3186,
  0x2966, 0x2966, 0x2946, 0x18E4, 0x18E4, 0x18C3, 0x18C3, 0x2104, 0x2125, 0x2945, 0x2945, 0x2945, 0x2945, 0x2966, 0x41C6, 0x2144,
  0x10E4, 0x10E4, 0x10C3, 0x10E3, 0x1104, 0x1104, 0x1104, 0x1104, 0x10C3, 0x10E4, 0x10E3, 0x10E3, 0x1104, 0x1104, 0x10E3, 0x1104,
  0x1104, 0x1104, 0x10E3, 0x10E4, 0x1104, 0x1104, 0x1104, 0x1124, 0x1104, 0x1104, 0x1124, 0x1124, 0x1104, 0x1924, 0x21A7, 0x21A6,
  0x21C7, 0x1986, 0x4268, 0x842C, 0x7C2C, 0x7C0C, 0xA48C, 0x7B46, 0x7326, 0x5284, 0x6AE6, 0x7347, 0x62E6, 0x4A24, 0x5A84, 0x72E5,
  0x39C3, 0x39E4, 0x4A44, 0x5264, 0x5265, 0x7325, 0x6AE4, 0x4A44, 0x5A84, 0x7B05, 0x7B45, 0x8345, 0x62A4, 0x8B85, 0xAC46, 0x9BC6,
  0xA406, 0xA3E6, 0xA426, 0xA406, 0x21A6, 0x4AA9, 0xCD91, 0xE613, 0xDE13, 0xDE14, 0xCDB2, 0xCD92, 0xB4F1, 0x3A08, 0x5288, 0xA4AE,
  0x8C4D, 0x944C, 0x940A, 0x93C9, 0xAC8B, 0xB48B, 0xA48D, 0xA46C, 0xACAD, 0xA4AD, 0xA4AE, 0xA4AD, 0x9C8E, 0x946E, 0x8C4E, 0x840D,
  0x7BED, 0x7BCD, 0x73AD, 0x73AE, 0x7BEE, 0x8C0D, 0x942D, 0x9C4D, 0xA48D, 0x8C2E, 0x840E, 0x840E, 0x9C6D, 0xB4CE, 0x9C4D, 0x9C6E,
  0xC54F, 0xC54E, 0xC52E, 0xD58F, 0xD5AF, 0xD5AF, 0xDDCF, 0xDDCF, 0xD5CF, 0xDDD0, 0xDDCF, 0xD5AF, 0xDDCF, 0xDDCF, 0xE610, 0xB4CD,
  0x736A, 0x7B8A, 0x7B8A, 0x7B8A, 0x83AA, 0x8BC9, 0x93E9, 0xAC49, 0xAC69, 0xB489, 0xCD0B, 0xD58E, 0xD58F, 0xCD91, 0xBD51, 0xACF0,
  0xA4D0, 0xA4AF, 0xA4B0, 0xB4F0, 0xBD30, 0xACF1, 0xACF1, 0xCD71, 0xC571, 0xC571, 0xDDD1, 0xDDD1, 0xDDF2, 0xE612, 0xD5B0, 0xACAD,
  0xD590, 0xD5B1, 0xDDF1, 0xB4EE, 0x8BCA, 0x6AE7, 0x7328, 0x6B07, 0x62E7, 0x62C7, 0x62E7, 0x6B07, 0x7307, 0x7327, 0x7B27, 0x8368,
  0x93A8, 0xA408, 0xBCA8, 0xBC88, 0xB468, 0xAC08, 0xCD0B, 0xE5F0, 0xDD6D, 0xD56D, 0xD52B, 0xD52B, 0xDDB0, 0xDE13, 0xDE13, 0xDE13,
  0xEE33, 0xEE53, 0xE632, 0xEE32, 0xEE52, 0xEE32, 0xE612, 0xE612, 0xDDF2, 0xDDD2, 0xD5D2, 0xD5D1, 0xD5D1, 0xD5D1, 0xDDD2, 0xDDD2,
  0xDDD2, 0xDDF2, 0xE613, 0xCD70, 0xCD90, 0xF694, 0x940A, 0x49E3, 0x4A03, 0x93C9, 0xD54F, 0x62A5, 0x49E3, 0x49E3, 0x6286, 0x6286,
  0x41C5, 0x41E6, 0x4206, 0x5267, 0x4A06, 0x5267, 0x5AA9, 0x4A68, 0x4A47, 0x4A27, 0x4206, 0x4A26, 0x4A06, 0x41E5, 0x39C4, 0x39A4,
  0x39A4, 0x39A4, 0x39A4, 0x39A4, 0x41C5, 0x5A45, 0x9B88, 0xBC6A, 0xABE9, 0xABE9, 0xBC29, 0x8B27, 0x49C3, 0x82E6, 0x7AE6, 0x82E6,
  0x9B67, 0x8306, 0x49E4, 0x18E2, 0x1903, 0x1965, 0x52C8, 0x946C, 0x842C, 0x842C, 0x840C, 0x9C8D, 0x8BAA, 0x08C3, 0x1944, 0x1924,
  0x1124, 0x1104, 0x10E3, 0x1904, 0x1104, 0x1104, 0x1104, 0x1904, 0x1104, 0x1104, 0x1104, 0x1104, 0x1904, 0x1124, 0x1924, 0x1104,
  0x10A3, 0x10A3, 0x10A3, 0x1082, 0x0882, 0x1082, 0x10A3, 0x18C3, 0x10C3, 0x18C3, 0x18C4, 0x1904, 0x2125, 0x2146, 0x2966, 0x2966,
  0x2966, 0x2945, 0x18C3, 0x10A3, 0x10A3, 0x10A3, 0x18C3, 0x18E4, 0x18E4, 0x18E4, 0x18E4, 0x18E4, 0x1904, 0x2925, 0x3165, 0x1104,
  0x10E4, 0x10E3, 0x10C3, 0x10E3, 0x1104, 0x1104, 0x1104, 0x1104, 0x10E3, 0x10E3, 0x10E3, 0x1104, 0x1104, 0x1104, 0x1104, 0x1104,
  0x1124, 0x1124, 0x10E3, 0x1104, 0x1124, 0x1924, 0x1924, 0x1924, 0x1924, 0x1104, 0x1124, 0x1124, 0x1104, 0x1924, 0x19A7, 0x21A6,
  0x21C7, 0x1986, 0x42A8, 0x8C6D, 0x842C, 0x842C, 0xA48C, 0x6AE6, 0x5A85, 0x5A85, 0x3A04, 0x4204, 0x62E6, 0x5285, 0x4224, 0x4204,
  0x5264, 0x4204, 0x4A44, 0x62C5, 0x5A84, 0x62C4, 0x5A84, 0x62E5, 0x8BA6, 0x4A03, 0x4A23, 0x8B85, 0x41E3, 0x5223, 0x6AC4, 0x5A63,
  0x7B03, 0x9BC5, 0xA406, 0x8345, 0x21A6, 0x4AA9, 0xCD91, 0xD5B2, 0xD5D2, 0xD5D3, 0xCD92, 0xC572, 0xACD0, 0x31E7, 0x4247, 0xACAD,
  0x9C4B, 0x9409, 0xB426, 0xA44A, 0x942B, 0xA48B, 0x9C6C, 0x940B, 0xACAC, 0xACCE, 0xACCD, 0xACCD, 0xB4ED, 0xB50E, 0xB50E, 0xB4EE,
  0xACCE, 0xA4CE, 0x9CAE, 0x946E, 0x8C2E, 0x83ED, 0x7BCD, 0x83ED, 0x83EE, 0x83EE, 0x83EE, 0x83ED, 0x942D, 0x944D, 0x9C4D, 0x9C6D,
  0xA4AE, 0x8C2D, 0x9C6D, 0xB4CD, 0xD58E, 0xC54E, 0xA4AD, 0xC54F, 0xDDAF, 0xD58F, 0xD58E, 0xD5AF, 0xD5AF, 0xD5AF, 0xB4ED, 0x9C2C,
  0x736A, 0x7B8A, 0x7B8A, 0x83AA, 0x83A9, 0x8BC9, 0x9BE8, 0x93C8, 0xA429, 0xB469, 0xBC89, 0xC4EA, 0xE5CF, 0xEE31, 0xE610, 0xE610,
  0xDDD0, 0xCD90, 0xC570, 0xBD30, 0xB510, 0xAD10, 0xACF1, 0xB510, 0xB511, 0xB511, 0xB510, 0xB510, 0xCD91, 0xC550, 0x8BCA, 0x7348,
  0x7B69, 0xAC6C, 0x8BEA, 0x7328, 0x6AE7, 0x6B07, 0x6B08, 0x6AE8, 0x6AE7, 0x62E7, 0x6AE7, 0x7327, 0x8347, 0x7B27, 0x7307, 0x7327,
  0x7B28, 0x8BA8, 0xAC27, 0xB447, 0xBC88, 0xBC88, 0xBC67, 0xC4C9, 0xCCC9, 0xC4C8, 0xCCE9, 0xD50A, 0xD58E, 0xD5D3, 0xD5D2, 0xD5D2,
  0xD5D2, 0xD5D2, 0xD5D2, 0xD5B1, 0xDDF1, 0xE612, 0xE612, 0xE612, 0xE612, 0xDDB1, 0xDDD2, 0xDDD1, 0xD5B1, 0xD5B1, 0xD5B1, 0xD590,
  0xDDD1, 0xDDF2, 0xDDD2, 0xE5F1, 0xE5F2, 0xDDD1, 0x5A85, 0x5A64, 0xAC8C, 0xCD6F, 0xDDB0, 0x62A5, 0x4A03, 0x39C3, 0x7B27, 0xB46C,
  0x3164, 0x3985, 0x41E6, 0x5288, 0x5248, 0x3163, 0x39C5, 0x4206, 0x4207, 0x4A47, 0x41E5, 0x5247, 0x5288, 0x5288, 0x5267, 0x4A27,
  0x4A47, 0x4A27, 0x4A26, 0x5267, 0x5268, 0x62A7, 0xC46A, 0xD4CB, 0xCCAB, 0xCCCB, 0xCCCB, 0xDD0C, 0xC48B, 0x7AC6, 0xC48B, 0xDD0C,
  0xD4AB, 0xD4AA, 0xABE8, 0x8327, 0x3163, 0x1965, 0x5AE8, 0x946D, 0x842C, 0x842C, 0x842C, 0x948E, 0x838A, 0x08C3, 0x1924, 0x1104,
  0x1124, 0x1104, 0x10E3, 0x1104, 0x1104, 0x1104, 0x1104, 0x1104, 0x1104, 0x10E4, 0x1104, 0x1104, 0x1104, 0x1904, 0x1924, 0x1924,
  0x10C3, 0x10A3, 0x1082, 0x1082, 0x10A3, 0x1082, 0x0861, 0x10A3, 0x10C3, 0x10C3, 0x18C4, 0x18E4, 0x2125, 0x2145, 0x2125, 0x2125,
  0x2104, 0x18E4, 0x18C3, 0x18C3, 0x3144, 0x3123, 0x18C2, 0x10A2, 0x18C3, 0x10C3, 0x18C3, 0x18E3, 0x18E3, 0x18E4, 0x1104, 0x1104,
  0x10E4, 0x10E4, 0x10C3, 0x10E3, 0x1104, 0x1104, 0x1104, 0x1104, 0x10E3, 0x10E3, 0x10E3, 0x1104, 0x1104, 0x1104, 0x1104, 0x1924,
  0x1924, 0x1124, 0x1104, 0x1104, 0x1124, 0x1924, 0x1924, 0x1925, 0x1925, 0x1924, 0x1924, 0x1124, 0x1124, 0x1924, 0x19A7, 0x19A6,
  0x21C7, 0x1986, 0x4AA8, 0x8C6D, 0x8C2C, 0x842D, 0x9C8D, 0x6B06, 0x39E4, 0x39C4, 0x4204, 0x31A3, 0x39C3, 0x4A44, 0x5AA5, 0x5285,
  0x5264, 0x4A24, 0x39E4, 0x4A24, 0x5A85, 0x4204, 0x39E3, 0x4A44, 0x62C4, 0x4A44, 0x39C3, 0x4A23, 0x4A23, 0x39C2, 0x6AA4, 0x4A23,
  0xA3E5, 0x9BC5, 0x93A5, 0x9385, 0x29C6, 0x52A9, 0xC571, 0xDE13, 0xDDF3, 0xD5D3, 0xC592, 0xC572, 0xB511, 0x31C7, 0x4268, 0xAC6C,
  0x9C0A, 0x940A, 0x9C09, 0x942B, 0x9C4C, 0xA48C, 0xA46C, 0x9C4C, 0xA48D, 0xAC8B, 0xA48C, 0xA48C, 0xA4AC, 0xACAC, 0xACCD, 0xB4EE,
  0xACEE, 0xACEE, 0xB50E, 0xB50E, 0xACEE, 0xACCE, 0xACCE, 0xA4AE, 0x9C8E, 0x8C2E, 0x83EE, 0x7BCE, 0x7BEE, 0x83EE, 0x8C2E, 0x9C6E,
  0x944E, 0x944D, 0x9C6D, 0xA48D, 0xBD0D, 0x9C6E, 0x840D, 0xB50E, 0xC52E, 0xA4AE, 0xB4CE, 0xD58E, 0xDDCF, 0xDDCF, 0x83CB, 0x736A,
  0x738A, 0x736A, 0x736A, 0x736A, 0x7B6A, 0x736A, 0x8BA9, 0x83A9, 0x93E9, 0xB489, 0xB468, 0xCD2C, 0xDDF0, 0xE5F0, 0xE611, 0xE610,
  0xE610, 0xEE31, 0xEE31, 0xEE30, 0xE610, 0xE5F1, 0xD5D1, 0xCD91, 0xC550, 0xB510, 0xACF0, 0xACD0, 0xB532, 0x942D, 0x5AC7, 0x62E8,
  0x62C7, 0x7B49, 0x6B28, 0x62E7, 0x6B08, 0x6B08, 0x6AE8, 0x62E7, 0x6AE7, 0x6AE7, 0x7327, 0x8368, 0x7B27, 0x7307, 0x7B28, 0x93C8,
  0x7328, 0x7327, 0x8347, 0x8367, 0xB467, 0xB468, 0xAC27, 0xC4A8, 0xBCA8, 0xBCA8, 0xC4C9, 0xCD0A, 0xD58F, 0xD5F3, 0xD5D2, 0xD5D2,
  0xDDF3, 0xD5B2, 0xBD0D, 0xC4EC, 0xD54D, 0xDDD1, 0xE613, 0xDDD1, 0xD590, 0xCD71, 0xD591, 0xCD4F, 0xCD6F, 0xDDD2, 0xC52F, 0xC50D,
  0xCD6F, 0xDDD1, 0xD590, 0xD5B0, 0xDDB1, 0xDDD1, 0xB4AD, 0xC52F, 0xE632, 0xDDD1, 0xCD4F, 0x7306, 0x4A23, 0x41E3, 0x31A2, 0x39E3,
  0x31C5, 0x2943, 0x3184, 0x4206, 0x4A27, 0x3184, 0x2963, 0x39C5, 0x41E5, 0x4206, 0x41E5, 0x5268, 0x5288, 0x5268, 0x5268, 0x5268,
  0x5268, 0x5268, 0x5268, 0x5267, 0x5267, 0x4207, 0x8328, 0xC46A, 0xBC29, 0xBC4A, 0xBC4A, 0xBC6A, 0xCCEC, 0x7AE6, 0xBC6B, 0xCCAB,
  0xCCAB, 0xCCAA, 0xD4EB, 0xED6C, 0x6265, 0x1145, 0x5AE9, 0x8C6D, 0x842D, 0x842C, 0x7C2C, 0x948E, 0x838A, 0x08C3, 0x1924, 0x1104,
  0x1104, 0x1104, 0x10E3, 0x1104, 0x1104, 0x1104, 0x1104, 0x1104, 0x10E4, 0x10E4, 0x1104, 0x1104, 0x1104, 0x1924, 0x1124, 0x1924,
  0x10E3, 0x10A3, 0x10A3, 0x10A3, 0x10A3, 0x1082, 0x1082, 0x1081, 0x10A2, 0x18C3, 0x18C3, 0x18E4, 0x1904, 0x18E4, 0x18E4, 0x18C3,
  0x10C3, 0x10C3, 0x18C3, 0x18C3, 0x2923, 0x20E3, 0x18E2, 0x1081, 0x0861, 0x10A2, 0x2923, 0x1124, 0x1924, 0x1124, 0x1124, 0x1104,
  0x1104, 0x1104, 0x10C3, 0x10E3, 0x1104, 0x1104, 0x1104, 0x1104, 0x10E3, 0x10E3, 0x10E3, 0x1104, 0x1104, 0x1104, 0x1924, 0x1924,
  0x1924, 0x1124, 0x1104, 0x1924, 0x1925, 0x1925, 0x1925, 0x1945, 0x1945, 0x1925, 0x1945, 0x1945, 0x1925, 0x1925, 0x21A7, 0x21A6,
  0x21A7, 0x1986, 0x4AA8, 0x8C4D, 0x8C4D, 0x7C0C, 0xA48C, 0x5265, 0x2983, 0x3183, 0x4A24, 0x4204, 0x3183, 0x4204, 0x4A45, 0x5265,
  0x4224, 0x5244, 0x5264, 0x4224, 0x39E4, 0x41E3, 0x39E3, 0x4203, 0x4203, 0x5AA4, 0x5264, 0x4203, 0x8B85, 0x5A84, 0x7B45, 0xAC26,
  0x9BE5, 0x8345, 0x8B85, 0xA405, 0x29E7, 0x52E9, 0xC571, 0xDDF3, 0xDDF3, 0xCDB2, 0xC552, 0xC552, 0xB511, 0x3A08, 0x4AA8, 0x944C,
  0x83EB, 0x940A, 0x93EA, 0x940A, 0x8C0B, 0x942B, 0xA44A, 0xAC6A, 0x942B, 0x93E8, 0x9C0A, 0x9C4B, 0xA46B, 0xA48C, 0xA48C, 0xACAC,
  0xB4EE, 0xACEE, 0xACEE, 0xB50E, 0xB50E, 0xB50E, 0xBD2F, 0xBD4F, 0xC54E, 0xC54F, 0xBD4F, 0xB50F, 0xACCE, 0x9C8E, 0x944E, 0x8C2F,
  0x840E, 0x840D, 0x840D, 0x944D, 0xACAE, 0x9C6E, 0x944E, 0x9C8E, 0x944E, 0x944E, 0xACCE, 0xC54F, 0xBD0E, 0xB50D, 0xAC8C, 0x736A,
  0x6B4A, 0x6B4A, 0x6B4A, 0x6B4A, 0x734A, 0x736A, 0x736A, 0x83AA, 0x8BCA, 0xA429, 0xB448, 0xC4A9, 0xC4CA, 0xCD0B, 0xDDF0, 0xE611,
  0xE610, 0xE611, 0xE610, 0xE610, 0xEE30, 0xEE50, 0xF650, 0xF651, 0xEE30, 0xE610, 0xDDF0, 0xD5B0, 0xCD90, 0x7B8A, 0x5AA7, 0x62E8,
  0x6B08, 0x6B08, 0x6B08, 0x62E8, 0x62E8, 0x62E7, 0x62E7, 0x7308, 0x6B08, 0x6AE7, 0x6AE7, 0x6B07, 0x62C7, 0x7307, 0x6AE7, 0x7B27,
  0x6B07, 0x7307, 0x7B47, 0x8347, 0xA407, 0xA408, 0xB447, 0xB468, 0xBCA8, 0xC4A8, 0xC4EA, 0xD56E, 0xDDD1, 0xDDF3, 0xDE13, 0xDDF3,
  0xBD2F, 0xBCCC, 0xAC49, 0xAC69, 0xC4EB, 0xD56E, 0xD5B1, 0xD590, 0xCD70, 0xCD71, 0xC52F, 0xBCEC, 0xC52D, 0xCD4F, 0xBCCD, 0xBCCD,
  0xBD0E, 0xC52E, 0xC52E, 0xD590, 0xD5B1, 0xD5B1, 0xE5F2, 0xDDD1, 0xC50E, 0xCD4F, 0x93EA, 0x39C3, 0x41E3, 0x39A2, 0x31A3, 0x39A3,
  0x31A4, 0x2984, 0x39E6, 0x39C5, 0x31A4, 0x4206, 0x41E6, 0x5247, 0x4A47, 0x39C4, 0x39C5, 0x4A27, 0x4206, 0x3184, 0x4A27, 0x4A47,
  0x4A47, 0x5267, 0x5268, 0x5267, 0x5267, 0x4A26, 0x5A66, 0xB429, 0xC46A, 0xBC29, 0xBC29, 0xBC49, 0xAC09, 0x6A65, 0xABC9, 0xBC4A,
  0xCC8A, 0xD4CB, 0xD50C, 0xDD0C, 0x5A45, 0x1124, 0x52E9, 0x8C4D, 0x842C, 0x842C, 0x842D, 0x94AE, 0x838A, 0x08C3, 0x1924, 0x1104,
  0x1104, 0x1104, 0x10E3, 0x1104, 0x1104, 0x1104, 0x1104, 0x1104, 0x10E4, 0x10E3, 0x1104, 0x1104, 0x1104, 0x1104, 0x1104, 0x1924,
  0x1104, 0x1082, 0x10A3, 0x10A3, 0x10A3, 0x10A2, 0x1082, 0x0882, 0x0861, 0x1082, 0x10C3, 0x18C3, 0x18C3, 0x10C3, 0x10A2, 0x1082,
  0x1081, 0x18E2, 0x2903, 0x2923, 0x3164, 0x39A5, 0x3984, 0x2103, 0x10A2, 0x18E4, 0x49E5, 0x2965, 0x1124, 0x1924, 0x1104, 0x1104,
  0x1104, 0x1104, 0x10C3, 0x10E3, 0x1104, 0x1104, 0x1104, 0x1104, 0x10E3, 0x10E3, 0x1104, 0x1104, 0x1104, 0x1124, 0x1924, 0x1924,
  0x1124, 0x1924, 0x1924, 0x1925, 0x1945, 0x1945, 0x1945, 0x1945, 0x1945, 0x1945, 0x1945, 0x1945, 0x1945, 0x1945, 0x19A7, 0x19A6,
  0x21A7, 0x1966, 0x52A8, 0x8C6D, 0x8C6D, 0x840C, 0xACCD, 0x5A85, 0x39E4, 0x4204, 0x4A24, 0x41E4, 0x2983, 0x3183, 0x39C3, 0x39E4,
  0x39E4, 0x41E4, 0x4A44, 0x4224, 0x39C3, 0x5244, 0x5244, 0x4A23, 0x4223, 0x4A44, 0x72E4, 0x4A03, 0x6284, 0x93A5, 0x5243, 0x7304,
  0x62A4, 0x8345, 0x6AC4, 0x7B05, 0x21A6, 0x52C9, 0xC551, 0xCD91, 0xCD91, 0xCD71, 0xC552, 0xBD32, 0xB4F1, 0x3A28, 0x52C9, 0xC4C9,
  0xB467, 0xAC48, 0x7B68, 0xA408, 0x8BEA, 0x83CA, 0x83CA, 0x93EA, 0x942B, 0x940A, 0x93E9, 0x93E9, 0xA46A, 0xA4AC, 0xA48B, 0xA46B,
  0xB4CC, 0xBD2E, 0xBD2F, 0xB50E, 0xB50E, 0xB4EE, 0xB50E, 0xBD2E, 0xBD2E, 0xBD2E, 0xBD4E, 0xC56E, 0xC56E, 0xC56E, 0xC56E, 0xC52E,
  0xB4EE, 0xA4AE, 0x9C6E, 0x944E, 0x8C2D, 0x8C0D, 0x8C0D, 0x83EE, 0x7BEE, 0x8C2E, 0xA4AE, 0xACCE, 0x7BAC, 0x736B, 0x83CB, 0x6B4A,
  0x6B4A, 0x6B4A, 0x7B8A, 0x83AA, 0x83AA, 0x83A9, 0x8BC9, 0xA429, 0x9C0A, 0x8BCA, 0xA429, 0xBC89, 0xB489, 0xB489, 0xCD6D, 0xDDF0,
  0xDDF0, 0xE611, 0xE610, 0xE610, 0xE5F0, 0xDDD0, 0xDDF0, 0xE610, 0xE610, 0xF651, 0xEE51, 0xF671, 0xCD4E, 0x9C2B, 0x7B69, 0x62E8,
  0x6B28, 0x6B08, 0x62E8, 0x62E7, 0x62E7, 0x62E8, 0x62E8, 0x6B08, 0x6AE8, 0x62C7, 0x6AE7, 0x62E7, 0x62E7, 0x6AE7, 0x6AE7, 0x7307,
  0x7307, 0x7B47, 0x7327, 0x8368, 0x8368, 0x93C8, 0xAC48, 0xB468, 0xB448, 0xC4A8, 0xD54D, 0xD58F, 0xD5AF, 0xDDD2, 0xD5B1, 0xC54F,
  0x93EA, 0x93C9, 0xA42A, 0xAC49, 0xBC89, 0xC4EA, 0xD590, 0xCD71, 0xCD50, 0xC530, 0xB48B, 0xBCCB, 0xB4CC, 0xB4CC, 0xBCCC, 0xBCAC,
  0xCD2C, 0xBCCC, 0xC50D, 0xCD2E, 0xD5B0, 0xDDB0, 0xD590, 0xDDD1, 0xB4AC, 0x8BA7, 0x93A8, 0x93A8, 0x9BE9, 0x8B67, 0x39C3, 0x39A3,
  0x1902, 0x2984, 0x4A26, 0x41E5, 0x2984, 0x4A26, 0x4A27, 0x4206, 0x41E5, 0x4226, 0x39A4, 0x39C5, 0x4A06, 0x2922, 0x3163, 0x39A4,
  0x41E5, 0x4205, 0x4A06, 0x4206, 0x4206, 0x41E5, 0x5205, 0x72A6, 0x9B87, 0x9B67, 0xA3A8, 0x9B68, 0x9B88, 0x5A04, 0x7285, 0x9347,
  0xA3A8, 0xBC4A, 0xBC6A, 0x8307, 0x2123, 0x1124, 0x4AA8, 0x8C4D, 0x844D, 0x842C, 0x842D, 0x94AE, 0x7B6A, 0x08C3, 0x1924, 0x1104,
  0x1104, 0x1104, 0x10E3, 0x1104, 0x10E4, 0x10E3, 0x1104, 0x1104, 0x10E3, 0x10E3, 0x1104, 0x1104, 0x1104, 0x1924, 0x1104, 0x1104,
  0x1104, 0x10A2, 0x10A2, 0x10A3, 0x10A3, 0x10A3, 0x10A3, 0x1082, 0x0882, 0x0861, 0x0882, 0x1082, 0x0881, 0x0861, 0x0861, 0x0861,
  0x10A2, 0x2943, 0x3984, 0x4A05, 0x5226, 0x4A06, 0x4A06, 0x3164, 0x1082, 0x39A6, 0x5A48, 0x41C5, 0x10E4, 0x1904, 0x1104, 0x10E3,
  0x10E3, 0x10E3, 0x08A2, 0x10C3, 0x1104, 0x10E4, 0x1104, 0x10E3, 0x10C3, 0x10E4, 0x10E4, 0x1104, 0x1104, 0x1124, 0x1924, 0x1924,
  0x1124, 0x1924, 0x1924, 0x1945, 0x1945, 0x1945, 0x1945, 0x1945, 0x1945, 0x1945, 0x1945, 0x1945, 0x1925, 0x1945, 0x19A6, 0x19A6,
  0x21A6, 0x1965, 0x4268, 0x8C6D, 0x8C4D, 0x842D, 0xB4EE, 0x5245, 0x31A3, 0x31A3, 0x2963, 0x3183, 0x2963, 0x3183, 0x2963, 0x2983,
  0x31C4, 0x4225, 0x39E4, 0x2963, 0x31A3, 0x39E3, 0x4204, 0x5244, 0x62A4, 0x4A23, 0x4203, 0x41E3, 0x41E3, 0x5A63, 0x72E4, 0x5A43,
  0x5263, 0x7B24, 0x8B65, 0x6AC4, 0x2185, 0x4AA9, 0xBD30, 0xCD71, 0xCD71, 0xCD91, 0xC571, 0xACD0, 0xA490, 0x3A08, 0x52A8, 0xB468,
  0x8B87, 0xAC47, 0xBC67, 0x93C8, 0x7349, 0x9BE8, 0x940A, 0xAC28, 0x9C2A, 0x9C0A, 0x9C29, 0xAC8B, 0xACAC, 0x9C6B, 0xA46A, 0xA44A,
  0xAC6B, 0xB4EC, 0xBD4E, 0xBD2E, 0xB50E, 0xB50E, 0xB50E, 0xB50E, 0xB50E, 0xBD2E, 0xBD2E, 0xBD4E, 0xBD4E, 0xBD4E, 0xC54E, 0xCD8F,
  0xCD6F, 0xC56E, 0xCD6E, 0xCD6E, 0xC54E, 0xBD0E, 0xACCE, 0xA48D, 0x942D, 0x840D, 0x8C2D, 0x7BCC, 0x738B, 0x6B6B, 0x6B4B, 0x6B4B,
  0x6B4A, 0x736A, 0x7B8A, 0x736A, 0x7B6A, 0x7B89, 0x93C9, 0x9C29, 0xB46A, 0xA449, 0x93E9, 0xAC49, 0xB469, 0xC50C, 0xD5B0, 0xD5B0,
  0xDDD1, 0xDDF1, 0xDDF0, 0xCDB0, 0xC570, 0xA4CF, 0xACCF, 0xBD30, 0xC570, 0xDDF1, 0xE611, 0xEE30, 0xCD4E, 0x940B, 0x6B08, 0x6308,
  0x6308, 0x6308, 0x62E8, 0x62E7, 0x62E8, 0x6308, 0x62E8, 0x62E7, 0x62C7, 0x62C7, 0x62C7, 0x5AA7, 0x62C7, 0x6B07, 0x7B27, 0x8347,
  0x7307, 0x6AE7, 0x8367, 0x7B27, 0x7B48, 0x93A8, 0x93C8, 0xAC28, 0xBC88, 0xC4A8, 0xCCE9, 0xCCE9, 0xCCE9, 0xD590, 0xBCEE, 0x8BA9,
  0x8BCA, 0x93C9, 0x93C9, 0xAC49, 0xBCAA, 0xC4EA, 0xD54C, 0xCD6F, 0xCD50, 0xAC6C, 0x9BC9, 0xB48A, 0xBCAB, 0xBCEC, 0xC4CC, 0xC48C,
  0xD50C, 0xC4CC, 0xCCED, 0xBCAD, 0xC50D, 0xCD2D, 0xCD0E, 0xCD2F, 0xCD4D, 0x8B67, 0x93A7, 0xC4AA, 0xC4AA, 0xAC28, 0x5A84, 0x3183,
  0x2123, 0x2984, 0x39E5, 0x31A4, 0x41E6, 0x5247, 0x4A27, 0x4206, 0x41E6, 0x4206, 0x39A4, 0x41E6, 0x4A47, 0x4206, 0x41E6, 0x4A27,
  0x4A26, 0x39C4, 0x39A4, 0x3984, 0x39A4, 0x39C4, 0x39A4, 0x5225, 0x6A65, 0x7AC6, 0x72C6, 0x7285, 0xABE8, 0xABE8, 0x82E6, 0x7AC6,
  0x7AE6, 0x9367, 0x72A6, 0x3163, 0x10E3, 0x1965, 0x5AC8, 0x8C6D, 0x844D, 0x842C, 0x842D, 0x94AD, 0x8369, 0x08E3, 0x2144, 0x1924,
  0x1924, 0x1904, 0x10E3, 0x1104, 0x1104, 0x18E4, 0x1904, 0x1104, 0x10E3, 0x18E4, 0x1904, 0x1104, 0x1104, 0x1904, 0x1104, 0x1104,
  0x1104, 0x10A2, 0x10A3, 0x10A3, 0x10A3, 0x10A3, 0x10A3, 0x10A3, 0x10A3, 0x10A2, 0x1082, 0x0881, 0x1082, 0x10C3, 0x10A2, 0x18E4,
  0x2124, 0x39A4, 0x5226, 0x6266, 0x5226, 0x4A05, 0x72E7, 0x6AA7, 0x2923, 0x3165, 0x5A69, 0x5A27, 0x2964, 0x1965, 0x2165, 0x2145,
  0x2144, 0x1924, 0x1904, 0x1924, 0x1945, 0x1925, 0x1945, 0x1924, 0x10E3, 0x1104, 0x1904, 0x1104, 0x1104, 0x1124, 0x1124, 0x1924,
  0x1924, 0x1924, 0x1924, 0x1945, 0x1945, 0x1945, 0x1945, 0x1945, 0x1945, 0x1945, 0x1945, 0x1945, 0x1945, 0x1945, 0x19A6, 0x21A6,
  0x21C6, 0x1966, 0x52C8, 0x9CAD, 0x8C6D, 0x844D, 0xB4ED, 0x4A04, 0x2142, 0x3183, 0x31A3, 0x31A3, 0x2963, 0x39E4, 0x39E4, 0x2983,
  0x2963, 0x3A05, 0x3A04, 0x3183, 0x39E4, 0x39E4, 0x3183, 0x39C3, 0x5AA4, 0x62A4, 0x39C3, 0x5264, 0x6AC4, 0x5223, 0x4A03, 0x8344,
  0xAC67, 0x8365, 0x8B65, 0x7B45, 0x21C6, 0x52E9, 0xC550, 0xD5B2, 0xD5D3, 0xDDF3, 0xD5B2, 0xB4F0, 0xA4B0, 0x3A07, 0x4A68, 0xA427,
  0x8B66, 0x8366, 0x8BA8, 0x6B4A, 0x9BE8, 0xD4E7, 0xAC49, 0x93E9, 0x9409, 0x8BEA, 0x83CB, 0x8BEB, 0x9C4B, 0xA46B, 0xAC2A, 0xAC6A,
  0x9C2B, 0xB4CC, 0xB4ED, 0xB50E, 0xACCD, 0xACAC, 0xB4CC, 0xB4EC, 0xB4ED, 0xBD0E, 0xBD2E, 0xBD4E, 0xBD4E, 0xC54E, 0xC54E, 0xBD2D,
  0xBD0D, 0xBD2D, 0xC54E, 0xC54F, 0xC54E, 0xCD6E, 0xCD6E, 0xCD6E, 0xC54E, 0xC52E, 0xBD2E, 0x942D, 0x6B6B, 0x6B6B, 0x6B4B, 0x6B4B,
  0x6B4A, 0x6B4B, 0x6B4A, 0x6B4A, 0x6B4A, 0x6B4A, 0x7369, 0x7B89, 0xA429, 0xA429, 0xAC69, 0xB469, 0xB489, 0xBCCA, 0xC50D, 0xB510,
  0xCDB1, 0xBD50, 0xBD50, 0xB510, 0xA4B0, 0xA4B0, 0x9C8F, 0xB510, 0xC550, 0xC570, 0xCD90, 0xD5B0, 0xB4CD, 0x6B08, 0x7349, 0x6B08,
  0x6308, 0x62E8, 0x62E8, 0x62E8, 0x5AC8, 0x62E8, 0x5AC8, 0x5AA7, 0x62C7, 0x62C7, 0x5AA7, 0x6AE7, 0x6B07, 0x7327, 0x7327, 0x6B07,
  0x6AE7, 0x7307, 0x8B87, 0x7B47, 0x7B47, 0x8B88, 0x8368, 0x8B88, 0x9BE8, 0xB468, 0xBC88, 0xBC88, 0xCCEB, 0xACAE, 0x93EB, 0x8BA9,
  0x8BA9, 0x93C9, 0x9BE9, 0xA429, 0xAC6A, 0xBCAA, 0xC4CA, 0xD54D, 0xB4AE, 0x8BAA, 0x93CB, 0xB48C, 0xDD2D, 0xD50D, 0xCD0D, 0xCCCD,
  0xCCED, 0xC4CC, 0xBC8B, 0xBC8D, 0xBCAE, 0xC4CD, 0xC4CD, 0xD52C, 0xD529, 0x9BC7, 0x3182, 0x4A03, 0x7305, 0x5A64, 0x4A04, 0x31A3,
  0x1902, 0x2984, 0x39C5, 0x31A4, 0x4206, 0x5227, 0x4206, 0x41E6, 0x41E5, 0x39A5, 0x3184, 0x4A47, 0x5288, 0x5289, 0x4A47, 0x4A26,
  0x4A27, 0x4A47, 0x5268, 0x5247, 0x5248, 0x5267, 0x72E7, 0x9BA8, 0xCCAB, 0xD4EC, 0xCCCC, 0xCCCC, 0xC46A, 0xCC8A, 0xDCEB, 0xD4CB,
  0xD4EB, 0xDD4C, 0xE56D, 0x9347, 0x2143, 0x1986, 0x62E8, 0x9C8C, 0x844D, 0x844D, 0x842C, 0x9C8D, 0xAC8B, 0x6B6A, 0x738A, 0x632A,
  0x5B09, 0x5AE9, 0x4268, 0x3228, 0x2A07, 0x2A07, 0x2A08, 0x2A08, 0x29E7, 0x21C7, 0x19A6, 0x1986, 0x1986, 0x1965, 0x1124, 0x1104,
  0x1104, 0x10C3, 0x10A2, 0x10C3, 0x10A3, 0x10A3, 0x10A3, 0x18C3, 0x10C3, 0x10A3, 0x10A3, 0x10A3, 0x10C3, 0x18E4, 0x18E4, 0x2104,
  0x3165, 0x41C5, 0x41C5, 0x4A06, 0x5A67, 0x5A46, 0x7B07, 0x8B69, 0x5A46, 0x18C2, 0x49E6, 0x5A48, 0x62A7, 0x3A89, 0x3AAA, 0x3A89,
  0x3A69, 0x3249, 0x3269, 0x3269, 0x3249, 0x2A28, 0x2A08, 0x21E7, 0x21C7, 0x21A6, 0x21C7, 0x1945, 0x10E3, 0x1924, 0x1924, 0x1924,
  0x1124, 0x1925, 0x1924, 0x1945, 0x1945, 0x1945, 0x1945, 0x1945, 0x1945, 0x1945, 0x1945, 0x1945, 0x1945, 0x1945, 0x19A7, 0x21A6,
  0x21C6, 0x1986, 0x4A88, 0x948D, 0x8C6D, 0x8C6D, 0xB50D, 0x4204, 0x2163, 0x2983, 0x39E5, 0x4A86, 0x31C4, 0x31C4, 0x39E4, 0x39E4,
  0x2963, 0x2963, 0x39E4, 0x3A04, 0x39E4, 0x31A3, 0x39C3, 0x39C3, 0x2963, 0x39A3, 0x4A03, 0x39E3, 0x5264, 0x8345, 0x39C3, 0x8345,
  0x9BE6, 0x62A4, 0x4203, 0x4A44, 0x21A6, 0x52E9, 0xBD10, 0xCD91, 0xCDB2, 0xD5D3, 0xCDB2, 0xB511, 0x9C6F, 0x31E7, 0x4268, 0xBC87,
  0xA3E5, 0xA406, 0xBC88, 0x8B87, 0xA3E6, 0x8BC8, 0x8BC9, 0x9C08, 0xBC67, 0xA429, 0x7BAB, 0x7BAB, 0x83CA, 0x8BCA, 0x93CA, 0xAC4A,
  0xB4AB, 0xB4CC, 0xB4ED, 0xA48C, 0x93EA, 0xA42A, 0xAC6B, 0xB4AB, 0xB4ED, 0xB50E, 0xBD2E, 0xC54E, 0xBD2E, 0xB50D, 0xA48C, 0x942B,
  0x9C4B, 0xAC8B, 0xBCEC, 0xBD0D, 0xBD2E, 0xBD2E, 0xC54E, 0xC54E, 0xC54E, 0xC56E, 0xBD2E, 0x9C4C, 0x6B4B, 0x6B4B, 0x6B4B, 0x6B4B,
  0x736B, 0x736B, 0x6B6B, 0x734A, 0x6B4A, 0x734A, 0x7B6A, 0x7B89, 0x83A9, 0x83A9, 0xAC4A, 0xAC49, 0xB489, 0xB489, 0xBCA9, 0xACAE,
  0xA4B0, 0xA4AF, 0xA4AF, 0xACCF, 0xA48F, 0x9C8F, 0x9C8F, 0xACCF, 0xACCF, 0xBD30, 0xBD50, 0xBD50, 0xB510, 0x942C, 0x7369, 0x5AC8,
  0x5AC8, 0x5AC8, 0x5AC8, 0x62C8, 0x62C8, 0x5AC8, 0x5AA7, 0x5AA7, 0x62C7, 0x5AC7, 0x5AA7, 0x6AE7, 0x7307, 0x62E7, 0x6AE7, 0x62C7,
  0x7307, 0x8B87, 0x8387, 0x8B87, 0x93C7, 0x8B87, 0x7B48, 0x7B48, 0x8B87, 0x93A7, 0xA407, 0xBC88, 0xD50A, 0xC4CA, 0x8BCA, 0x8BAA,
  0x8BA9, 0x93A9, 0x8BA9, 0x93E9, 0xAC49, 0xBC89, 0xBCAA, 0xC4EB, 0x9C0B, 0x8BAA, 0x9C0C, 0xA40C, 0xD50D, 0xD50D, 0xCCCD, 0xCCCD,
  0xCCED, 0xCCED, 0xD4EC, 0xC4CC, 0xBCAD, 0xBCAB, 0xCCED, 0xC4CA, 0xC4C9, 0xD52A, 0x6AE5, 0x41C3, 0x31A3, 0x31A3, 0x31A3, 0x3183,
  0x2103, 0x2103, 0x2964, 0x3A05, 0x31C4, 0x31C4, 0x39E5, 0x41C5, 0x39C5, 0x2123, 0x31A5, 0x4A68, 0x4A68, 0x4A47, 0x4A05, 0x4A26,
  0x4A26, 0x5247, 0x5247, 0x5247, 0x4A06, 0x6AE8, 0xD4EB, 0xBC49, 0xBC6A, 0xC46A, 0xBC29, 0xD4AB, 0xABC8, 0x82C6, 0xC46A, 0xBC29,
  0xBC4A, 0xBC49, 0xCCAA, 0xDCEB, 0x6245, 0x1965, 0x5B09, 0x948D, 0x844D, 0x844D, 0x842C, 0x946D, 0x9C4B, 0x5B2A, 0x636A, 0x636A,
  0x5B4A, 0x4AC9, 0x3248, 0x2A08, 0x2A08, 0x2A08, 0x2A08, 0x2A08, 0x2208, 0x21C7, 0x19A6, 0x1986, 0x1965, 0x1945, 0x1104, 0x1104,
  0x1104, 0x10C3, 0x10A3, 0x10A3, 0x10A3, 0x10A3, 0x10C3, 0x18E4, 0x18E4, 0x18C3, 0x10C3, 0x18C3, 0x18E4, 0x1904, 0x2104, 0x3144,
  0x3185, 0x41C5, 0x39A4, 0x4A05, 0x49E5, 0x3984, 0x49E5, 0x5225, 0x41C4, 0x18C2, 0x1082, 0x5227, 0x72C9, 0x3A68, 0x2229, 0x2A28,
  0x2A28, 0x2A28, 0x2A28, 0x2A28, 0x2A07, 0x3207, 0x29E7, 0x21C7, 0x21C7, 0x19A6, 0x19A7, 0x1986, 0x1104, 0x1924, 0x1924, 0x1924,
  0x1924, 0x1925, 0x1924, 0x1945, 0x1945, 0x1945, 0x1945, 0x1945, 0x1945, 0x1945, 0x1945, 0x1945, 0x1945, 0x1945, 0x19A7, 0x19A6,
  0x21C7, 0x1986, 0x4268, 0x8C6D, 0x8C6D, 0x8C6D, 0xACED, 0x4204, 0x2983, 0x2983, 0x31A3, 0x4245, 0x4A46, 0x2983, 0x2963, 0x3A05,
  0x3184, 0x2983, 0x39C4, 0x39E4, 0x31C4, 0x39C4, 0x4A44, 0x4A24, 0x2143, 0x4A23, 0x4A03, 0x3182, 0x4203, 0x4A03, 0x4A23, 0x39A2,
  0x39A2, 0x41C3, 0x5243, 0x5A64, 0x1965, 0x52C9, 0x8C2C, 0x944E, 0x944E, 0x8C2E, 0x944E, 0x8C2E, 0x5B2B, 0x29A6, 0x5AC8, 0x8B66,
  0x72E4, 0xC4C7, 0xB467, 0x8345, 0x8B65, 0x8B86, 0x93C8, 0xB426, 0x93A7, 0x736A, 0x83CB, 0x8BEA, 0x93E9, 0x83CA, 0x83AA, 0x8BCA,
  0x9C2A, 0xAC8B, 0xA46B, 0x83CB, 0x7B8B, 0x940A, 0xAC6B, 0xAC8B, 0xB4AC, 0xB4ED, 0xACCD, 0xA48D, 0x9C4C, 0x7BCB, 0x736A, 0x83CB,
  0x93EA, 0x9C0A, 0xAC6A, 0xB48A, 0xBCEC, 0xBD0E, 0xB50E, 0xBD2E, 0xBD2E, 0xC54E, 0xA4AD, 0x736B, 0x738B, 0x7B8B, 0x738B, 0x83CB,
  0x738B, 0x6B6B, 0x6B4B, 0x6B4B, 0x6B2A, 0x736A, 0x736A, 0x736A, 0x7B8A, 0x8BA9, 0x9BE9, 0x93E9, 0xA409, 0xAC49, 0xC4CA, 0xB4CE,
  0x9C8F, 0x946F, 0x946F, 0x946F, 0x9C8F, 0x9C8F, 0x9C8F, 0x9C8F, 0xACAF, 0xB510, 0xBD30, 0xBD30, 0xC551, 0xBD30, 0x7B69, 0x7B6A,
  0x6B29, 0x83AA, 0x83AA, 0x6B29, 0x62C8, 0x5AA7, 0x5AA7, 0x5AA7, 0x5AC7, 0x62E8, 0x62E8, 0x5AA7, 0x62C7, 0x5AA7, 0x62C7, 0x62E7,
  0x6AE7, 0x6B07, 0x7B27, 0x8367, 0x8B87, 0x93A7, 0x93A8, 0x8B88, 0xB468, 0xC4A9, 0xB448, 0x9BE8, 0xA428, 0x93C9, 0x838A, 0x838A,
  0x838A, 0x8389, 0x8BA9, 0x8BA9, 0x9BE9, 0xB469, 0xB48A, 0xCD0A, 0xBCCB, 0x9BEB, 0xA40C, 0x9C0C, 0xBC8C, 0xDD2D, 0xCCCC, 0xCCCC,
  0xCCEB, 0xD52A, 0xCCC9, 0xCCC9, 0xBC8A, 0xA42B, 0xAC6B, 0x93C7, 0xA406, 0x9BE6, 0x5A64, 0x6AA3, 0x5A64, 0x2983, 0x39C4, 0x31A3,
  0x2123, 0x2102, 0x2143, 0x39E5, 0x2984, 0x39C5, 0x39E5, 0x39A4, 0x2964, 0x2963, 0x31A5, 0x4A47, 0x4A47, 0x4A26, 0x4A47, 0x4A27,
  0x4A26, 0x4A26, 0x4A26, 0x4A25, 0x4A26, 0x5246, 0xBC29, 0xB429, 0xB409, 0xBC49, 0xB409, 0xBC08, 0xA3A8, 0x82E6, 0xBC49, 0xC44A,
  0xBC4A, 0xBC49, 0xB409, 0xCC8A, 0x8307, 0x1124, 0x5B09, 0x946D, 0x844D, 0x844D, 0x842C, 0x9C8D, 0x9C2B, 0x5B2A, 0x636A, 0x5B4A,
  0x52E9, 0x3A68, 0x3228, 0x2A08, 0x2A08, 0x2A28, 0x2A28, 0x2A28, 0x2208, 0x21C7, 0x19A6, 0x1986, 0x1965, 0x1945, 0x1124, 0x1104,
  0x1104, 0x1082, 0x10A2, 0x10A3, 0x10C3, 0x18C4, 0x18C4, 0x18E4, 0x18E4, 0x2104, 0x2104, 0x18E4, 0x1905, 0x2125, 0x18E4, 0x2125,
  0x2945, 0x3143, 0x3964, 0x39A4, 0x5226, 0x5A66, 0x8B89, 0x8B69, 0x72E7, 0x39A5, 0x0861, 0x2103, 0x7AEA, 0x6AC9, 0x2208, 0x2A28,
  0x2A28, 0x2A08, 0x2A28, 0x2A08, 0x2A07, 0x2A07, 0x29E7, 0x21C7, 0x21C7, 0x21A7, 0x19A6, 0x21A7, 0x1924, 0x1924, 0x1924, 0x1924,
  0x1925, 0x1925, 0x1925, 0x1945, 0x1945, 0x1945, 0x1945, 0x1945, 0x1945, 0x1945, 0x1945, 0x1945, 0x1945, 0x1925, 0x19A6, 0x19A7,
  0x21C7, 0x1986, 0x4AA9, 0x8C6D, 0x8C6D, 0x8C6D, 0xA4CD, 0x41E4, 0x2963, 0x2963, 0x2142, 0x2963, 0x31C4, 0x2943, 0x2143, 0x2983,
  0x2963, 0x4A45, 0x4204, 0x31C3, 0x3A04, 0x5264, 0x41E3, 0x2942, 0x5244, 0x5264, 0x3183, 0x31A3, 0x8BA5, 0x7304, 0x39C3, 0x6284,
  0x62A4, 0x4A03, 0x7304, 0x7305, 0x1987, 0x5AA8, 0x8C0C, 0x8C0C, 0x8C0C, 0x83AB, 0x83CB, 0x83CC, 0x83CB, 0x6B4A, 0x736B, 0xA428,
  0x8B64, 0x93A5, 0xAC26, 0xC4C7, 0xC4A7, 0xB446, 0x9BC6, 0x9386, 0x7349, 0x9C2A, 0x8BEB, 0x9C0A, 0xC4A7, 0x93EA, 0x7BAB, 0x83CB,
  0xAC69, 0x9C29, 0x7B8B, 0x736B, 0x6B4B, 0x6B4A, 0x9C2A, 0xAC8A, 0xAC8A, 0x8C0C, 0x7BCC, 0x738C, 0x738C, 0x6B6C, 0x736B, 0x7B8B,
  0x8BEB, 0x9C2A, 0x940A, 0xAC6A, 0xB4AA, 0xBD0D, 0xB52E, 0xB50E, 0xB50E, 0xBD2E, 0xB50D, 0x9C4C, 0x942C, 0x83CC, 0x7BCC, 0x7BAC,
  0x6B4B, 0x6B4B, 0x6B2A, 0x6B4A, 0x6B4A, 0x6B2A, 0x734A, 0x7B6A, 0x7B69, 0x8BC9, 0xA429, 0x9C09, 0xA429, 0xA429, 0xBCEB, 0xD5B0,
  0xD5AF, 0xCD90, 0xBD2F, 0xA4AF, 0xA4AF, 0x944F, 0x944E, 0x944F, 0x9C8F, 0xACCF, 0xB510, 0xBD30, 0xBD30, 0xBD0F, 0xACEE, 0xB4EF,
  0x83AA, 0x9C2C, 0x8BEB, 0x5AC8, 0x5AA7, 0x5AA8, 0x5AC8, 0x5AC8, 0x5AC7, 0x62C7, 0x6AE7, 0x6AE7, 0x62C7, 0x5A87, 0x8B88, 0x6B07,
  0x62C7, 0x62A7, 0x62C7, 0x6B07, 0x8367, 0x8BA8, 0xA428, 0xA408, 0x9BE8, 0xC4A8, 0xBC88, 0xB448, 0xA429, 0x83AA, 0x838A, 0x838A,
  0x838A, 0x8BA9, 0x8BA9, 0x8BA9, 0x8BA9, 0x9BE9, 0xB489, 0xBCAA, 0xC4EC, 0xAC6D, 0xAC4D, 0xAC8E, 0xB48D, 0xC4CD, 0xC4AC, 0xC4AD,
  0xC4EC, 0xC4EB, 0xA3E9, 0xA3E7, 0xABE6, 0xBC67, 0x6AA5, 0x5A64, 0x5223, 0x6283, 0x5A63, 0x41C3, 0x39C3, 0x31A3, 0x31A4, 0x31A4,
  0x31A4, 0x2143, 0x2122, 0x2143, 0x2963, 0x39E5, 0x39E5, 0x31A4, 0x39C5, 0x4A27, 0x39C5, 0x39C4, 0x41E5, 0x41E5, 0x4A06, 0x4A05,
  0x4A26, 0x4A26, 0x4A26, 0x5246, 0x5246, 0x4206, 0x9B88, 0xC44A, 0xB429, 0xBC49, 0xBC29, 0xBC49, 0xB429, 0x9347, 0xBC29, 0xC46A,
  0xBC4A, 0xBC29, 0xB409, 0xC46A, 0x7AE6, 0x1124, 0x6329, 0x948D, 0x844D, 0x844D, 0x844D, 0xACCD, 0x9C4B, 0x5B29, 0x6349, 0x5309,
  0x5309, 0x4AC9, 0x3A88, 0x2A28, 0x2A28, 0x2A28, 0x2A28, 0x2A28, 0x21E7, 0x19A6, 0x1986, 0x1986, 0x1966, 0x1965, 0x1124, 0x1104,
  0x1104, 0x10A2, 0x10A2, 0x10A3, 0x10C3, 0x18C4, 0x18C4, 0x18E4, 0x18E4, 0x18E4, 0x18E4, 0x1905, 0x2125, 0x1905, 0x18E4, 0x2125,
  0x3185, 0x41E5, 0x5246, 0x62A7, 0x62A7, 0x5246, 0x49E4, 0x6245, 0x6265, 0x49C4, 0x2923, 0x0861, 0x3144, 0x7AE9, 0x4248, 0x2208,
  0x2A08, 0x2A08, 0x2A07, 0x29E7, 0x29E7, 0x21E7, 0x21E7, 0x21E7, 0x21C7, 0x21C7, 0x21A6, 0x21C7, 0x1924, 0x1104, 0x1924, 0x1124,
  0x1925, 0x1945, 0x1945, 0x1945, 0x1945, 0x1945, 0x1945, 0x1965, 0x1945, 0x1945, 0x1945, 0x1945, 0x1945, 0x1945, 0x19A6, 0x19A7,
  0x21C7, 0x1986, 0x4A88, 0x8C6D, 0x8C4D, 0x844D, 0xA4CE, 0x4205, 0x2143, 0x2963, 0x2143, 0x2143, 0x2963, 0x2963, 0x2143, 0x2143,
  0x2983, 0x2963, 0x2983, 0x2963, 0x39C4, 0x5244, 0x3183, 0x2942, 0x4204, 0x39C4, 0x4A24, 0x5A84, 0x8365, 0x8345, 0x8345, 0x8BA5,
  0x6AE4, 0x4A03, 0x5243, 0x5A64, 0x31C5, 0x4A45, 0x5AA7, 0x4226, 0x2985, 0x29A5, 0x31C5, 0x5286, 0x5286, 0x62E6, 0x6B06, 0x93C6,
  0xA405, 0x6AC4, 0x72E4, 0xC4A7, 0xA426, 0xAC46, 0xA3E6, 0xBC87, 0xAC28, 0x9BC7, 0xB447, 0xCCC7, 0xBC88, 0x9C2A, 0x738B, 0x940A,
  0xBCCA, 0xAC6A, 0x6B4B, 0x83AB, 0x940A, 0x940B, 0xA46B, 0xA46C, 0xAC6B, 0x940B, 0x6B4B, 0x738C, 0x6B6C, 0x6B8C, 0x738C, 0x738C,
  0x7BAC, 0x83CB, 0x940A, 0xA44A, 0xAC8A, 0xB4AA, 0xBD0D, 0x944D, 0x8C2D, 0xACCD, 0xACCD, 0xA48D, 0x83EC, 0x738B, 0x6B6B, 0x6B4B,
  0x6B6B, 0x6B4B, 0x6B4A, 0x6B29, 0x736A, 0x6B2A, 0x6B4A, 0x6B29, 0x734A, 0x7B8A, 0x93EA, 0xAC69, 0xB489, 0xB4AB, 0xCD6F, 0xC54F,
  0xB4EE, 0xB4CE, 0xD58E, 0xBD2E, 0xCD4E, 0xBD0E, 0xB4EE, 0xB4EE, 0xACCF, 0x9C8F, 0xA4AF, 0xACCF, 0xACEF, 0xB510, 0xBD30, 0x83AB,
  0x62E8, 0x83CA, 0x7349, 0x5287, 0x5AA7, 0x5AA7, 0x5AA8, 0x5AA8, 0x5AA7, 0x5AA7, 0x5AA7, 0x7328, 0x6AE7, 0x5AA7, 0x8368, 0x62C7,
  0x6B08, 0x6AE8, 0x6AE8, 0x6B07, 0x7328, 0x7328, 0x8BA8, 0x9BE8, 0xA408, 0x93A8, 0xA408, 0xC4C9, 0x9C2A, 0x838A, 0x8B8A, 0x8BAA,
  0x838A, 0x838A, 0x9C2A, 0x93CA, 0x8369, 0x8389, 0xA429, 0xA42B, 0xB48D, 0xBCEF, 0xBCEF, 0xBCEE, 0xBCAE, 0xB48D, 0xC4CE, 0xBCAD,
  0xC4CD, 0xB46C, 0x93A8, 0x6285, 0x41C3, 0x9385, 0x8B65, 0x7B05, 0x4A03, 0x41E3, 0x39E3, 0x31A3, 0x4204, 0x4204, 0x31A3, 0x2943,
  0x3A05, 0x31C5, 0x31A5, 0x2143, 0x2123, 0x2123, 0x2143, 0x31A4, 0x39C5, 0x31A4, 0x4205, 0x4A46, 0x4A46, 0x39C5, 0x41C5, 0x41E5,
  0x4A06, 0x4A26, 0x4A26, 0x5246, 0x5246, 0x4A26, 0x8B26, 0xBC29, 0xB409, 0xBC29, 0xBC29, 0xBC29, 0xBC49, 0xBC49, 0xBC49, 0xC46A,
  0xBC49, 0xBC29, 0xB409, 0xC469, 0x72A6, 0x1145, 0x6329, 0x948D, 0x844D, 0x844D, 0x842D, 0x9CAD, 0x9C4B, 0x4AE9, 0x52E9, 0x52E9,
  0x5B29, 0x5B29, 0x4AE9, 0x3248, 0x2A28, 0x2A28, 0x2A28, 0x2208, 0x21E7, 0x21C7, 0x21C7, 0x1986, 0x1966, 0x1965, 0x1125, 0x1104,
  0x1104, 0x10A3, 0x10A3, 0x10A2, 0x10A2, 0x10A2, 0x10A3, 0x10C3, 0x10C3, 0x10C4, 0x18E4, 0x2125, 0x2125, 0x2105, 0x2125, 0x2966,
  0x3164, 0x41A4, 0x41C4, 0x49E5, 0x5205, 0x5A04, 0x51C4, 0x82C5, 0x9326, 0x9306, 0x6A45, 0x59E4, 0x0840, 0x2944, 0x72E9, 0x2A48,
  0x2A49, 0x2A28, 0x2A08, 0x2A08, 0x2A08, 0x2A08, 0x21E7, 0x21E7, 0x21C7, 0x19C7, 0x21C7, 0x21E7, 0x1965, 0x1104, 0x1924, 0x1124,
  0x1924, 0x1945, 0x1925, 0x1945, 0x1945, 0x1945, 0x1945, 0x1945, 0x1945, 0x1945, 0x1945, 0x1945, 0x1945, 0x1925, 0x19A6, 0x19A7,
  0x21C7, 0x1966, 0x4AA8, 0x948D, 0x8C4C, 0x8C4D, 0xA4CE, 0x4205, 0x2122, 0x2963, 0x3183, 0x2122, 0x2943, 0x2983, 0x4A45, 0x39C4,
  0x2963, 0x2143, 0x1902, 0x2122, 0x2943, 0x2142, 0x2143, 0x2983, 0x2983, 0x3183, 0x31C3, 0x31A3, 0x2963, 0x4A23, 0x5264, 0x2962,
  0x3182, 0x6AE4, 0x62A4, 0x39A2, 0x4A23, 0x5243, 0x62A3, 0x4A23, 0x0882, 0x1924, 0x2164, 0x6AA3, 0x6AA3, 0x6AE3, 0x7B24, 0x5A83,
  0x7304, 0x93C5, 0x8B85, 0x5A63, 0x6263, 0x8344, 0xBC66, 0xBC86, 0xBC86, 0xB447, 0x7306, 0x93A6, 0x7328, 0x62E9, 0x83AA, 0xB468,
  0x9C2A, 0x6B4C, 0x83AA, 0xAC28, 0x83CB, 0x9C6C, 0x9C2B, 0xACAC, 0xAC6C, 0x940B, 0x83AB, 0x6B4B, 0x738B, 0x736C, 0x738C, 0x738C,
  0x738C, 0x738B, 0x83CA, 0x9C2A, 0x9C2B, 0x9C09, 0xA44A, 0x73AC, 0x6B6B, 0x7BED, 0x8C4D, 0x944D, 0x942D, 0x738B, 0x632B, 0x6B4B,
  0x6B4B, 0x6B4B, 0x6B2A, 0x630A, 0x6B2A, 0x6B29, 0x6B29, 0x7349, 0x7B6A, 0x83AB, 0x83CA, 0x940A, 0xAC69, 0xB4CD, 0xACEF, 0x9C8E,
  0x944D, 0x8C0D, 0xA46D, 0x9C4D, 0x9C6D, 0xC52D, 0xBCED, 0xBCEE, 0xBD0E, 0xACCE, 0xACAE, 0xACAE, 0xB4EE, 0xB4EE, 0xBD2F, 0x9C4C,
  0x7369, 0x5AC8, 0x52A7, 0x5AA7, 0x5AA7, 0x5AA7, 0x5AA7, 0x5AA8, 0x5AA7, 0x5AA7, 0x5AA7, 0x5AA7, 0x7307, 0x62C7, 0x5A87, 0x6B08,
  0x7B48, 0x6B08, 0x6B08, 0x6B08, 0x6B08, 0x7B48, 0x8368, 0x8368, 0x9BE8, 0x9BE8, 0xAC49, 0xBCAA, 0x8BC9, 0x7349, 0x7B69, 0x8389,
  0x93CA, 0x93EA, 0x8BCA, 0x8BAA, 0x8389, 0x8B89, 0x8BA9, 0xA42B, 0xB4AD, 0xB4AE, 0xB48E, 0xBCCE, 0xB4AD, 0xB46C, 0xBCAC, 0xA42B,
  0xBCAC, 0xC50E, 0xBCCB, 0x7B06, 0x4A04, 0x5A65, 0x6AC4, 0x5A64, 0x41E4, 0x41E4, 0x39E4, 0x39E4, 0x39E4, 0x41E4, 0x2943, 0x2943,
  0x3A05, 0x31C4, 0x31C5, 0x39E6, 0x2143, 0x18E2, 0x31C5, 0x31A4, 0x39C4, 0x4226, 0x4226, 0x4206, 0x39C4, 0x3184, 0x41E5, 0x41E5,
  0x41E5, 0x4A06, 0x5246, 0x5246, 0x7B26, 0x9BA6, 0xB407, 0xBC29, 0xBC29, 0xB409, 0xB409, 0xBC09, 0xC46A, 0xC46A, 0xBC49, 0xC46A,
  0xC48A, 0xC46A, 0xC46A, 0xCC8A, 0x5A45, 0x1124, 0x5B09, 0x8C6D, 0x844D, 0x844D, 0x842C, 0x9C8D, 0x942B, 0x532A, 0x5B4A, 0x5B29,
  0x4AE9, 0x3AA9, 0x3248, 0x2A28, 0x2A28, 0x2A28, 0x2A28, 0x2A08, 0x21E7, 0x21E7, 0x21C7, 0x19A6, 0x1986, 0x1965, 0x1145, 0x1104,
  0x1104, 0x10A3, 0x10A3, 0x10A3, 0x10C3, 0x10A3, 0x18C3, 0x18E4, 0x18E4, 0x18E4, 0x1905, 0x2125, 0x1905, 0x2145, 0x2966, 0x2966,
  0x3963, 0x4183, 0x49A3, 0x5A04, 0x7245, 0x82A6, 0x6204, 0x7A85, 0x9306, 0xA366, 0xB3A7, 0x7AA5, 0x7264, 0x51C4, 0x49C6, 0x5AA9,
  0x2A28, 0x2A28, 0x2A28, 0x2A28, 0x2A28, 0x2208, 0x21E8, 0x21E8, 0x21C7, 0x19A7, 0x21C7, 0x21E7, 0x1986, 0x10E3, 0x1104, 0x1104,
  0x1924, 0x1925, 0x1925, 0x1945, 0x1945, 0x1945, 0x1945, 0x1945, 0x1945, 0x1945, 0x1945, 0x1945, 0x1945, 0x1924, 0x19A6, 0x19A6,
  0x21A7, 0x1966, 0x52C9, 0x9CCE, 0x842C, 0x8C4D, 0xA4CD, 0x41E4, 0x2122, 0x2942, 0x39A3, 0x2943, 0x31A3, 0x31A3, 0x41E4, 0x31A3,
  0x2122, 0x2963, 0x6AE6, 0x2122, 0x2102, 0x2122, 0x2142, 0x2943, 0x39C3, 0x41E3, 0x2943, 0x4204, 0x41C3, 0x2942, 0x4A03, 0x41C3,
  0x5223, 0x5A84, 0x4A24, 0x3163, 0x31A3, 0x2962, 0x6AC4, 0x5264, 0x1904, 0x2187, 0x734A, 0x62A5, 0x6AC3, 0x5A63, 0x5A83, 0x8B85,
  0x8344, 0x7304, 0x8B65, 0x6283, 0x7B04, 0x8324, 0x93A4, 0x9BC5, 0x8325, 0xB426, 0xB446, 0xB446, 0x93A6, 0x8BA8, 0xBC68, 0xA408,
  0x736A, 0xA408, 0x8B89, 0x734A, 0x736B, 0x6B4B, 0x6B4A, 0x736A, 0x7B8B, 0x7B8B, 0x8BCA, 0x738B, 0x7B8B, 0x736B, 0x6B4B, 0x6B6C,
  0x736C, 0x736B, 0x83AA, 0x8BCA, 0x7BAB, 0x83AA, 0x9C09, 0x6B4B, 0x632B, 0x73AC, 0x83EC, 0x83EC, 0x8C2C, 0x83EC, 0x7BCC, 0x83CC,
  0x7BAB, 0x7BAB, 0x83EB, 0x83EB, 0x6B2A, 0x62E9, 0x7B6A, 0x7B6A, 0x83AB, 0x83CB, 0x8BEA, 0x940A, 0x9C29, 0xAC6B, 0xA48D, 0xA46D,
  0x944D, 0x9C6D, 0x9C4D, 0xA46D, 0xA48D, 0xC52D, 0xCD4D, 0xC50C, 0xC52C, 0xDDAD, 0xDDAD, 0xDD8D, 0xDD8D, 0xDDAE, 0xDDCF, 0xE5EE,
  0xAC8A, 0x5AA7, 0x6B07, 0x5AC7, 0x5287, 0x5287, 0x5AA7, 0x5AA8, 0x62E8, 0x62E8, 0x6B28, 0x62C8, 0x62A7, 0x5AA7, 0x62A7, 0x7B48,
  0x62C8, 0x7B48, 0x93C9, 0x8BA9, 0x7B48, 0x7B48, 0x7B28, 0x7B48, 0x8BA8, 0xB469, 0xC4CA, 0xB48A, 0x9C2A, 0x93C9, 0x8389, 0x83A9,
  0x9C0A, 0xB46A, 0x93EA, 0x8BCA, 0xA42A, 0xA42A, 0x9BEA, 0xB46A, 0xCD0B, 0xC4EC, 0xBCAD, 0xC4EE, 0xC4ED, 0xCCEA, 0xC4EB, 0xCD0A,
  0x8347, 0x93C8, 0xA408, 0x93A7, 0x5245, 0x41E5, 0x5A85, 0x4A45, 0x31A4, 0x31C4, 0x31C4, 0x31C4, 0x2983, 0x3163, 0x2943, 0x2983,
  0x2984, 0x2123, 0x2143, 0x3A26, 0x39E5, 0x31A4, 0x39E5, 0x39C4, 0x5AA5, 0x5286, 0x31A5, 0x2963, 0x31A4, 0x39C5, 0x39C5, 0x41C5,
  0x4206, 0x4A25, 0x4A26, 0x5A66, 0x93A7, 0x7B06, 0xB408, 0xBC49, 0xB409, 0xB409, 0xB3E9, 0xABC9, 0xBC4A, 0xC44A, 0xC48A, 0xC46A,
  0xC46A, 0xC48A, 0xC469, 0xCCAA, 0x6266, 0x1145, 0x52E9, 0x8C4D, 0x844D, 0x844C, 0x842D, 0x946D, 0x942B, 0x5B6B, 0x638A, 0x636A,
  0x5B4A, 0x5B2A, 0x52E9, 0x3A68, 0x2A28, 0x2A28, 0x2A28, 0x2A28, 0x2A08, 0x21E7, 0x21C7, 0x19A6, 0x1986, 0x1965, 0x1945, 0x1104,
  0x10E3, 0x10A2, 0x10A3, 0x10A3, 0x10A3, 0x10C3, 0x18E4, 0x18E4, 0x18E4, 0x18E4, 0x1905, 0x2125, 0x2125, 0x2946, 0x2946, 0x3186,
  0x51C4, 0x51E4, 0x6224, 0x6A45, 0x7265, 0x8AE6, 0x9B47, 0x8AC5, 0xA387, 0x9B27, 0x9306, 0x9B26, 0xB3C7, 0xD469, 0x7285, 0x49C5,
  0x2124, 0x10C3, 0x1103, 0x10E3, 0x10E3, 0x10E3, 0x1903, 0x1904, 0x1104, 0x10E3, 0x10C3, 0x10C3, 0x10E3, 0x10E4, 0x1104, 0x1104,
  0x1924, 0x1125, 0x1925, 0x1945, 0x1945, 0x1945, 0x1945, 0x1945, 0x1945, 0x1945, 0x1945, 0x1945, 0x1945, 0x1124, 0x19A6, 0x19A6,
  0x21A7, 0x1986, 0x4AA9, 0x948D, 0x8C6D, 0x842C, 0x9C8D, 0x31A4, 0x1922, 0x2963, 0x1902, 0x39C4, 0x4A04, 0x2143, 0x5A64, 0x31A3,
  0x1902, 0x3183, 0x7306, 0x1902, 0x18E2, 0x7326, 0x4204, 0x1902, 0x4A24, 0x83A6, 0x41E3, 0x39C3, 0x41E3, 0x2942, 0x5A64, 0x62A4,
  0x4224, 0x39E3, 0x39C3, 0x3183, 0x5A63, 0x41E3, 0x39A2, 0x39C4, 0x1925, 0x31E7, 0xA42C, 0x5244, 0x5263, 0x41E3, 0x4A03, 0x5A43,
  0x41E2, 0x6283, 0xB466, 0x8344, 0x5244, 0xA3E5, 0x9BC5, 0x7B04, 0x8345, 0x72C5, 0x7B25, 0xCCE7, 0xBC88, 0xCCE8, 0xAC48, 0x8348,
  0xB468, 0xA428, 0x93C8, 0x8BA9, 0x6B4B, 0x7B8B, 0xAC49, 0xAC49, 0x6B4B, 0x6B4B, 0x6B4B, 0x7B8A, 0x738B, 0x8BCB, 0x8BAA, 0x6B6B,
  0x736C, 0x83AB, 0x736B, 0x6B4B, 0x6B4B, 0x6B4A, 0x83AA, 0x8BCA, 0x736B, 0x7BAB, 0x8C0B, 0x942C, 0x944C, 0x9C8D, 0xA4CE, 0xA4CD,
  0x9C8D, 0xA4AD, 0xA4CD, 0xAD0E, 0x83EC, 0x62E9, 0x93EB, 0x83CB, 0x940B, 0x8BEB, 0x83CA, 0x8BCA, 0x940A, 0x9C2A, 0xB4AB, 0xCD2C,
  0xC52C, 0xD56D, 0xD58C, 0xD56C, 0xD56C, 0xD56C, 0xD56C, 0xD56C, 0xCD4D, 0xD58F, 0xDDD1, 0xDDD2, 0xD56F, 0xDDB0, 0xD58D, 0xE5AD,
  0xCD2B, 0x8388, 0x7327, 0x5AA7, 0x52A7, 0x5AA7, 0x5AA7, 0x6308, 0x7349, 0x7B89, 0x7349, 0x7348, 0x5A87, 0x5287, 0x6AE7, 0x8BA8,
  0x6AE8, 0x7B48, 0x8BA8, 0x93C9, 0x9BE9, 0x8BA8, 0x93C9, 0x8BA8, 0x8388, 0x9BE9, 0xA429, 0xBCAA, 0xB48A, 0xAC6A, 0x9C0A, 0x9C2A,
  0x8389, 0x8389, 0x8369, 0x93C9, 0xB46A, 0xA409, 0xA42A, 0x9BEA, 0x9C0A, 0xAC4A, 0xB48B, 0xB46C, 0xBCAC, 0xBCCA, 0xC4EB, 0xC4EA,
  0x93C7, 0x6285, 0x6AC5, 0x4A45, 0x4205, 0x4A45, 0x4247, 0x3A06, 0x39C4, 0x31C4, 0x31A4, 0x31A4, 0x39E4, 0x31A4, 0x3183, 0x2983,
  0x18E2, 0x2984, 0x31E5, 0x3A05, 0x31C4, 0x39E4, 0x3A05, 0x31A4, 0x39E4, 0x39C4, 0x2963, 0x31A4, 0x39C4, 0x31C4, 0x41C5, 0x41E5,
  0x4A26, 0x4A26, 0x4A06, 0x5A66, 0x8346, 0x39C5, 0x8328, 0xB429, 0xB409, 0xB40A, 0xA3A8, 0x9368, 0xBC4A, 0xBC29, 0xB429, 0xCCAA,
  0xC46A, 0xC46A, 0xCCAA, 0xCC8A, 0x49E5, 0x1945, 0x5B09, 0x8C4D, 0x844C, 0x842C, 0x7C2C, 0xA4CD, 0x7B68, 0x1944, 0x29A5, 0x2164,
  0x2144, 0x2124, 0x2124, 0x1903, 0x1903, 0x1903, 0x18E3, 0x10E3, 0x10E3, 0x10C3, 0x10C3, 0x10C3, 0x10C3, 0x10C2, 0x10A2, 0x10A2,
  0x10A2, 0x10A3, 0x10A3, 0x10A3, 0x10A3, 0x10C3, 0x18C4, 0x18C4, 0x18E4, 0x18E4, 0x2125, 0x1905, 0x2125, 0x2146, 0x2146, 0x41A5,
  0x5A04, 0x6225, 0x6A45, 0x7265, 0x7A85, 0x82C5, 0x8B06, 0x8AC6, 0x82C6, 0xA367, 0x9306, 0x9B26, 0x7285, 0xAB87, 0xDC88, 0xAB87,
  0x2902, 0x0021, 0x0861, 0x0861, 0x0861, 0x0861, 0x1081, 0x1904, 0x19A7, 0x10E3, 0x0840, 0x1082, 0x10E3, 0x1104, 0x1904, 0x1924,
  0x1924, 0x1945, 0x1945, 0x1945, 0x1945, 0x1945, 0x1945, 0x1945, 0x1945, 0x1945, 0x1945, 0x1945, 0x1945, 0x1945, 0x19A7, 0x19A6,
  0x21C7, 0x1986, 0x5AE9, 0x946D, 0x844D, 0x842C, 0x9C6C, 0x62A5, 0x4A24, 0x4A04, 0x2963, 0x2163, 0x2143, 0x2122, 0x2122, 0x1902,
  0x2102, 0x1902, 0x10C2, 0x18E2, 0x2122, 0x5A85, 0x2963, 0x31A3, 0x5AA4, 0x7B66, 0x4A24, 0x2983, 0x3183, 0x3183, 0x4A24, 0x7326,
  0x62E5, 0x5AA4, 0x5243, 0x2143, 0x5A63, 0x5243, 0x39C3, 0x4205, 0x1926, 0x3A28, 0xAC6D, 0x4A24, 0x39C3, 0x41E3, 0x4A03, 0x41E3,
  0x5243, 0x39E3, 0x5243, 0x8385, 0xAC47, 0x9384, 0x8345, 0x72E4, 0xB446, 0xAC26, 0x93A6, 0xBCA7, 0xAC26, 0x93C6, 0xA407, 0xB467,
  0xBCA8, 0x83AA, 0x8BC9, 0x9C09, 0x8BCA, 0xB489, 0xB489, 0x83AB, 0x736B, 0x632B, 0x5AEB, 0x8BC9, 0xAC89, 0x8BEB, 0x736B, 0x83AB,
  0x738B, 0x7B8B, 0x6B6B, 0x632B, 0x634B, 0x6B4B, 0x6B4B, 0x7B8A, 0x734A, 0x632B, 0x6B6B, 0x736B, 0x738B, 0x7BCC, 0x7BCC, 0x7BCC,
  0x73AB, 0x7BAB, 0x7BCB, 0x840C, 0x7BAB, 0x6B29, 0x8BCA, 0x83CB, 0xA42B, 0xBCCB, 0xC4EC, 0xC4EB, 0xC4EC, 0xCD2C, 0xCD2C, 0xD56C,
  0xDD8C, 0xD56C, 0xD56C, 0xCD4C, 0xD56D, 0xD58F, 0xDDB0, 0xDDB1, 0xDDD2, 0xE5F3, 0xD590, 0xD58E, 0xD54C, 0xCD2B, 0xBCAA, 0xB4AA,
  0xBCEA, 0xAC6A, 0x62E7, 0x5287, 0x5AC8, 0x5AC8, 0x7328, 0x940B, 0x8C0A, 0x9C4B, 0x8C0A, 0x83A9, 0x5A87, 0x4A47, 0x7307, 0xA409,
  0x6B28, 0x7328, 0x7328, 0x7328, 0x93C9, 0x9C09, 0x9BE9, 0x8BC9, 0x7328, 0x6B08, 0x6B08, 0x7328, 0x7328, 0x7349, 0x7348, 0x9C09,
  0xA42A, 0x93E9, 0x9C09, 0xA44A, 0xB4AC, 0xB4CB, 0xBCEB, 0xC4EB, 0xC4EB, 0xCD0A, 0xD54B, 0xDDAC, 0xDDAC, 0xE5ED, 0xE5CC, 0xCD0A,
  0x9BE8, 0x6AC5, 0x7B26, 0x6AC5, 0x4205, 0x3A05, 0x4247, 0x4247, 0x3A26, 0x31C4, 0x2123, 0x2984, 0x31C4, 0x2963, 0x2123, 0x2123,
  0x2143, 0x31C4, 0x2983, 0x2143, 0x2984, 0x2963, 0x4225, 0x39E4, 0x2983, 0x3184, 0x2143, 0x2984, 0x2963, 0x3184, 0x41E5, 0x4A06,
  0x4A06, 0x4A26, 0x5246, 0x39A4, 0x39A4, 0x41C4, 0x41A4, 0x6A86, 0xA3C9, 0x9B68, 0x9327, 0xABE9, 0xABE8, 0x8306, 0x8B06, 0x9367,
  0xABE8, 0xB409, 0xABC8, 0x6A65, 0x1903, 0x1965, 0x5B29, 0x8C6D, 0x844D, 0x844C, 0x7C2D, 0xA4CE, 0x7328, 0x0000, 0x0882, 0x0862,
  0x0861, 0x0041, 0x0841, 0x0861, 0x0882, 0x0861, 0x0882, 0x0882, 0x0861, 0x0861, 0x0882, 0x10A2, 0x1082, 0x1082, 0x1082, 0x10A2,
  0x10A2, 0x10A3, 0x10A3, 0x10A3, 0x10C3, 0x10C3, 0x18C4, 0x18E4, 0x18E4, 0x18E4, 0x18E4, 0x1905, 0x2125, 0x1905, 0x2146, 0x49C4,
  0x6A65, 0x6A45, 0x7265, 0x7A85, 0x7A85, 0x7A85, 0x7265, 0x82A6, 0x7285, 0x8AE6, 0x82C5, 0x51C4, 0x7AA5, 0xA346, 0xBBC7, 0xE4C9,
  0xC449, 0x3184, 0x1104, 0x1944, 0x1945, 0x1965, 0x1965, 0x2186, 0x21C7, 0x1986, 0x1924, 0x1945, 0x1945, 0x1904, 0x1904, 0x1924,
  0x1924, 0x1945, 0x1945, 0x1945, 0x1945, 0x1945, 0x1945, 0x1945, 0x1945, 0x1945, 0x1945, 0x1945, 0x1945, 0x1945, 0x19A6, 0x21A6,
  0x21C7, 0x1986, 0x52E9, 0x948D, 0x8C6D, 0x842C, 0x9C8C, 0xE54B, 0xCCC9, 0xD4EA, 0xBC89, 0x41C3, 0x8345, 0xB467, 0x41E4, 0x3163,
  0x72E4, 0x8B85, 0x8B65, 0xAC27, 0x8345, 0x6AC5, 0x5224, 0x4A24, 0x31A3, 0x31A4, 0x31A3, 0x2942, 0x2122, 0x3183, 0x41E4, 0x3183,
  0x4203, 0x6B05, 0x3183, 0x2962, 0x2942, 0x3182, 0x4203, 0x39E4, 0x08E5, 0x31E7, 0xAC4D, 0x5244, 0x4A03, 0x4A03, 0x5223, 0x41E2,
  0x62A3, 0x7B45, 0x5A64, 0x62C4, 0x6AE4, 0x6AC4, 0x7304, 0x7304, 0x6283, 0x62A4, 0xBCA6, 0x7B24, 0x9BE5, 0xAC26, 0x9385, 0x93A5,
  0x9385, 0x93A6, 0xB466, 0xBCA7, 0xC4A8, 0x7B49, 0x736B, 0x93EA, 0x83AA, 0x940A, 0xAC49, 0xB468, 0x6B49, 0x5B0B, 0x736B, 0x7B8A,
  0x7B6A, 0x6B2A, 0x632B, 0x6B4B, 0x632B, 0x632B, 0x7BAB, 0x736A, 0x52EA, 0x632A, 0x632A, 0x632A, 0x630A, 0x632A, 0x632A, 0x632A,
  0x7B8A, 0x8BA9, 0x9C29, 0xB48A, 0xB4AA, 0xB4AA, 0xC4EB, 0xBCCB, 0xAC4A, 0xAC6A, 0xCD0C, 0xD54C, 0xD56C, 0xD54B, 0xCD2B, 0xCD2B,
  0xCD0C, 0xCD4E, 0xD590, 0xDDB1, 0xDDD2, 0xE5F3, 0xE613, 0xE613, 0xE5F2, 0xAC8D, 0x9C09, 0xA469, 0xB4CA, 0x9409, 0x7369, 0x6B29,
  0x62E8, 0x62C8, 0x5AA8, 0x5AA8, 0x5AC8, 0x7349, 0x8BCA, 0x8BCA, 0x8389, 0x7B89, 0x7349, 0x7328, 0x5A87, 0x4A46, 0x6AC7, 0x9BE9,
  0x9BC9, 0x93E8, 0x83A8, 0x8BA8, 0x8BA8, 0x93E8, 0x93C8, 0x8BA8, 0x93E9, 0x9C29, 0xA449, 0xAC6A, 0xBCCA, 0xC50B, 0xCD2B, 0xD56B,
  0xDD8B, 0xDD6A, 0xDDAC, 0xE5AC, 0xE5CC, 0xE5CC, 0xE5AB, 0xE5AC, 0xE5AC, 0xE5AC, 0xE5AC, 0xDDAC, 0xD54B, 0xD56B, 0xDD6B, 0xC4C9,
  0x5A44, 0x41E3, 0x39E4, 0x4A24, 0x4226, 0x4226, 0x3A05, 0x39E5, 0x39E5, 0x2984, 0x2143, 0x3184, 0x2943, 0x2123, 0x2103, 0x2103,
  0x2963, 0x29A4, 0x2123, 0x1903, 0x2163, 0x2123, 0x5244, 0x4A04, 0x1902, 0x18E2, 0x1903, 0x2103, 0x2943, 0x39A4, 0x39A5, 0x4A06,
  0x41C5, 0x39C4, 0x4A04, 0x3163, 0x3164, 0x3163, 0x2923, 0x3983, 0x5A25, 0x7AC6, 0x8B27, 0x9347, 0x72A5, 0x5A24, 0x6265, 0x6245,
  0x8306, 0x82E6, 0x82E6, 0x2902, 0x10E3, 0x21A6, 0x5B09, 0x946D, 0x844D, 0x844D, 0x7C0C, 0x9CAE, 0x7B28, 0x1082, 0x2103, 0x2103,
  0x2103, 0x1903, 0x1903, 0x1903, 0x1904, 0x1904, 0x1924, 0x1924, 0x1904, 0x1904, 0x1924, 0x1924, 0x1104, 0x1104, 0x1104, 0x1104,
  0x10E3, 0x10A3, 0x10C3, 0x10A3, 0x10A3, 0x10C3, 0x18C4, 0x18C4, 0x18C4, 0x18C4, 0x18E4, 0x1905, 0x1905, 0x1905, 0x2965, 0x51E4,
  0x5A04, 0x6A45, 0x8AE6, 0x9306, 0x92E6, 0x82A5, 0x59E4, 0x6204, 0x6A45, 0x59E4, 0x49A3, 0x5A04, 0x92E6, 0x82A5, 0x8AE5, 0x9B46,
  0xD489, 0xD4AA, 0x3A47, 0x19E8, 0x2A28, 0x2A29, 0x2A49, 0x2208, 0x21E7, 0x21E8, 0x21E8, 0x19A6, 0x19A6, 0x1945, 0x1104, 0x1924,
  0x1924, 0x1945, 0x1945, 0x1945, 0x1945, 0x1945, 0x1945, 0x1945, 0x1945, 0x1945, 0x1945, 0x1945, 0x1945, 0x1945, 0x19A6, 0x21A6,
  0x21C7, 0x1986, 0x42A9, 0x8C6D, 0x8C4D, 0x842D, 0x9C8D, 0xB44A, 0xD4EB, 0xCCCA, 0xDD2B, 0xD4E9, 0x9386, 0xA3E6, 0xE58A, 0xA3E9,
  0x2923, 0x5A64, 0xCCE8, 0xD529, 0xC4C8, 0xBC88, 0xB448, 0xAC27, 0x5A65, 0x2963, 0x72C8, 0xA3CB, 0x7B08, 0x41E5, 0x4205, 0x5266,
  0x5286, 0x5AA7, 0x62E9, 0x4205, 0x39C4, 0x6AE5, 0x5A64, 0x39E5, 0x31E8, 0x5289, 0xBCCE, 0x31A3, 0x2141, 0x2962, 0x4A03, 0x4A23,
  0x4203, 0x4A23, 0x39C3, 0x3182, 0x2122, 0x7B45, 0x7304, 0x18E1, 0x5243, 0x8345, 0x6AA4, 0x4A03, 0x93C6, 0xB486, 0x7B05, 0x6284,
  0xAC25, 0xBC86, 0xAC25, 0xAC26, 0x9BE6, 0x93C8, 0xA408, 0xAC27, 0xB467, 0xCCE7, 0xAC48, 0x83AA, 0x7B8A, 0x9C09, 0xA409, 0x8368,
  0x5ACA, 0x736A, 0x8369, 0x632B, 0x736B, 0x736B, 0x6B2A, 0x6B09, 0x7B49, 0x630A, 0x630A, 0x630A, 0x630A, 0x630A, 0x5B0A, 0x6B29,
  0x8BA9, 0x9BE9, 0xAC2A, 0xD50C, 0xDD4D, 0xCD2D, 0xC4EB, 0xCCEB, 0xD52C, 0xC50C, 0xCD2C, 0xD56C, 0xC50A, 0xC4EB, 0xCD0D, 0xD56F,
  0xD591, 0xDD91, 0xDDD2, 0xE5F3, 0xDDD2, 0xDDD2, 0xDDB1, 0xDDB1, 0xACAD, 0x6308, 0x6B29, 0x6B49, 0x7369, 0x6B49, 0x6B49, 0x6B29,
  0x5AC8, 0x62C8, 0x6B09, 0x6B09, 0x6B09, 0x6B29, 0x6B08, 0x62C8, 0x62E8, 0x62E8, 0x62E8, 0x62C7, 0x7307, 0x7B27, 0x7308, 0x8388,
  0x9C09, 0xB489, 0xBCEA, 0xC50A, 0xCD2A, 0xD54A, 0xD56B, 0xDD6B, 0xDD8B, 0xDD8B, 0xDD8B, 0xDD8B, 0xDD8B, 0xDDAC, 0xDDAC, 0xDDAC,
  0xD54A, 0xD509, 0xDD6B, 0xCCE8, 0xD52A, 0xDD6B, 0xD54A, 0xD54A, 0xDD8B, 0xDD8B, 0xDD49, 0xE5AB, 0xDD6A, 0x9BC6, 0x9BC6, 0xBCA8,
  0x7305, 0x6AA4, 0x4225, 0x4225, 0x31A4, 0x3A05, 0x39E5, 0x39E5, 0x2963, 0x2963, 0x2963, 0x2123, 0x2964, 0x2963, 0x2123, 0x2943,
  0x2143, 0x2963, 0x2963, 0x2963, 0x2963, 0x5264, 0x8BA6, 0x7325, 0x6284, 0x7B26, 0x62A5, 0x8366, 0x39A4, 0x3184, 0x39A4, 0x39A4,
  0x39A4, 0x41E4, 0x39A4, 0x41E5, 0x39C5, 0x4A05, 0x7AE6, 0x9367, 0xABE9, 0xD4EB, 0xDD2D, 0x9368, 0x6265, 0x8B47, 0xB409, 0xBC29,
  0xC46A, 0xCC8A, 0xD4CB, 0xA3E9, 0x2964, 0x21A6, 0x5AE9, 0x8C6C, 0x844D, 0x844D, 0x73EC, 0x8C4C, 0x9C4B, 0x73AA, 0x7BAA, 0x6B4A,
  0x6329, 0x5B2A, 0x42C9, 0x3269, 0x3249, 0x3249, 0x3249, 0x3248, 0x2A28, 0x2208, 0x21E7, 0x21C7, 0x19A7, 0x19A6, 0x1986, 0x1985,
  0x1104, 0x10A3, 0x10C3, 0x10A3, 0x10A3, 0x10C3, 0x10C3, 0x10C3, 0x10C3, 0x18E4, 0x18E4, 0x18E4, 0x18E4, 0x1905, 0x2944, 0x51C4,
  0x6225, 0x6A65, 0x7266, 0x7AA6, 0x82C6, 0x9306, 0x9326, 0x6A24, 0x3943, 0x3943, 0x3963, 0x6A45, 0x5A04, 0x7285, 0x9306, 0xAB67,
  0xB3A7, 0xD489, 0xD469, 0x3A27, 0x19E8, 0x2A08, 0x21E7, 0x21C7, 0x21C7, 0x21C7, 0x19A6, 0x1986, 0x1986, 0x1965, 0x1904, 0x1924,
  0x1924, 0x1945, 0x1945, 0x1945, 0x1945, 0x1945, 0x1945, 0x1945, 0x1945, 0x1945, 0x1945, 0x1945, 0x1145, 0x1945, 0x19A7, 0x21A6,
  0x21C7, 0x1986, 0x4AC9, 0x8C6D, 0x8C4D, 0x844D, 0xA4CD, 0x6AA7, 0x9BA8, 0xBC69, 0xA3E8, 0x8B47, 0xAC08, 0xBC88, 0xA3E6, 0x9BC8,
  0xB48A, 0x39A4, 0x5A24, 0x93A6, 0xC4E9, 0xC4C9, 0x9387, 0x5204, 0xAC27, 0x6AA5, 0x2944, 0x7B07, 0xC48B, 0x7B08, 0x41E6, 0x5267,
  0x6B08, 0x39C4, 0x4A26, 0x734A, 0x5AA7, 0x4A45, 0x5AA5, 0x62C8, 0x738E, 0x9C4E, 0xE652, 0x5268, 0x5A88, 0x5267, 0x39E4, 0x5AC6,
  0x6B4A, 0x5287, 0x39A4, 0x31A4, 0x39C4, 0x5266, 0x5246, 0x2963, 0x4A24, 0x41E5, 0x62A5, 0x6AA4, 0x4A03, 0x2122, 0x9BE7, 0xB467,
  0x6AC5, 0x5244, 0xA427, 0x9BE6, 0xB467, 0x9BE6, 0x9386, 0xAC26, 0xBC87, 0xBCA7, 0xB488, 0xBC88, 0xCCE7, 0xBC87, 0x8388, 0x83A8,
  0xAC68, 0x93C8, 0x6B4A, 0x83CA, 0xA429, 0x8BA9, 0x7B6A, 0x93EA, 0x838A, 0x6B4A, 0x6B2A, 0x62EA, 0x6B2A, 0x736A, 0x7B8A, 0x8BA9,
  0xA429, 0xBCAB, 0xD50D, 0xCCCB, 0xD4EC, 0xE56E, 0xCD0C, 0xC4EB, 0xD54C, 0xCD4B, 0xCD4B, 0xC50B, 0xC52E, 0xD570, 0xDDB2, 0xDD91,
  0xDD91, 0xDDD2, 0xDDD2, 0xDDB1, 0xDDB1, 0xDDD1, 0xC550, 0x942B, 0x6B49, 0x6309, 0xA429, 0xBCA9, 0xB48A, 0x7B89, 0x62E8, 0x6308,
  0x6309, 0x6329, 0x6B49, 0x6B49, 0x6B49, 0x6B49, 0x6B49, 0x7369, 0x7389, 0x7BA9, 0x8BE9, 0xA469, 0xB4CA, 0xBD0B, 0xCD2B, 0xCD4B,
  0xD56B, 0xD56B, 0xDD8B, 0xDD8B, 0xDD6B, 0xD56B, 0xD56B, 0xD56B, 0xD56B, 0xD56B, 0xD56C, 0xD58C, 0xD56B, 0xD54B, 0xCD4B, 0xDDCC,
  0xB488, 0xBC87, 0xCCE8, 0xC4C7, 0xC4C8, 0xCD09, 0xD529, 0xCCE8, 0xD529, 0xD529, 0xD529, 0xC4C8, 0xBC88, 0xAC27, 0x9BE7, 0x72E5,
  0x3A05, 0x4A46, 0x4267, 0x4A88, 0x31C4, 0x31A4, 0x3A26, 0x39E6, 0x2143, 0x2963, 0x31A4, 0x2943, 0x31A4, 0x2983, 0x2943, 0x3163,
  0x2163, 0x2963, 0x2963, 0x2983, 0x2983, 0x4A44, 0x6AE5, 0x62C5, 0xB467, 0xC4C7, 0x93C6, 0x7B46, 0x39C4, 0x3184, 0x39C5, 0x39A5,
  0x41C5, 0x4A06, 0x4A27, 0x5267, 0x5A87, 0x93A8, 0xE54C, 0xCCAA, 0xC46A, 0xC449, 0xCCAB, 0xD4EC, 0x8306, 0xB409, 0xC46A, 0xBC49,
  0xBC49, 0xC46A, 0xC46A, 0xD4EB, 0x5A66, 0x1966, 0x632A, 0x8C4C, 0x842C, 0x842C, 0x73CC, 0x944C, 0x8BEA, 0x532A, 0x5B4A, 0x532A,
  0x530A, 0x3AA9, 0x2A28, 0x2A28, 0x2A28, 0x2A28, 0x2A08, 0x21E7, 0x21C7, 0x21E7, 0x21C7, 0x1986, 0x1986, 0x1986, 0x1965, 0x1945,
  0x1104, 0x10A3, 0x10C3, 0x10C3, 0x10C3, 0x10A3, 0x10A3, 0x10C3, 0x18C3, 0x18E4, 0x18E4, 0x18E4, 0x18E4, 0x1905, 0x3143, 0x5A04,
  0x6245, 0x6A45, 0x7A86, 0x82A6, 0x8AC6, 0x8AC6, 0x9B46, 0x9306, 0x51C3, 0x2902, 0x49A3, 0x49C4, 0x6224, 0x7A85, 0x7A85, 0x9306,
  0xAB67, 0xB3C7, 0xDC89, 0xD4AA, 0x3A47, 0x19C7, 0x21E7, 0x21E7, 0x21C7, 0x21C7, 0x21A6, 0x1986, 0x1965, 0x1965, 0x1904, 0x1924,
  0x1924, 0x1945, 0x1945, 0x1925, 0x1945, 0x1945, 0x1945, 0x1945, 0x1945, 0x1945, 0x1945, 0x1945, 0x1945, 0x1945, 0x19A7, 0x19A7,
  0x21C7, 0x1986, 0x4AA8, 0x8C4D, 0x844D, 0x844D, 0xA4CD, 0x72C6, 0x6A85, 0x7AE6, 0x6265, 0x6A85, 0x8B66, 0xA406, 0x93A6, 0x6A84,
  0xAC08, 0x8326, 0x3143, 0x6264, 0xAC46, 0x9BE6, 0x93A7, 0x2923, 0x6AC5, 0xA3C7, 0x3164, 0x39A4, 0x8B66, 0x6286, 0x5A47, 0x39A5,
  0x4A05, 0x4225, 0x31A4, 0x5A87, 0x62C7, 0x39E3, 0x4204, 0x5AC9, 0x8C0F, 0xBD10, 0xE633, 0x5267, 0x6288, 0x6AEA, 0x62C9, 0x4A24,
  0x5A87, 0x62EA, 0x5AC9, 0x3A05, 0x4A67, 0x4A67, 0x4A26, 0x5288, 0x4A47, 0x3A06, 0x6B07, 0x8388, 0x8BC7, 0x93E6, 0x8B66, 0x6AC5,
  0xAC48, 0x8366, 0x93C7, 0x62A5, 0x6AC4, 0xBCA8, 0xC4C8, 0x9BE7, 0x8B66, 0xCCE9, 0xC4C8, 0xBCA7, 0xB466, 0xBC67, 0xC4A8, 0xC4A7,
  0xCCC7, 0xD52B, 0xC4EB, 0xBC87, 0xB467, 0xAC69, 0xBCA9, 0x9409, 0x8BC9, 0x9408, 0x83A8, 0x8389, 0xB489, 0xAC69, 0x93E8, 0x9BE8,
  0xB449, 0xC48A, 0xCCEC, 0xC48B, 0xCCCB, 0xD52C, 0xCD0B, 0xCD2B, 0xC52A, 0xBCEA, 0xC4ED, 0xCD50, 0xD592, 0xD571, 0xCD50, 0xC530,
  0xBCEF, 0xBCCF, 0xB4AF, 0xA44F, 0x9C4F, 0xA470, 0x940D, 0x7BCA, 0x6329, 0x6309, 0x93A9, 0xA409, 0xC4CA, 0xCD0A, 0xBCCA, 0x9C09,
  0x7B68, 0x7368, 0x7389, 0x83C9, 0x8BE9, 0x8C09, 0x9C4A, 0xACAA, 0xB4CA, 0xC50A, 0xCD2A, 0xD56B, 0xD56B, 0xD56B, 0xD56B, 0xD56B,
  0xCD4B, 0xCD4A, 0xCD4B, 0xCD4A, 0xD54B, 0xD56B, 0xDD8B, 0xDDAC, 0xDDAC, 0xDDAC, 0xD56B, 0xD58B, 0xDDCD, 0xD56B, 0xA427, 0xA427,
  0xB467, 0xAC47, 0xC4A7, 0xB487, 0xBC87, 0xB447, 0xB467, 0xCCE8, 0xCCE8, 0xB467, 0x7B46, 0x7305, 0x6285, 0x5A86, 0x6285, 0x62C6,
  0x4246, 0x4247, 0x4227, 0x3A26, 0x31A4, 0x39E5, 0x31A4, 0x2123, 0x2943, 0x3183, 0x31C4, 0x3184, 0x3184, 0x2963, 0x2963, 0x2943,
  0x2983, 0x29A4, 0x29A4, 0x29A4, 0x2963, 0x18E2, 0x2943, 0x2943, 0x5A44, 0x6AC4, 0x6283, 0x2124, 0x2944, 0x39A4, 0x41C5, 0x41E6,
  0x41C6, 0x41E6, 0x4A06, 0x62A6, 0x7305, 0x72E7, 0xCCCA, 0xC469, 0xBC29, 0xC469, 0xC449, 0xC469, 0x82E6, 0xA3A8, 0xC449, 0xBC29,
  0xBC49, 0xC46A, 0xC449, 0xCC8A, 0x5A65, 0x1145, 0x5B29, 0x8C4D, 0x842C, 0x842C, 0x73CC, 0x946C, 0x93EA, 0x532A, 0x636A, 0x5B4A,
  0x530A, 0x4AA9, 0x3248, 0x2A28, 0x2A28, 0x2A08, 0x2A08, 0x2208, 0x21E7, 0x21E7, 0x21C7, 0x19A7, 0x19A7, 0x19A6, 0x1985, 0x1945,
  0x1124, 0x10E3, 0x10A2, 0x10A3, 0x10A3, 0x10A3, 0x10C3, 0x10C4, 0x10C3, 0x18E4, 0x18E4, 0x18E4, 0x18E4, 0x20E3, 0x49A4, 0x5A04,
  0x5A05, 0x6225, 0x7265, 0x7A85, 0x7A86, 0x8AE6, 0xA367, 0xAB87, 0x9306, 0x3943, 0x4983, 0x59E4, 0x59E4, 0x6204, 0x7A85, 0x8AE5,
  0x9306, 0x9B26, 0xB3C7, 0xDCA9, 0xD48A, 0x31E6, 0x19A7, 0x21E7, 0x21C7, 0x21C7, 0x21C7, 0x19A7, 0x19A6, 0x1986, 0x1104, 0x1104,
  0x1124, 0x1925, 0x1925, 0x1924, 0x1945, 0x1945, 0x1945, 0x1945, 0x1945, 0x1945, 0x1945, 0x1945, 0x1945, 0x1925, 0x19A7, 0x19A7,
  0x21C7, 0x1186, 0x5AE9, 0x8C4C, 0x842C, 0x7C2C, 0xA48C, 0x72C6, 0x5A45, 0x72C6, 0x7AE6, 0x8306, 0x7B05, 0x8B44, 0x8B65, 0x6285,
  0x8325, 0x6AA5, 0x3163, 0x49E4, 0x7B04, 0x8324, 0x6264, 0x49E5, 0x5225, 0x6A86, 0x41C5, 0x3184, 0x7B26, 0x6AC6, 0x4A06, 0x41A4,
  0x41C5, 0x4A46, 0x39A4, 0x4A05, 0x4A05, 0x39C3, 0x39C3, 0x5AA8, 0x8C0F, 0xBD31, 0xE675, 0x4204, 0x41E4, 0x49E5, 0x6AC9, 0x4A46,
  0x3163, 0x41E5, 0x4A06, 0x2943, 0x39E5, 0x4A66, 0x4204, 0x4206, 0x4226, 0x39E5, 0x3A06, 0x39E6, 0x41E5, 0x7B25, 0x5264, 0x5A85,
  0x8B66, 0x5A44, 0x72E5, 0x8B66, 0x39A3, 0x6284, 0xAC06, 0xC4C8, 0xD56B, 0xC4A9, 0xB468, 0xCCC9, 0xC4A8, 0xBC48, 0xDD4B, 0xD50B,
  0xC4CA, 0xBC8A, 0xDD2C, 0xCCEA, 0xD52B, 0xBC88, 0xD50A, 0xD50A, 0xD4EA, 0xBCAA, 0xC4EA, 0xD54A, 0xC4E8, 0xAC49, 0x9C09, 0x8BA7,
  0x8B66, 0x8325, 0x8B46, 0xC48A, 0xD4EC, 0xD52C, 0xBCC9, 0xC509, 0xBCCA, 0xC4EE, 0xCD10, 0xCD50, 0xCD50, 0xBD10, 0xBD10, 0xC551,
  0xBCF0, 0xB4AF, 0xAC8F, 0xA46F, 0x8BEE, 0x7BAE, 0x6B4A, 0x6B8A, 0x6B6A, 0x6B08, 0x6B08, 0x7B48, 0xB469, 0xC4AA, 0xDD6B, 0xDD6A,
  0xD50A, 0xCD0A, 0xB4AA, 0xD54B, 0xCD4B, 0xC52A, 0xC4E9, 0xCD09, 0xCD2A, 0xCD2A, 0xC52B, 0xCD2B, 0xC52B, 0xC52B, 0xCD4B, 0xCD4B,
  0xCD4B, 0xCD2A, 0xCD2A, 0xCD4A, 0xCD4B, 0xD56B, 0xD56B, 0xD56B, 0xD58B, 0xDDAC, 0xD56A, 0xC4C7, 0xB488, 0xA427, 0x93C6, 0x6AC4,
  0x8366, 0x9BE6, 0x9BE6, 0x8345, 0x93A6, 0xAC27, 0xB447, 0x93A6, 0x9BE6, 0x93A6, 0x6AC6, 0x8366, 0x5A86, 0x5246, 0x4A26, 0x4226,
  0x3A26, 0x4247, 0x39E5, 0x3183, 0x2963, 0x31C4, 0x2123, 0x2123, 0x31A4, 0x2984, 0x3184, 0x2984, 0x2123, 0x2963, 0x2943, 0x2923,
  0x2123, 0x2143, 0x2963, 0x31A4, 0x2123, 0x18E2, 0x18E2, 0x18E2, 0x10C2, 0x18C2, 0x5A84, 0x5264, 0x2124, 0x2964, 0x3164, 0x41E6,
  0x41E6, 0x41E6, 0x4A05, 0x5225, 0x5226, 0x5246, 0xB429, 0xC48A, 0xBC49, 0xBC49, 0xABE8, 0xC449, 0x9347, 0x9B67, 0xCC8A, 0xBC29,
  0xC46A, 0xC46A, 0xCC8A, 0xB408, 0x39A4, 0x1965, 0x5B09, 0x8C6D, 0x842C, 0x7C0C, 0x7BCC, 0x944C, 0x8BEA, 0x5329, 0x5B29, 0x5B29,
  0x5B29, 0x4AE9, 0x3A68, 0x2A08, 0x2A08, 0x2A08, 0x2A08, 0x2A08, 0x21E7, 0x21E7, 0x21C7, 0x19A7, 0x19A7, 0x19A6, 0x1986, 0x1945,
  0x1925, 0x1904, 0x10C3, 0x10A2, 0x10A2, 0x10A2, 0x10A2, 0x18C2, 0x18C2, 0x18C2, 0x18E3, 0x20E3, 0x28E2, 0x3143, 0x49A4, 0x51E4,
  0x59E4, 0x5A05, 0x6225, 0x6A65, 0x7285, 0x7AA6, 0x8AE7, 0x8B07, 0xB3A8, 0x9327, 0x3122, 0x3943, 0x4183, 0x51E4, 0x5A05, 0x6A25,
  0x7285, 0x82C6, 0x9B26, 0xB3C7, 0xD468, 0xCC49, 0x29E7, 0x19C7, 0x21E7, 0x21C7, 0x21C7, 0x19A6, 0x19A6, 0x19A6, 0x1904, 0x1104,
  0x1104, 0x1124, 0x1925, 0x1924, 0x1945, 0x1945, 0x1945, 0x1945, 0x1945, 0x1945, 0x1945, 0x1945, 0x1945, 0x1925, 0x19C7, 0x21A7,
  0x21C7, 0x1986, 0x4AA8, 0x8C4C, 0x7C0C, 0x7C0C, 0x9C8C, 0x72A6, 0x5A45, 0x6A86, 0x72A6, 0x6A86, 0x6AA5, 0x9386, 0x6265, 0x5A45,
  0x8346, 0x6285, 0x3163, 0x3983, 0x5A44, 0x7B04, 0x5A25, 0x4A05, 0x5225, 0x6266, 0x5205, 0x3163, 0x6AA5, 0x5A66, 0x41C5, 0x41A5,
  0x41E5, 0x4A45, 0x3163, 0x39A4, 0x4A06, 0x41E5, 0x39A3, 0x62C9, 0x8C0F, 0xBD52, 0xE675, 0x41E4, 0x39C3, 0x41C4, 0x4A05, 0x39A4,
  0x3183, 0x41E5, 0x4A05, 0x3164, 0x3184, 0x4A66, 0x39E4, 0x39C4, 0x41E5, 0x41E5, 0x2963, 0x2943, 0x3184, 0x3183, 0x39C4, 0x5AA5,
  0x6AC5, 0x41E4, 0x3183, 0x5A44, 0xBCA8, 0x5224, 0x9386, 0x8325, 0xB427, 0xB428, 0x9368, 0x7AC5, 0xB447, 0x9B86, 0xAC28, 0xAC28,
  0xD52B, 0xB449, 0xC4AB, 0xC4AB, 0xE58E, 0xBC89, 0xC4CB, 0xDD4C, 0xDD2C, 0xEDCF, 0xDD4C, 0xDD4D, 0xE58E, 0xCCCB, 0xD50C, 0xD50C,
  0xCCCA, 0xB429, 0xBC69, 0xD4EB, 0xDD6D, 0xDD4C, 0xBCC9, 0xAC89, 0xC4EE, 0xCD30, 0xCD30, 0xCD30, 0xCD50, 0xCD51, 0xCD51, 0xCD91,
  0xBCF0, 0xB4B0, 0xAC6F, 0xA46E, 0x8BEE, 0x7B8E, 0x6B4A, 0x6B6A, 0x738A, 0x6B49, 0x62E8, 0x7308, 0x8368, 0x93A9, 0xAC29, 0x9C09,
  0xB46A, 0xD52A, 0xDD4A, 0xCCEA, 0xCD2A, 0xDD6A, 0xDD8B, 0xDD6A, 0xCD0A, 0xD54A, 0xCD4A, 0xD54B, 0xDD8C, 0xD56C, 0xD54B, 0xDD6B,
  0xD56B, 0xDD8C, 0xDD8C, 0xDDAC, 0xDDAC, 0xDD6B, 0xDD6B, 0xDD8B, 0xDD8B, 0xCD29, 0xA427, 0x9BE6, 0x8345, 0x5AA5, 0x6AC5, 0x5245,
  0x62C5, 0x8366, 0x5265, 0x7305, 0xBCC8, 0x8366, 0x7AE5, 0x6AC5, 0x6AE6, 0x5246, 0x5266, 0x5AA6, 0x4A26, 0x4A46, 0x4A67, 0x4247,
  0x3A05, 0x3A05, 0x31A4, 0x2983, 0x3184, 0x2983, 0x2963, 0x2963, 0x31A4, 0x2963, 0x2963, 0x2943, 0x2963, 0x2963, 0x2123, 0x2923,
  0x1903, 0x2123, 0x2143, 0x29A4, 0x2143, 0x2143, 0x2123, 0x18E2, 0x18E2, 0x18E2, 0x2103, 0x39C4, 0x31A4, 0x39C4, 0x41E4, 0x39C5,
  0x4206, 0x41E5, 0x41E5, 0x41E5, 0x4A06, 0x41E5, 0x6266, 0x9367, 0x8B27, 0x8B27, 0x8B06, 0x9B87, 0x7AC6, 0x5204, 0x7AE6, 0x9B87,
  0x9BA8, 0xA3A8, 0x9367, 0x49E4, 0x2143, 0x2185, 0x5B09, 0x8C6D, 0x7C2C, 0x7BEC, 0x73CC, 0x8C2C, 0x83CA, 0x5B4A, 0x636A, 0x5B4A,
  0x5B4A, 0x4AC9, 0x3248, 0x2A28, 0x2A08, 0x2A28, 0x2A28, 0x2A08, 0x21E8, 0x21E8, 0x21E8, 0x21C7, 0x19A7, 0x19A7, 0x1986, 0x1945,
  0x1945, 0x1104, 0x10E3, 0x10E3, 0x10E3, 0x10E3, 0x10A2, 0x20C2, 0x2902, 0x2902, 0x2902, 0x3123, 0x3943, 0x4183, 0x49C4, 0x51E4,
  0x51E4, 0x59E4, 0x5A05, 0x6225, 0x7265, 0x7AA6, 0x8AE6, 0x9B47, 0x9B47, 0xBC08, 0x6A65, 0x3122, 0x51C4, 0x5A04, 0x6225, 0x6225,
  0x6A45, 0x7AA5, 0x8AE6, 0xA366, 0xB3C7, 0xDC89, 0xBC29, 0x21A6, 0x21E8, 0x2208, 0x21E7, 0x21A6, 0x1986, 0x19A6, 0x1925, 0x10E4,
  0x1104, 0x1924, 0x1924, 0x1924, 0x1945, 0x1945, 0x1945, 0x1945, 0x1945, 0x1945, 0x1945, 0x1945, 0x1945, 0x1945, 0x19A7, 0x21A7,
  0x21C7, 0x1986, 0x4288, 0x946C, 0x842C, 0x7C2C, 0x9C8D, 0x72C6, 0x6265, 0x6266, 0x6266, 0x6245, 0x72A6, 0x8306, 0x5205, 0x5A45,
  0x6A86, 0x6AA6, 0x3984, 0x2943, 0x5A44, 0x5A44, 0x4A05, 0x5205, 0x5225, 0x5A66, 0x4A05, 0x3984, 0x4A05, 0x5226, 0x49E5, 0x41E5,
  0x4205, 0x4204, 0x3163, 0x2943, 0x41E5, 0x4A05, 0x3183, 0x5AA8, 0x942E, 0xBD52, 0xDE34, 0x39C4, 0x39A3, 0x39C4, 0x41A4, 0x3984,
  0x3163, 0x49E4, 0x4A25, 0x4A25, 0x4205, 0x39C4, 0x3184, 0x31C4, 0x39E5, 0x5265, 0x41C4, 0x39A4, 0x39C5, 0x3184, 0x39A3, 0x41E4,
  0x5224, 0x93C6, 0x8B65, 0x5224, 0xAC48, 0x5A84, 0x5244, 0x4A04, 0x8B66, 0xBC47, 0x8B06, 0x9386, 0x8B66, 0xB407, 0xCCC9, 0x9BC5,
  0xA407, 0xE56A, 0xC488, 0xB408, 0xB44A, 0xD50C, 0x8326, 0xC4EB, 0xCCCA, 0xDD2C, 0xDD4D, 0xBC49, 0xCCAB, 0xDD6E, 0xB469, 0xDD2B,
  0xD4EB, 0xDD0B, 0xD4EB, 0xDD6D, 0xD52C, 0xE56D, 0xC4EA, 0xBCED, 0xCD51, 0xC510, 0xC510, 0xB4AF, 0xAC8F, 0xA46F, 0xA46F, 0x9C4F,
  0x944F, 0x8C2F, 0x83EF, 0x7BAE, 0x738E, 0x736E, 0x734C, 0x6329, 0x6B8A, 0x6B4A, 0x6329, 0x62E8, 0x7308, 0x7308, 0x6AE8, 0x6B08,
  0x93CA, 0x9BE9, 0x8368, 0x8368, 0xB448, 0xC4C8, 0xB469, 0x9BE9, 0xBC89, 0xD54A, 0xCD2A, 0xCCE9, 0xD509, 0xCD0A, 0xD509, 0xD52A,
  0xDD4A, 0xCD2A, 0xDDAC, 0xDDCD, 0xD54A, 0xD52A, 0xD52A, 0xBCC9, 0x9C08, 0x8BA7, 0x62A6, 0x5286, 0x7306, 0x6AE6, 0x4205, 0x5245,
  0x6B06, 0x62C6, 0x5A65, 0x8346, 0x6AC6, 0x5225, 0x6286, 0x7305, 0x6AA5, 0x4A47, 0x4A26, 0x4A46, 0x4A46, 0x4A67, 0x4A46, 0x4A67,
  0x4246, 0x31C4, 0x31A4, 0x2983, 0x2983, 0x2963, 0x31A4, 0x31A4, 0x3184, 0x2943, 0x3184, 0x2964, 0x3164, 0x2943, 0x2123, 0x3164,
  0x2163, 0x2983, 0x2963, 0x31A4, 0x2963, 0x2123, 0x2123, 0x18E2, 0x18E2, 0x1902, 0x2963, 0x39E4, 0x5244, 0x5A85, 0x62A4, 0x41E4,
  0x4A05, 0x41C5, 0x49E5, 0x41E5, 0x41E5, 0x41C5, 0x3163, 0x5A05, 0x8B27, 0x9367, 0xA3A8, 0xA387, 0x6A85, 0x7AC6, 0x9B67, 0x9B88,
  0x9B88, 0xA3A8, 0x9B87, 0x7AE6, 0x2964, 0x1945, 0x6309, 0x842C, 0x7BEC, 0x73CB, 0x6BAB, 0x842C, 0x7BAA, 0x52E9, 0x5309, 0x52E9,
  0x4AC9, 0x4AA8, 0x3A48, 0x2A28, 0x2A08, 0x2A08, 0x2A08, 0x2A08, 0x21E8, 0x2208, 0x2208, 0x21C7, 0x19A7, 0x19A7, 0x19A6, 0x1986,
  0x1965, 0x1124, 0x1104, 0x1104, 0x10E3, 0x10E3, 0x10E3, 0x10A2, 0x20E2, 0x3103, 0x3102, 0x3123, 0x3963, 0x4163, 0x49A4, 0x49A4,
  0x49A4, 0x51E4, 0x59E4, 0x6225, 0x6A45, 0x7A86, 0x82A6, 0x8AE6, 0x9B26, 0xA367, 0xB3C8, 0x49A3, 0x49A3, 0x51A3, 0x51C4, 0x59E4,
  0x6225, 0x7265, 0x82C5, 0x9306, 0xAB87, 0xBBE8, 0xDC89, 0xABE9, 0x1924, 0x1904, 0x1903, 0x10C3, 0x10C3, 0x10C3, 0x10C3, 0x1104,
  0x1124, 0x1104, 0x1924, 0x1924, 0x1945, 0x1945, 0x1945, 0x1945, 0x1945, 0x1945, 0x1945, 0x1965, 0x1945, 0x1925, 0x19A7, 0x19A7,
  0x21C7, 0x1186, 0x52A8, 0x944C, 0x7C0C, 0x842D, 0x9C8D, 0x6AA6, 0x5204, 0x6266, 0x6A86, 0x6265, 0x6266, 0x5A25, 0x5A45, 0x6286,
  0x6286, 0x5A45, 0x41C4, 0x3163, 0x5A44, 0x5A45, 0x5205, 0x5205, 0x5205, 0x5A66, 0x5225, 0x3163, 0x4A05, 0x5226, 0x4A05, 0x41E5,
  0x41E4, 0x41E4, 0x3183, 0x2123, 0x41E4, 0x41E5, 0x3183, 0x62E8, 0x942F, 0xBD31, 0xDE13, 0x39C4, 0x41A4, 0x49C5, 0x3964, 0x49E5,
  0x41C4, 0x41E4, 0x4A25, 0x41E5, 0x41E5, 0x39C4, 0x39C4, 0x2963, 0x39C4, 0x41E4, 0x5A66, 0x4A26, 0x4205, 0x39C4, 0x39C3, 0x41E4,
  0x72E5, 0x5A84, 0x72E4, 0x5203, 0x6264, 0x6264, 0x5224, 0x5A44, 0x5223, 0xB426, 0x8B46, 0xA3E6, 0xA407, 0x8B45, 0xB407, 0xBC67,
  0x9BA5, 0xB467, 0xBC87, 0xB447, 0x82E5, 0xCC8A, 0x9347, 0x9366, 0x9B87, 0xC46A, 0xC48A, 0xC489, 0xB3E8, 0xD4EC, 0xBC89, 0xCCCA,
  0xABC6, 0xBC69, 0xC48A, 0xBC49, 0xC489, 0xD4EA, 0xCD0B, 0xCD4F, 0xCD51, 0xC530, 0xCD30, 0xC510, 0xC510, 0xBCEF, 0xCD30, 0xD592,
  0xC531, 0xC551, 0xB4F0, 0xAC8F, 0x940E, 0x83AE, 0x7BAE, 0x734A, 0x6328, 0x6B6A, 0x738A, 0x6B49, 0x62E8, 0x5AA7, 0x5AA7, 0x6B08,
  0x7329, 0x6B08, 0x62C8, 0x6AE7, 0x8367, 0x7307, 0x5A87, 0x7B47, 0xB489, 0x93E8, 0x93C9, 0x8B88, 0x8367, 0xAC27, 0xBC89, 0xA408,
  0xA428, 0x83A8, 0xA428, 0xAC48, 0x9C08, 0xAC49, 0xBCC9, 0x8388, 0x6AE7, 0x5A86, 0x4A65, 0x5286, 0x5285, 0x4A45, 0x4A25, 0x5A85,
  0x5A85, 0x5A86, 0x62A6, 0x62A7, 0x5A66, 0x5246, 0x5A67, 0x5A66, 0x5226, 0x5267, 0x4A47, 0x4A67, 0x4A67, 0x4A46, 0x4246, 0x3A05,
  0x39E5, 0x31A4, 0x31A4, 0x2983, 0x31C4, 0x3184, 0x31A4, 0x31A4, 0x2983, 0x3184, 0x31A4, 0x31A4, 0x2963, 0x3184, 0x2963, 0x41C4,
  0x2123, 0x2143, 0x2963, 0x2143, 0x1902, 0x2123, 0x2123, 0x1903, 0x2102, 0x2943, 0x3A05, 0x5285, 0x6AE5, 0x6AC4, 0x62A4, 0x4A04,
  0x5A64, 0x41E5, 0x41C5, 0x41C5, 0x41A5, 0x6AA6, 0xA3A8, 0xB409, 0xB409, 0xB429, 0xBC49, 0xC48A, 0x9367, 0x9347, 0xB3E9, 0xB3E9,
  0xB409, 0xB3E8, 0xB3E8, 0xB3E8, 0x5225, 0x1965, 0x6329, 0x842C, 0x6BAB, 0x636A, 0x634A, 0x7BEB, 0x7BAA, 0x5B4A, 0x5B2A, 0x5309,
  0x42A9, 0x3268, 0x2A28, 0x2A48, 0x2A48, 0x3248, 0x2A28, 0x2A28, 0x21E7, 0x21E7, 0x21E7, 0x21A7, 0x1986, 0x1986, 0x1965, 0x1945,
  0x1124, 0x1124, 0x1103, 0x10E3, 0x10C3, 0x10C3, 0x10C3, 0x10C3, 0x1082, 0x18C2, 0x2902, 0x3123, 0x3943, 0x4163, 0x4183, 0x4183,
  0x4983, 0x49C4, 0x51E4, 0x5A25, 0x6225, 0x6A65, 0x7A86, 0x82C6, 0x8AE6, 0x8B06, 0xAB87, 0x9306, 0x3942, 0x4983, 0x49A3, 0x51C4,
  0x5A04, 0x6205, 0x6A45, 0x7AA5, 0x9326, 0xB3A7, 0xBBE8, 0xE4CA, 0xA367, 0x0041, 0x10E3, 0x1904, 0x0861, 0x10A2, 0x10E3, 0x1104,
  0x1104, 0x1104, 0x1924, 0x1924, 0x1945, 0x1945, 0x1945, 0x1945, 0x1925, 0x1945, 0x1945, 0x1965, 0x1945, 0x1924, 0x19A7, 0x19A7,
  0x21C7, 0x1186, 0x4AA9, 0x842C, 0x7C0C, 0x7C0C, 0x9C8D, 0x5204, 0x49C4, 0x6A65, 0x6A65, 0x6A85, 0x6245, 0x5205, 0x6AC6, 0x72E6,
  0x6266, 0x4A05, 0x2943, 0x3183, 0x6265, 0x5A25, 0x5205, 0x5205, 0x5225, 0x5226, 0x4A05, 0x3163, 0x41E5, 0x5A66, 0x41E5, 0x3163,
  0x39A3, 0x41E4, 0x3183, 0x2943, 0x41E4, 0x4205, 0x41E4, 0x5AC8, 0x8BEE, 0xBD10, 0xE654, 0x4205, 0x41C4, 0x41A5, 0x41A4, 0x5226,
  0x41C4, 0x39C4, 0x4A05, 0x39A4, 0x41C4, 0x4A25, 0x4A05, 0x2943, 0x31A3, 0x39E4, 0x5225, 0x5A67, 0x6AC7, 0x41E4, 0x3183, 0x5244,
  0x8B65, 0x93A5, 0x72E5, 0x5A64, 0x9BA5, 0x8B45, 0x72C4, 0x4A04, 0x9385, 0xBC46, 0x8B25, 0x9386, 0xA3E6, 0x9BA6, 0xC488, 0x9366,
  0xABE7, 0xA3C6, 0xC4A7, 0x9386, 0x82E6, 0x9B47, 0x82A5, 0x9B87, 0x8B45, 0xABE8, 0x9B67, 0xB408, 0xA3A7, 0xCCAB, 0xA3A7, 0x9BA6,
  0xB407, 0xBC69, 0xBC49, 0xB428, 0xC489, 0xD4EB, 0xD50A, 0xCD2D, 0xCD50, 0xCD50, 0xCD50, 0xCD50, 0xC50F, 0xCD50, 0xD550, 0xDDB1,
  0xDDB1, 0xD591, 0xC510, 0xB4B0, 0x9C4E, 0x940E, 0x83CE, 0x7BAE, 0x6B4B, 0x6B28, 0x738A, 0x738A, 0x6B6A, 0x6B49, 0x6309, 0x6309,
  0x6B08, 0x62A7, 0x62C7, 0x6AE8, 0x5AA7, 0x5287, 0x5AA7, 0x7B48, 0x7B48, 0x6AE8, 0x6AE8, 0x62C7, 0x8BA8, 0x9BC7, 0x62A6, 0x62C6,
  0x6B07, 0x6B07, 0x8B87, 0x8367, 0x7308, 0x7B48, 0x93C8, 0x6AE8, 0x6AC8, 0x5266, 0x4A65, 0x4A45, 0x4205, 0x4A25, 0x4A25, 0x5287,
  0x5AA7, 0x5246, 0x5247, 0x5A67, 0x5267, 0x5247, 0x5A67, 0x5247, 0x5247, 0x5247, 0x5247, 0x4A46, 0x4A47, 0x4A26, 0x4A26, 0x39C5,
  0x31C4, 0x31A4, 0x2983, 0x31A4, 0x39E5, 0x2983, 0x2983, 0x31C4, 0x39E4, 0x31C4, 0x31A4, 0x3184, 0x2963, 0x31A4, 0x39C5, 0x39C4,
  0x2123, 0x2123, 0x2984, 0x2123, 0x2983, 0x2963, 0x2123, 0x2943, 0x3183, 0x3A04, 0x4225, 0x4A65, 0x5AA5, 0x5A64, 0x39C4, 0x41E4,
  0x41E4, 0x39C4, 0x41C4, 0x3184, 0x3984, 0x6A86, 0xCC8A, 0xCC8A, 0xC48A, 0xB409, 0x9B88, 0xA3A8, 0x82E6, 0x49C4, 0x72A6, 0x9367,
  0xABC8, 0xA3A8, 0xABC8, 0x9347, 0x39A4, 0x19A6, 0x52C9, 0x73AB, 0x636A, 0x5B0A, 0x5B0A, 0x7BEB, 0x6308, 0x2185, 0x29A5, 0x2165,
  0x1944, 0x1924, 0x1904, 0x1103, 0x10E3, 0x10E3, 0x10E3, 0x10C3, 0x10C3, 0x10A2, 0x10A2, 0x10A2, 0x10A2, 0x10A2, 0x1082, 0x10A2,
  0x10A2, 0x10A2, 0x10A2, 0x1082, 0x1082, 0x1082, 0x10A2, 0x1082, 0x1082, 0x0882, 0x18A2, 0x2902, 0x3123, 0x3943, 0x4183, 0x4183,
  0x49A3, 0x51C4, 0x51C4, 0x5A04, 0x6225, 0x6225, 0x6A65, 0x7AA6, 0x82C6, 0x8B06, 0x9306, 0xAB87, 0x6244, 0x3923, 0x4983, 0x49A3,
  0x51C4, 0x59E4, 0x59E4, 0x6225, 0x7AA5, 0x9326, 0xB3A7, 0xC408, 0xE4CA, 0x8B06, 0x08E4, 0x1985, 0x10A2, 0x10C3, 0x10E3, 0x10E3,
  0x1104, 0x1924, 0x1904, 0x1924, 0x1925, 0x1924, 0x1945, 0x1945, 0x1924, 0x1945, 0x1945, 0x1945, 0x1945, 0x1924, 0x19A7, 0x21A7,
  0x21C7, 0x1986, 0x4288, 0x842C, 0x7C2C, 0x7C0C, 0x944C, 0x41E4, 0x3163, 0x3183, 0x39A3, 0x4A04, 0x49E4, 0x3963, 0x41C4, 0x41C4,
  0x3163, 0x2923, 0x10C2, 0x2102, 0x3163, 0x3163, 0x3143, 0x3984, 0x2943, 0x2103, 0x20E2, 0x2102, 0x39A4, 0x39A4, 0x2923, 0x2123,
  0x2943, 0x2943, 0x2123, 0x3163, 0x3984, 0x39A4, 0x2122, 0x4A26, 0x8C0E, 0xC571, 0xDE33, 0x2143, 0x2943, 0x3163, 0x39A4, 0x2943,
  0x2123, 0x2923, 0x3183, 0x2943, 0x39A4, 0x3184, 0x2143, 0x2123, 0x3183, 0x3183, 0x2123, 0x41C4, 0x4A25, 0x31A3, 0x2963, 0x2942,
  0x49E3, 0x41C3, 0x2963, 0x5224, 0x6A84, 0x6AA5, 0x6284, 0x41E4, 0x6284, 0x72E4, 0x8326, 0x7B05, 0x72E5, 0x9366, 0x7AE5, 0x8B26,
  0x9346, 0x5A64, 0x9BE6, 0x8B66, 0x72C5, 0x7AC5, 0x72A5, 0x9BA7, 0x8325, 0xA3C8, 0x7AE6, 0x8B26, 0x8306, 0xAC09, 0x8B26, 0xB429,
  0xABE7, 0xB429, 0xC48A, 0xC48A, 0xD4EB, 0xDD2C, 0xCD0A, 0xC50B, 0xCD50, 0xD571, 0xCD51, 0xCD51, 0xCD30, 0xCD30, 0xD571, 0xD591,
  0xE5F3, 0xD571, 0xDD91, 0xDDB1, 0xD591, 0xD570, 0xD570, 0xC530, 0xACB0, 0x942E, 0x7B8B, 0x6B49, 0x6B49, 0x6B6A, 0x738A, 0x736A,
  0x6B49, 0x62E8, 0x62E8, 0x62E8, 0x62C7, 0x5287, 0x62C7, 0x6B08, 0x5AA7, 0x5AA7, 0x5AA7, 0x62C7, 0x7327, 0x6B07, 0x5AC7, 0x62C7,
  0x5A86, 0x6AE7, 0x7307, 0x6AE8, 0x6AE8, 0x6AE8, 0x6AE8, 0x62C8, 0x5A87, 0x4A45, 0x4A25, 0x4205, 0x4A25, 0x4A25, 0x4A46, 0x5AA8,
  0x4A46, 0x5246, 0x5267, 0x5A67, 0x5A67, 0x5247, 0x5247, 0x5247, 0x4A26, 0x5246, 0x5268, 0x5247, 0x4A47, 0x41E5, 0x39E5, 0x39C4,
  0x31A4, 0x31A4, 0x2984, 0x31A4, 0x3A05, 0x29A4, 0x2983, 0x39E4, 0x31C4, 0x39C4, 0x31A4, 0x31A4, 0x3184, 0x41E5, 0x39A4, 0x2963,
  0x29A4, 0x2984, 0x2983, 0x2143, 0x4204, 0x4204, 0x2963, 0x31A4, 0x4A44, 0x4225, 0x3A04, 0x2143, 0x2143, 0x3184, 0x2964, 0x3184,
  0x3164, 0x31A4, 0x39E4, 0x3183, 0x3163, 0x3163, 0x6265, 0x9368, 0xABE9, 0x8307, 0x72C6, 0x82E6, 0x7AC6, 0x72A6, 0xA3C8, 0xBC6A,
  0xC46A, 0xB408, 0xB408, 0xA3A7, 0x3184, 0x1986, 0x52A8, 0x636B, 0x5B2A, 0x530A, 0x4AEA, 0x73EC, 0x5266, 0x0000, 0x0861, 0x0861,
  0x0882, 0x0882, 0x1082, 0x1082, 0x1082, 0x10A2, 0x10A2, 0x10A2, 0x10A2, 0x10A2, 0x10A2, 0x10A2, 0x10A2, 0x10A2, 0x10A2, 0x10A2,
  0x10A2, 0x10C2, 0x10A2, 0x10A2, 0x10A2, 0x10A2, 0x10A2, 0x10A2, 0x10A2, 0x10A2, 0x10C2, 0x10C2, 0x2902, 0x3123, 0x3943, 0x4183,
  0x4183, 0x49A3, 0x51C4, 0x51E4, 0x5A05, 0x6225, 0x6225, 0x7266, 0x7AA6, 0x8AE6, 0x9306, 0x9306, 0xA387, 0x49A3, 0x4163, 0x4983,
  0x49A3, 0x51C4, 0x59E4, 0x5A04, 0x6225, 0x7265, 0x8AE6, 0xAB87, 0xC428, 0xED0A, 0x7B07, 0x1186, 0x1903, 0x1082, 0x10C3, 0x10E3,
  0x1104, 0x1924, 0x1924, 0x1924, 0x1924, 0x1925, 0x1945, 0x1945, 0x1924, 0x1945, 0x1945, 0x1945, 0x1924, 0x1924, 0x19A7, 0x21A7,
  0x21C7, 0x1986, 0x4A88, 0x842C, 0x7C2C, 0x7C0C, 0x944C, 0x6265, 0x7AE6, 0x7AE6, 0x5A44, 0x6284, 0x6284, 0x6264, 0x5204, 0x4184,
  0x4184, 0x49C4, 0x72E6, 0x7AE6, 0x5224, 0x3983, 0x41C4, 0x5A46, 0x49E5, 0x3164, 0x2123, 0x3183, 0x4204, 0x41E4, 0x39C4, 0x39E4,
  0x3183, 0x2963, 0x41E4, 0x4204, 0x39C4, 0x4205, 0x2943, 0x5267, 0x8C0E, 0xBD11, 0xDE13, 0x39A5, 0x41E5, 0x41E5, 0x4A05, 0x3183,
  0x3163, 0x3984, 0x2943, 0x2103, 0x3143, 0x2923, 0x18C2, 0x2943, 0x39A4, 0x39A4, 0x3984, 0x49C5, 0x4A05, 0x39A4, 0x4A04, 0x4A04,
  0x5A44, 0x72C5, 0x5A44, 0x49E4, 0x3983, 0x6285, 0x72C5, 0x9366, 0x41C4, 0x5A64, 0x8325, 0x5A04, 0x9B87, 0x8B66, 0x72C6, 0xCCAB,
  0xABC8, 0x6264, 0x8345, 0xCCA9, 0xCCCB, 0xB469, 0xB467, 0xCD29, 0xB447, 0xBC68, 0xCCCA, 0xBC69, 0xBC49, 0xE56D, 0xBC29, 0xD4EB,
  0xBC69, 0xD50B, 0xBC49, 0xABE7, 0xD4CA, 0xDD2C, 0xCCEA, 0xC4CA, 0xCD30, 0xD56E, 0xD54E, 0xD571, 0xD571, 0xCD51, 0xC510, 0xC530,
  0xCD30, 0xDDB2, 0xDDB2, 0xCD50, 0xCD71, 0xCD51, 0xBCF0, 0xAC8F, 0xA46F, 0x942F, 0x7BAE, 0x6B4C, 0x630A, 0x6329, 0x6B49, 0x6B49,
  0x6B69, 0x738A, 0x738A, 0x736A, 0x6B29, 0x6308, 0x7349, 0x6B29, 0x5A87, 0x5287, 0x62E8, 0x62C7, 0x62C7, 0x62C7, 0x62E7, 0x6AE7,
  0x62A7, 0x62C7, 0x6AA6, 0x6AC6, 0x6AE8, 0x62C8, 0x62A7, 0x5A87, 0x4A46, 0x4205, 0x4205, 0x4205, 0x4A25, 0x5266, 0x4A26, 0x41E5,
  0x41E4, 0x4A46, 0x5A67, 0x5267, 0x5247, 0x5247, 0x4A47, 0x4206, 0x4204, 0x4A46, 0x5247, 0x4A27, 0x4A06, 0x3A05, 0x3A25, 0x39E4,
  0x2984, 0x31A4, 0x31C4, 0x39C5, 0x31C4, 0x31A4, 0x39E5, 0x31C4, 0x31A3, 0x3A05, 0x31C4, 0x2983, 0x31A4, 0x4206, 0x3184, 0x2983,
  0x31C4, 0x31C4, 0x2123, 0x2983, 0x2983, 0x31C4, 0x31C4, 0x2983, 0x39C4, 0x4204, 0x2123, 0x1903, 0x2963, 0x3184, 0x2963, 0x2123,
  0x2123, 0x39A4, 0x39C4, 0x39E4, 0x39C4, 0x39A4, 0x3184, 0x49C4, 0x7AE6, 0xABE9, 0xCCAA, 0xD4EA, 0xABE8, 0xB408, 0xD4CA, 0xA3C8,
  0x9347, 0x8B27, 0x8306, 0x82E6, 0x41E5, 0x1945, 0x5AC8, 0x5B6B, 0x4AEA, 0x4ACA, 0x530A, 0x6BCC, 0x4A46, 0x0882, 0x10C3, 0x10C2,
  0x10C2, 0x10A2, 0x10C2, 0x10C3, 0x10C3, 0x10C3, 0x10C3, 0x10C3, 0x10A2, 0x10C2, 0x10A2, 0x10A2, 0x10A2, 0x10A2, 0x10C3, 0x10A2,
  0x10C2, 0x10A2, 0x10C2, 0x10E3, 0x10C3, 0x10A2, 0x10A2, 0x10A2, 0x10A2, 0x10C3, 0x10E3, 0x10C3, 0x10A2, 0x2902, 0x3943, 0x3943,
  0x4183, 0x4183, 0x49A4, 0x51C4, 0x51C4, 0x5A05, 0x6225, 0x6A45, 0x7265, 0x7A86, 0x82C6, 0x8AE6, 0xAB87, 0xA367, 0x3922, 0x4163,
  0x4983, 0x49A3, 0x51C4, 0x59E4, 0x5A04, 0x6225, 0x7A85, 0xA366, 0xBBE7, 0xCC69, 0xE4EA, 0x4A46, 0x1125, 0x1924, 0x1925, 0x1924,
  0x1104, 0x1104, 0x1904, 0x1904, 0x1924, 0x1924, 0x1904, 0x1924, 0x1104, 0x1124, 0x1945, 0x1945, 0x1924, 0x1924, 0x19A7, 0x21A7,
  0x21C7, 0x1986, 0x4288, 0x842C, 0x7C0C, 0x7C0C, 0x8C2C, 0x9B87, 0xBC48, 0xA3C7, 0x9B87, 0xA3C7, 0x8B46, 0x8326, 0x6AA5, 0x41C4,
  0x5A25, 0x6266, 0x9367, 0xBC49, 0x8B46, 0x5A45, 0x4A04, 0x49E5, 0x5226, 0x5226, 0x49E6, 0x41E4, 0x4224, 0x4A45, 0x4A65, 0x41E4,
  0x41C4, 0x39A3, 0x41E4, 0x41E4, 0x4225, 0x4A45, 0x4205, 0x62C8, 0x8BCD, 0xB4F1, 0xDE14, 0x5247, 0x5A67, 0x5247, 0x5266, 0x5246,
  0x5245, 0x4A25, 0x41E5, 0x41A4, 0x5206, 0x4A06, 0x3984, 0x41C5, 0x41E5, 0x4A26, 0x5225, 0x5225, 0x49E4, 0x4205, 0x4A25, 0x6286,
  0x7AE6, 0x9B46, 0x9B86, 0xABE6, 0x8B25, 0x5A04, 0x72A5, 0x9B66, 0x9BC5, 0xCCE7, 0xBC26, 0xABA6, 0xABE7, 0xB448, 0xC489, 0xCCAA,
  0x9346, 0x6A85, 0xA3A7, 0xC469, 0xC4AA, 0xD50C, 0xBC87, 0xCCE8, 0xAC06, 0xB447, 0xD4EA, 0xBC69, 0xB428, 0xDD0B, 0xB429, 0xBC6A,
  0xDD2C, 0xBC48, 0xC469, 0xBC49, 0xDD0B, 0xD50B, 0xCCEA, 0xBCA8, 0xBCCA, 0xD54A, 0xCD4D, 0xCD70, 0xD571, 0xCD71, 0xBCCF, 0xAC6E,
  0xAC4E, 0xBCCF, 0xCD50, 0xC530, 0xD592, 0xCD92, 0xCD51, 0xC510, 0xBCF0, 0xBCF0, 0xB4AF, 0xA44F, 0x940E, 0x83AD, 0x6B4B, 0x6B2A,
  0x6B29, 0x6B69, 0x7369, 0x7389, 0x7BAA, 0x8C0B, 0x8C0B, 0x7BAA, 0x6B49, 0x6B49, 0x6329, 0x6308, 0x5AC7, 0x5AC7, 0x5AC7, 0x62E7,
  0x6B27, 0x7327, 0x7327, 0x6B07, 0x62C8, 0x5A87, 0x5AA7, 0x5AC7, 0x4A25, 0x4204, 0x4A25, 0x4A26, 0x5266, 0x5287, 0x4225, 0x41E4,
  0x4A45, 0x5287, 0x5267, 0x5267, 0x5247, 0x4A26, 0x4205, 0x39C4, 0x4225, 0x5287, 0x4A46, 0x4205, 0x41E5, 0x4246, 0x3A25, 0x31C4,
  0x31A4, 0x31C4, 0x4226, 0x39E5, 0x31C4, 0x31A4, 0x4226, 0x39E5, 0x31C4, 0x39E5, 0x3A05, 0x39C4, 0x31A4, 0x31A4, 0x31A4, 0x31A4,
  0x2143, 0x2143, 0x2963, 0x2984, 0x18E2, 0x2103, 0x31A4, 0x2963, 0x2123, 0x2963, 0x2123, 0x2123, 0x2943, 0x3184, 0x31A4, 0x2123,
  0x2964, 0x41E5, 0x39C4, 0x4205, 0x4205, 0x5A66, 0x8B27, 0xB409, 0xBC49, 0xABC8, 0xA3A8, 0xABC8, 0x9347, 0xA3A8, 0xA388, 0x7AC7,
  0x7AC7, 0x72C6, 0x6AA6, 0x6A86, 0x39A4, 0x1965, 0x5AC8, 0x532A, 0x42CA, 0x4ACA, 0x530A, 0x6BAB, 0x4A46, 0x0882, 0x10C3, 0x10C2,
  0x10A2, 0x10C2, 0x10C3, 0x10C3, 0x10C3, 0x10C3, 0x10C3, 0x10C3, 0x10A2, 0x10C2, 0x10C2, 0x10C3, 0x10A2, 0x10C2, 0x10C3, 0x10C2,
  0x10C2, 0x10C2, 0x10C3, 0x10E3, 0x10E3, 0x10A2, 0x10C2, 0x10A2, 0x10A2, 0x10C3, 0x10C3, 0x10C2, 0x10A2, 0x1082, 0x20E2, 0x3943,
  0x3943, 0x4183, 0x49A3, 0x49A4, 0x51C4, 0x51C4, 0x59E4, 0x6225, 0x6A45, 0x6A45, 0x6A66, 0x82A6, 0x8B06, 0xBC08, 0x7AA5, 0x3102,
  0x4183, 0x49A3, 0x49A3, 0x51C4, 0x51E4, 0x5A04, 0x6A45, 0x92E6, 0x9B26, 0xAB66, 0xDCC9, 0xAC09, 0x19C7, 0x2208, 0x19C7, 0x19A6,
  0x1986, 0x1986, 0x19A7, 0x1986, 0x1986, 0x1125, 0x1125, 0x1145, 0x1945, 0x1145, 0x1124, 0x1945, 0x1924, 0x1924, 0x19A7, 0x19A7,
  0x21C7, 0x19A6, 0x4A88, 0x842C, 0x7C0C, 0x7C0C, 0x842C, 0x8B47, 0xA3C7, 0x9BA7, 0x9B87, 0x9366, 0x7AE5, 0x8326, 0x6265, 0x3163,
  0x5205, 0x5225, 0x4A05, 0x6AA6, 0x8B27, 0x6265, 0x5A24, 0x6265, 0x5205, 0x5206, 0x4A06, 0x41C5, 0x41E4, 0x4204, 0x4A05, 0x4A05,
  0x49E5, 0x41A4, 0x39A4, 0x39A4, 0x39A4, 0x39C4, 0x39A3, 0x62A8, 0x8C0E, 0xBD31, 0xDDF2, 0x5246, 0x5246, 0x5226, 0x4A26, 0x4A05,
  0x4A25, 0x4A25, 0x41E5, 0x49E5, 0x4A05, 0x4A05, 0x41C4, 0x41C5, 0x39A4, 0x49E5, 0x41C4, 0x5225, 0x49E5, 0x5205, 0x41A4, 0x6266,
  0x6A86, 0x7AC6, 0x9B86, 0xA3C6, 0xABE7, 0x6265, 0x7AE5, 0x6285, 0x9BC6, 0xBCA7, 0x9386, 0xBC47, 0xBC48, 0xBC68, 0x7AC5, 0x82E5,
  0x6A84, 0x5A24, 0xA3C7, 0xCCCB, 0xB409, 0xC4AA, 0xA3C7, 0xA3E8, 0xA3C7, 0xA3C7, 0xB428, 0xCCCA, 0xAC08, 0xCCCA, 0xDD2C, 0xD4EB,
  0xD50B, 0xBC68, 0xD4EB, 0xBC69, 0xD4EA, 0xD4CA, 0xCCE9, 0xD54A, 0xD52A, 0xCD49, 0xC52D, 0xD54F, 0xD56F, 0xD571, 0xD550, 0xCD30,
  0xCD0F, 0xCD2F, 0xCD50, 0xD571, 0xDDB2, 0xDDD2, 0xD591, 0xDDD2, 0xDD91, 0xD570, 0xDD70, 0xCD30, 0xC530, 0xBCF0, 0xAC8F, 0xA46F,
  0x942F, 0x8BED, 0x7B8B, 0x7369, 0x7BA9, 0x7BA9, 0x7368, 0x7368, 0x7389, 0x7369, 0x6B28, 0x6328, 0x6B48, 0x7B88, 0x8388, 0x8BE9,
  0x9409, 0x8BE9, 0x7388, 0x6308, 0x5AE8, 0x5AE8, 0x5AE8, 0x52A7, 0x4A66, 0x4A46, 0x5266, 0x52A7, 0x5287, 0x4A66, 0x4A66, 0x5286,
  0x5287, 0x52A7, 0x5287, 0x5267, 0x4A26, 0x4205, 0x4205, 0x4225, 0x4A86, 0x52A7, 0x4A66, 0x4225, 0x4205, 0x3A26, 0x31C4, 0x31C4,
  0x31A4, 0x3A05, 0x4246, 0x39E4, 0x31C4, 0x4246, 0x3A05, 0x31A4, 0x4205, 0x39E5, 0x3A05, 0x39E5, 0x39E5, 0x3A05, 0x31C4, 0x39E5,
  0x18E3, 0x18E2, 0x29A4, 0x2964, 0x18C2, 0x18E2, 0x2983, 0x2983, 0x2143, 0x31A3, 0x2963, 0x2143, 0x2143, 0x2963, 0x31A4, 0x2943,
  0x3184, 0x41E5, 0x4205, 0x4225, 0x41E5, 0x6286, 0xB429, 0xBC4A, 0xA3C8, 0x9368, 0x8B28, 0x8307, 0x8B47, 0x8B27, 0x8307, 0x7AE7,
  0x7AE7, 0x7AE7, 0x8307, 0x8327, 0x4A05, 0x1986, 0x4288, 0x4AEA, 0x42CA, 0x530A, 0x5B0A, 0x638B, 0x4A46, 0x0882, 0x10C3, 0x10C3,
  0x10C3, 0x10A2, 0x10C3, 0x10C3, 0x10C3, 0x10C3, 0x10C2, 0x10C2, 0x10A2, 0x10A2, 0x10A2, 0x10A2, 0x10A2, 0x10A2, 0x10C2, 0x10C2,
  0x10C2, 0x10C2, 0x10C3, 0x10E3, 0x10C3, 0x10C3, 0x10A2, 0x10A2, 0x10A2, 0x10C3, 0x10E3, 0x10E3, 0x10E3, 0x10E3, 0x10C3, 0x2103,
  0x3943, 0x3943, 0x3963, 0x4184, 0x49A4, 0x51C4, 0x51C4, 0x51E4, 0x5A05, 0x6245, 0x6A66, 0x7286, 0x82C6, 0x8B07, 0xB3C8, 0x51C4,
  0x3123, 0x4163, 0x3122, 0x3943, 0x49C4, 0x49C4, 0x6225, 0x7265, 0x6A45, 0x7A85, 0xB3C8, 0xBC09, 0x2A07, 0x2A08, 0x2A08, 0x3268,
  0x3A89, 0x3A89, 0x4289, 0x42A9, 0x4AC9, 0x4AC9, 0x4AA9, 0x3A69, 0x3A68, 0x3A68, 0x4268, 0x2A08, 0x2A08, 0x1965, 0x1986, 0x21C7,
  0x21C7, 0x21A6, 0x52A8, 0x842D, 0x7C0C, 0x7C0C, 0x8C2C, 0x6AC7, 0x8307, 0x7AE6, 0x6A86, 0x5204, 0x49E4, 0x8326, 0x8B86, 0x5224,
  0x41C4, 0x5205, 0x5225, 0x5225, 0x5A45, 0x49E5, 0x49E4, 0x5A45, 0x41C4, 0x41C5, 0x41C5, 0x41C5, 0x41E5, 0x41E5, 0x39A4, 0x41E5,
  0x4A05, 0x41C4, 0x41C4, 0x41E4, 0x2943, 0x3163, 0x3163, 0x5267, 0x942F, 0xC552, 0xDDF2, 0x39C4, 0x41C3, 0x41C4, 0x4A05, 0x41C4,
  0x41C4, 0x4205, 0x4205, 0x49E5, 0x5226, 0x5266, 0x49E5, 0x5A26, 0x49E5, 0x5225, 0x5224, 0x5225, 0x5A25, 0x72C6, 0x41C4, 0x5225,
  0x5A46, 0x4A05, 0x5A45, 0x41C4, 0x5A45, 0x49E4, 0x6AA5, 0x7B05, 0x5A44, 0xA407, 0xB447, 0xA3E6, 0x8325, 0x9BA6, 0xABE8, 0x9367,
  0x7AE5, 0x7B06, 0x8326, 0x9BA8, 0xA3C8, 0xC489, 0xA3C8, 0xB44A, 0xB429, 0xB408, 0x9367, 0xD4EB, 0xBC89, 0xD50B, 0xD4CB, 0xCC8A,
  0xBC69, 0xBC88, 0xD50B, 0xCD0A, 0xC4A9, 0xBCA8, 0xC4E9, 0xDD8B, 0xD56A, 0xD54A, 0xC509, 0xD54C, 0xD54D, 0xD550, 0xD550, 0xD570,
  0xD550, 0xD550, 0xD550, 0xD570, 0xD570, 0xD570, 0xD591, 0xDDF2, 0xE613, 0xDDB1, 0xD591, 0xDDB1, 0xDDB1, 0xDDB1, 0xE5B1, 0xDDB1,
  0xDDB1, 0xDD70, 0xCD0F, 0xB48F, 0x940E, 0x83AD, 0x736B, 0x6B2A, 0x6329, 0x5AE8, 0x62E7, 0x6B27, 0x7367, 0x9428, 0xAC88, 0x8BE8,
  0x7368, 0x6328, 0x6328, 0x6328, 0x6328, 0x6328, 0x5AE8, 0x5AC7, 0x5AE8, 0x5AE8, 0x5AE7, 0x5AE8, 0x5AE7, 0x5AC7, 0x52C7, 0x52C7,
  0x52A7, 0x52C7, 0x5287, 0x4246, 0x4A46, 0x4A46, 0x4A66, 0x52A7, 0x52A7, 0x4A66, 0x4A86, 0x4A66, 0x4A66, 0x3A05, 0x31A3, 0x31E4,
  0x39E5, 0x4225, 0x39E5, 0x3A05, 0x3A05, 0x4246, 0x39E4, 0x3A05, 0x4246, 0x4246, 0x3A25, 0x39E5, 0x39E5, 0x39E4, 0x39C4, 0x31C4,
  0x1902, 0x2103, 0x2163, 0x2963, 0x18E2, 0x18C2, 0x2123, 0x2123, 0x2123, 0x2983, 0x3183, 0x31A4, 0x2963, 0x2963, 0x31A4, 0x31A4,
  0x39C4, 0x41C5, 0x4205, 0x4A25, 0x4A26, 0x5A66, 0x9BA8, 0x9388, 0x8B28, 0x9348, 0x7B07, 0x8328, 0x9BA8, 0x8B47, 0x7AC7, 0x7AE7,
  0x7AE7, 0x8307, 0x9368, 0x9368, 0x41E5, 0x19A6, 0x4289, 0x4AEA, 0x4AEA, 0x5B0A, 0x5B0A, 0x6BAB, 0x4A46, 0x0862, 0x10E3, 0x18E3,
  0x18E3, 0x18E3, 0x1103, 0x1903, 0x1904, 0x1924, 0x1924, 0x1945, 0x1945, 0x1945, 0x1945, 0x1965, 0x1965, 0x1965, 0x1965, 0x1965,
  0x1965, 0x1965, 0x1945, 0x1924, 0x1104, 0x10E3, 0x10E3, 0x10E3, 0x18E3, 0x18E3, 0x1904, 0x1904, 0x1924, 0x1924, 0x1945, 0x1124,
  0x2103, 0x3943, 0x3943, 0x3943, 0x4163, 0x4183, 0x51C4, 0x51C4, 0x51E4, 0x5A05, 0x6A45, 0x7286, 0x7AC6, 0x8AE6, 0xABA7, 0xABC7,
  0x2103, 0x2903, 0x3963, 0x49A3, 0x49A4, 0x51E4, 0x49A4, 0x5A04, 0x6225, 0x6A65, 0x8AE6, 0xA387, 0x942B, 0x9C6C, 0x944C, 0x8C2C,
  0x842C, 0x8C4C, 0x7BCB, 0x6B6A, 0x6B8A, 0x636A, 0x52E9, 0x3A89, 0x3A68, 0x3248, 0x3228, 0x21E7, 0x21C7, 0x1945, 0x1945, 0x19C7,
  0x21A7, 0x1966, 0x52C8, 0x844D, 0x7C0C, 0x7C2D, 0x8C4C, 0x6AA6, 0x5A46, 0x5A45, 0x5225, 0x49E4, 0x49C4, 0x8304, 0x5A24, 0x41C4,
  0x41A4, 0x49E4, 0x5205, 0x4A05, 0x49E5, 0x41C4, 0x39A4, 0x39A3, 0x4204, 0x3183, 0x3163, 0x39A4, 0x3984, 0x31A3, 0x39C4, 0x41E4,
  0x4A25, 0x39C4, 0x39C4, 0x39C4, 0x3983, 0x39A4, 0x3984, 0x62A8, 0x944F, 0xC572, 0xDE34, 0x41E4, 0x41E4, 0x41E5, 0x41E4, 0x41C4,
  0x41C4, 0x41E5, 0x4205, 0x5226, 0x5A67, 0x4A06, 0x41E5, 0x5A46, 0x41E5, 0x4A04, 0x4A24, 0x4A44, 0x39A3, 0x4A05, 0x39C4, 0x4A05,
  0x4A05, 0x5A45, 0x49E5, 0x41C4, 0x72A5, 0x8306, 0x6285, 0x5224, 0x6264, 0x72E5, 0x8345, 0x8B45, 0x9386, 0x8325, 0x8326, 0xBC68,
  0xBC88, 0xBC87, 0x9386, 0x93A6, 0x7B05, 0x9BC7, 0x8B66, 0x72C6, 0x9BA8, 0xC46A, 0xABE8, 0xB428, 0xCCAA, 0xD4EB, 0xC48A, 0xCC8A,
  0xBC68, 0xCCE9, 0xCD0A, 0xB468, 0xC4C9, 0xBCA8, 0xCD08, 0xD54A, 0xDD6A, 0xDD6A, 0xDD8B, 0xD56A, 0xCD49, 0xCD2C, 0xCD2F, 0xCD50,
  0xD570, 0xD570, 0xD570, 0xCD50, 0xCD2F, 0xCD2F, 0xD570, 0xDD91, 0xDD90, 0xDDB1, 0xDDD1, 0xDDD1, 0xDDB1, 0xDDD1, 0xDDB1, 0xDD91,
  0xDD91, 0xDD70, 0xD570, 0xD591, 0xD571, 0xCD50, 0xCD30, 0xC510, 0xAC6F, 0x9C2E, 0x940D, 0x83AC, 0x734B, 0x6309, 0x6309, 0x5287,
  0x4A87, 0x5286, 0x5AC6, 0x5AE7, 0x5AE7, 0x5AE7, 0x5B08, 0x5B08, 0x5B08, 0x5AE8, 0x5AE8, 0x5AE8, 0x5AE8, 0x5AE8, 0x52A7, 0x52A7,
  0x52C7, 0x52A7, 0x4A66, 0x4A86, 0x4A87, 0x52A7, 0x52A7, 0x52A7, 0x52A7, 0x52C8, 0x4A87, 0x4A66, 0x3A05, 0x39E5, 0x31A4, 0x31A4,
  0x3A05, 0x3A04, 0x3A05, 0x4225, 0x4225, 0x4225, 0x4225, 0x39E4, 0x4226, 0x3A25, 0x39E4, 0x31C4, 0x31C4, 0x31A3, 0x39E4, 0x31E4,
  0x31A4, 0x2963, 0x2143, 0x2963, 0x10C2, 0x18E3, 0x2963, 0x2103, 0x18E3, 0x2143, 0x31A3, 0x2963, 0x18E2, 0x2123, 0x31A4, 0x31A4,
  0x3184, 0x39A4, 0x41C4, 0x4A05, 0x4A26, 0x4A26, 0x7AE7, 0x8328, 0x8308, 0x8307, 0x8327, 0x9388, 0xABE8, 0x9368, 0x72C7, 0x7AC7,
  0x8307, 0x8B27, 0x8B47, 0x6A86, 0x2964, 0x19A6, 0x4A88, 0x4AEA, 0x530A, 0x6329, 0x5B2A, 0x636B, 0x52E8, 0x21C7, 0x2A07, 0x3227,
  0x3228, 0x3248, 0x3248, 0x3228, 0x3227, 0x2A07, 0x29E7, 0x21E7, 0x21C7, 0x21C7, 0x21C7, 0x21E7, 0x21C6, 0x19A6, 0x1986, 0x1986,
  0x1986, 0x1986, 0x1986, 0x1986, 0x1965, 0x1965, 0x1965, 0x1945, 0x1924, 0x1103, 0x1104, 0x1903, 0x1903, 0x1903, 0x18E3, 0x1903,
  0x1904, 0x18E3, 0x2903, 0x4163, 0x4163, 0x4183, 0x4983, 0x49A4, 0x51C4, 0x51E4, 0x5A05, 0x6245, 0x7AA6, 0x8AE6, 0xABA7, 0xE52A,
  0x6286, 0x1904, 0x3942, 0x4183, 0x51E4, 0x3943, 0x4183, 0x5A04, 0x5A04, 0x6224, 0x7A85, 0x8327, 0x532A, 0x5B4A, 0x5B4A, 0x4AEA,
  0x42A9, 0x4AE9, 0x532A, 0x4B0A, 0x4B0A, 0x3A88, 0x2A28, 0x3269, 0x3249, 0x3249, 0x2A08, 0x21E7, 0x21E8, 0x1945, 0x1924, 0x19A6,
  0x19A7, 0x1966, 0x4AA8, 0x844C, 0x7C0C, 0x7BEC, 0x8C2C, 0x6AC7, 0x6266, 0x6286, 0x6266, 0x6265, 0x6285, 0x7AE4, 0x6284, 0x6AA5,
  0x5204, 0x3123, 0x41C4, 0x5205, 0x49E5, 0x41C4, 0x4A25, 0x5245, 0x4A25, 0x4A45, 0x4A05, 0x49E5, 0x41A4, 0x3183, 0x39A4, 0x4225,
  0x4A45, 0x4205, 0x39C4, 0x39C4, 0x41E4, 0x39A4, 0x39A4, 0x62E9, 0x8C0E, 0xBD31, 0xDE13, 0x41E5, 0x41C4, 0x41E5, 0x41A4, 0x39A4,
  0x49E5, 0x4A05, 0x39C4, 0x41E5, 0x49E5, 0x2963, 0x3163, 0x39A4, 0x3183, 0x31A4, 0x39A3, 0x39C3, 0x3183, 0x4A05, 0x41E5, 0x4A25,
  0x39A4, 0x41E4, 0x8346, 0x8B66, 0x7AE5, 0xB467, 0x7B05, 0xBC88, 0x9386, 0x5204, 0x5A64, 0x8B45, 0xA3E7, 0xBC68, 0x8305, 0x9B86,
  0x72A5, 0xB448, 0xA3E6, 0xB447, 0x9BE6, 0x8B65, 0x9386, 0x9367, 0x9B88, 0xA3C8, 0xB409, 0xA3A7, 0xAC27, 0xBC68, 0xCCEB, 0xAC29,
  0xBC68, 0xB447, 0xBCA9, 0xBCA9, 0xCD2B, 0xD56C, 0xCD09, 0xCD29, 0xD56A, 0xD56A, 0xDD8A, 0xD54A, 0xD56A, 0xD54A, 0xCD2A, 0xCD2E,
  0xD591, 0xD570, 0xD591, 0xD571, 0xD550, 0xCD2F, 0xC4EF, 0xCD0F, 0xD550, 0xDD91, 0xDDB1, 0xDD90, 0xDD90, 0xDDD1, 0xE5F2, 0xE613,
  0xDDB1, 0xDDB1, 0xDDB1, 0xDD91, 0xDDB1, 0xDD90, 0xDD90, 0xE5B1, 0xE5D1, 0xE5D1, 0xE5D1, 0xDD91, 0xD571, 0xC510, 0xAC6E, 0xA44E,
  0x940D, 0x7B8C, 0x6B2A, 0x62E9, 0x5AC8, 0x5AC8, 0x5AE8, 0x52A6, 0x52A7, 0x4A66, 0x5286, 0x52A7, 0x52A7, 0x4AA7, 0x52C7, 0x52C7,
  0x52A7, 0x4A86, 0x4A86, 0x52A7, 0x52A7, 0x52A7, 0x52A7, 0x52C7, 0x52A7, 0x4A87, 0x4266, 0x39E4, 0x39E4, 0x39E4, 0x39E4, 0x4225,
  0x4246, 0x4225, 0x4A87, 0x4A87, 0x4246, 0x4266, 0x4246, 0x4266, 0x4266, 0x3A04, 0x3A05, 0x39E4, 0x4225, 0x3A05, 0x4246, 0x4246,
  0x31A4, 0x2143, 0x2143, 0x18E2, 0x10C2, 0x18E3, 0x2963, 0x2963, 0x2143, 0x2963, 0x2963, 0x2983, 0x2123, 0x2963, 0x2963, 0x2943,
  0x3163, 0x39A4, 0x3984, 0x39A4, 0x4205, 0x41E5, 0x6A86, 0x8B48, 0x8308, 0x8328, 0x9B88, 0xA3A8, 0xABE8, 0x7AE7, 0x6A86, 0x72A6,
  0x7AC7, 0x8327, 0x7B07, 0x5A45, 0x2964, 0x1965, 0x3A27, 0x530A, 0x5B0A, 0x530A, 0x52EA, 0x5B0A, 0x7BAA, 0x7BAA, 0x7BAA, 0x7BA9,
  0x7BAA, 0x7BCA, 0x7BAA, 0x7389, 0x7369, 0x7369, 0x738A, 0x6329, 0x5AE9, 0x5B09, 0x4AE9, 0x42A9, 0x3268, 0x3248, 0x3A68, 0x3A68,
  0x3227, 0x3227, 0x3A48, 0x3A48, 0x3227, 0x3207, 0x2A07, 0x3207, 0x3207, 0x2A08, 0x2A07, 0x2A07, 0x29C6, 0x2985, 0x2965, 0x1924,
  0x1924, 0x10E3, 0x10C3, 0x20E3, 0x3943, 0x4163, 0x4163, 0x4183, 0x49C4, 0x51E4, 0x51E4, 0x51E4, 0x6225, 0x7AA6, 0x82C6, 0x9B47,
  0x8B06, 0x1903, 0x2902, 0x4163, 0x4183, 0x49A3, 0x59E4, 0x51C4, 0x59E4, 0x59E4, 0x8AC5, 0x7349, 0x4B2A, 0x5B4A, 0x532A, 0x4B0A,
  0x4B0A, 0x532A, 0x5B4A, 0x5B4A, 0x4AEA, 0x3A89, 0x3248, 0x2A07, 0x2A07, 0x3228, 0x29C7, 0x1986, 0x1965, 0x10E3, 0x1945, 0x19A6,
  0x19A6, 0x1986, 0x4288, 0x842C, 0x7C0C, 0x73CB, 0x840B, 0x62A6, 0x5A45, 0x5A25, 0x5A45, 0x5A25, 0x6285, 0x7B05, 0x7B05, 0x7B06,
  0x93A7, 0x5204, 0x3983, 0x41C4, 0x6266, 0x72E7, 0x7307, 0x8367, 0x5A85, 0x5245, 0x5225, 0x4A05, 0x5205, 0x41C4, 0x3183, 0x39E4,
  0x4205, 0x39C4, 0x31A4, 0x39C4, 0x39A3, 0x39A3, 0x3163, 0x5A88, 0x8C0F, 0xBD11, 0xD5B1, 0x3184, 0x3143, 0x3984, 0x3163, 0x3163,
  0x39A4, 0x39A4, 0x31A4, 0x39A4, 0x41E5, 0x41A4, 0x3984, 0x3984, 0x39C4, 0x3184, 0x3984, 0x49E5, 0x41C4, 0x41C4, 0x4A05, 0x5226,
  0x41E4, 0x41C5, 0x7B46, 0x9BE7, 0x7B06, 0x9386, 0x7B05, 0x9BA6, 0x6AA5, 0x5A65, 0x4204, 0x9BA6, 0x6AC5, 0x7B05, 0x9366, 0x9386,
  0x7AC5, 0x9388, 0xAC09, 0x9BC8, 0xB449, 0x8B65, 0xBCA9, 0x93A7, 0x9B87, 0x9367, 0xABE8, 0xA3A7, 0x9BC6, 0xAC48, 0xB468, 0xB46A,
  0xC4CA, 0xBC88, 0xBC88, 0xC4C9, 0xCD4B, 0xD5AD, 0xD58C, 0xDD8B, 0xCD49, 0xD56A, 0xCD29, 0xDD6A, 0xDD6A, 0xDD6A, 0xD56A, 0xCD29,
  0xCD0D, 0xD550, 0xCD2F, 0xD570, 0xD571, 0xD571, 0xD570, 0xCD2F, 0xC4EF, 0xC50F, 0xCD50, 0xD570, 0xDD91, 0xDD90, 0xDD90, 0xDDB1,
  0xDD90, 0xE5F2, 0xEE53, 0xDDD1, 0xD550, 0xD570, 0xD570, 0xDD91, 0xDDB1, 0xDDB1, 0xDD90, 0xDD70, 0xD570, 0xCD10, 0xC4EF, 0xAC6F,
  0x9C2E, 0x8BEE, 0x7B8D, 0x6B4D, 0x6B2D, 0x632D, 0x6B2D, 0x630B, 0x630B, 0x62C9, 0x5A88, 0x5267, 0x4A45, 0x5266, 0x4A46, 0x4A45,
  0x4245, 0x4245, 0x4A86, 0x4AA7, 0x4AA7, 0x52A7, 0x5287, 0x4A45, 0x4225, 0x4224, 0x4204, 0x4225, 0x4245, 0x4246, 0x4266, 0x4266,
  0x4A66, 0x4A87, 0x4A87, 0x4A87, 0x4A87, 0x4A87, 0x4A66, 0x4A87, 0x4246, 0x3A04, 0x4225, 0x4225, 0x4246, 0x4266, 0x4246, 0x4245,
  0x2123, 0x18E2, 0x18E2, 0x10C2, 0x18C2, 0x18E2, 0x1903, 0x2103, 0x2983, 0x2123, 0x2123, 0x2983, 0x29A4, 0x31C4, 0x31A4, 0x2943,
  0x3184, 0x39A4, 0x3984, 0x3984, 0x3164, 0x3984, 0x49E5, 0x72C7, 0x7B07, 0x7AE7, 0x6AA6, 0x72C7, 0x72A6, 0x5205, 0x41A4, 0x5205,
  0x6265, 0x72C6, 0x6286, 0x39A4, 0x1924, 0x1986, 0x4247, 0x4AC9, 0x42CA, 0x4AEA, 0x4AEA, 0x634A, 0x73AA, 0x73CB, 0x73CB, 0x73CB,
  0x73AB, 0x73AB, 0x73AB, 0x7BAB, 0x7BCB, 0x7BEB, 0x840C, 0x8C4D, 0x946D, 0x946D, 0x946C, 0x944C, 0x944C, 0x8C0B, 0x83EB, 0x7BCA,
  0x7BAA, 0x6B6A, 0x6B6A, 0x52E9, 0x5B09, 0x4AC8, 0x3A48, 0x3248, 0x3248, 0x3248, 0x29E7, 0x29E7, 0x21E7, 0x21A6, 0x2185, 0x1965,
  0x1945, 0x1903, 0x1903, 0x10E3, 0x18C2, 0x3122, 0x3943, 0x3963, 0x4183, 0x49A4, 0x49A4, 0x51E4, 0x59E5, 0x5A25, 0x5A05, 0x6A45,
  0x9306, 0x4183, 0x3963, 0x3943, 0x4183, 0x49C4, 0x49C4, 0x59E4, 0x59E4, 0x5A04, 0x8B06, 0x52E9, 0x4AC8, 0x4267, 0x4247, 0x3A27,
  0x3207, 0x31C6, 0x2985, 0x2144, 0x1924, 0x1904, 0x10E3, 0x10A2, 0x10A2, 0x10A2, 0x1082, 0x1082, 0x0881, 0x10A2, 0x1965, 0x1986,
  0x21A7, 0x1986, 0x4AA9, 0x842C, 0x7C0C, 0x73CB, 0x7BEB, 0x5A45, 0x6A85, 0x7B06, 0x8B47, 0x8326, 0x5225, 0x72C6, 0x8327, 0x8B87,
  0x9387, 0x6265, 0x4A05, 0x5205, 0x8328, 0x9BCA, 0x8B68, 0x7B07, 0x4204, 0x5265, 0x4A05, 0x3984, 0x3984, 0x39A4, 0x3184, 0x3184,
  0x3163, 0x31A4, 0x39A4, 0x4205, 0x4225, 0x39E4, 0x3163, 0x5267, 0x8C0E, 0xB4D0, 0xDDB0, 0x4205, 0x41E4, 0x4A05, 0x4A25, 0x4A25,
  0x4A05, 0x4A05, 0x4A45, 0x5266, 0x5247, 0x4A26, 0x5A88, 0x5226, 0x4A05, 0x3984, 0x39A4, 0x5A47, 0x5246, 0x5246, 0x5A67, 0x5226,
  0x41C5, 0x4A05, 0x5265, 0x4A25, 0x6285, 0x62A5, 0x5224, 0x39C3, 0x5A44, 0x8367, 0x62C5, 0xA407, 0x5244, 0x5244, 0x9BA6, 0xA3E7,
  0xB428, 0x72C6, 0x72C5, 0x6AC5, 0x8346, 0x7B25, 0x9C07, 0x93C6, 0x8346, 0x7B05, 0x8B66, 0xAC07, 0xB447, 0x72E4, 0x8345, 0xAC08,
  0xCCCA, 0xC4EA, 0xD509, 0xDD6B, 0xCD09, 0xCD09, 0xD58B, 0xDDAD, 0xD56B, 0xCD29, 0xCD29, 0xD54A, 0xCD29, 0xCD08, 0xD549, 0xD569,
  0xBCA7, 0xD52D, 0xE5D2, 0xCD0F, 0xD530, 0xD550, 0xD570, 0xD571, 0xD570, 0xCD0F, 0xBCAE, 0xC4CE, 0xD52F, 0xDD90, 0xDDB1, 0xDD90,
  0xDD90, 0xDD70, 0xDD70, 0xDD90, 0xD570, 0xE5F2, 0xE5F2, 0xDD70, 0xDD70, 0xDD70, 0xDD91, 0xDD90, 0xDD90, 0xD570, 0xCD50, 0xCD30,
  0xBCCF, 0xB4AF, 0xB4CF, 0xB4CF, 0xB4AF, 0xA46F, 0x940E, 0x8BCE, 0x7B8D, 0x736D, 0x6B4D, 0x6B2D, 0x6B0C, 0x6B2A, 0x5AC9, 0x5AA8,
  0x5266, 0x4A25, 0x4A25, 0x4A25, 0x4225, 0x4245, 0x4224, 0x4204, 0x4225, 0x4225, 0x4245, 0x4A66, 0x4A66, 0x4A66, 0x4A66, 0x4A66,
  0x4A66, 0x4A86, 0x4A87, 0x4A66, 0x4A66, 0x4A66, 0x4246, 0x4225, 0x3A04, 0x4245, 0x4246, 0x4246, 0x4225, 0x4245, 0x4246, 0x4245,
  0x2123, 0x2143, 0x2143, 0x18E2, 0x2123, 0x2163, 0x2143, 0x2103, 0x2103, 0x18E2, 0x2103, 0x2143, 0x2963, 0x2983, 0x39C4, 0x31A4,
  0x31A4, 0x39A4, 0x3984, 0x39A4, 0x31A4, 0x3183, 0x3163, 0x3984, 0x5A45, 0x7AC6, 0x82E7, 0x72C6, 0x6A66, 0x72A6, 0x72A6, 0x8B27,
  0xBC69, 0xBC49, 0x8B48, 0x5205, 0x2144, 0x2186, 0x4247, 0x42A9, 0x42C9, 0x530A, 0x530A, 0x636B, 0x6B49, 0x7B89, 0x942B, 0x83EB,
  0x8C0B, 0x83EB, 0x83EB, 0x8BEB, 0x83EB, 0x83EB, 0x7BCB, 0x7BCB, 0x73CB, 0x73AB, 0x6B6A, 0x6B4A, 0x6B6A, 0x52E9, 0x42A8, 0x4AA9,
  0x4AC9, 0x4AC9, 0x3A88, 0x3A68, 0x3A88, 0x3A68, 0x2A28, 0x2207, 0x2A08, 0x2207, 0x21C6, 0x21A6, 0x21C6, 0x1986, 0x1965, 0x1965,
  0x1965, 0x1944, 0x1904, 0x1904, 0x1903, 0x18E3, 0x3123, 0x3123, 0x4163, 0x4184, 0x49A4, 0x49A4, 0x51E4, 0x51E4, 0x5A05, 0x6245,
  0x82C6, 0x49A4, 0x3963, 0x4183, 0x4183, 0x49A4, 0x59E4, 0x5A04, 0x59E4, 0x7A85, 0x7244, 0x0862, 0x10A2, 0x0861, 0x0861, 0x0861,
  0x0861, 0x0861, 0x0841, 0x0861, 0x1082, 0x18C3, 0x1944, 0x1924, 0x1903, 0x0882, 0x1082, 0x10A2, 0x10A2, 0x10C3, 0x1965, 0x19A6,
  0x21A7, 0x1986, 0x4AC9, 0x842C, 0x7C0C, 0x7BEC, 0x7BCB, 0x72A6, 0x7AE6, 0x9367, 0x8B47, 0x8B47, 0x6266, 0x5205, 0x7B06, 0x6265,
  0x41A5, 0x49E5, 0x72A7, 0x6AA7, 0x5A26, 0x5225, 0x39A4, 0x39A3, 0x39C4, 0x4A05, 0x5A45, 0x5205, 0x5205, 0x49E5, 0x41A4, 0x39A4,
  0x31A4, 0x3163, 0x3184, 0x41E5, 0x41C4, 0x41C4, 0x49E4, 0x3184, 0x2965, 0x4249, 0x8BCB, 0x5A65, 0x4A25, 0x4A25, 0x5246, 0x5246,
  0x5246, 0x5246, 0x4A25, 0x4204, 0x5267, 0x5267, 0x5A88, 0x5226, 0x4A05, 0x4A05, 0x41C4, 0x5226, 0x5A67, 0x5A46, 0x5226, 0x49E5,
  0x39C4, 0x39A4, 0x41E5, 0x5245, 0x6285, 0x5245, 0x41E4, 0x4A04, 0x49E4, 0x6AE5, 0x8366, 0x6AE5, 0x72C5, 0x6AA4, 0x5A64, 0xA3C6,
  0x93A6, 0x5A64, 0x5A64, 0x7B26, 0x6AC4, 0x7B45, 0x93E6, 0x9BE6, 0xAC47, 0x8B86, 0x72E5, 0x7B05, 0x8365, 0x93A6, 0x9BC6, 0x9BC6,
  0xBC88, 0xBC88, 0xBCA8, 0xCD09, 0xDD6A, 0xCD09, 0xCD08, 0xCD09, 0xCD29, 0xCD29, 0xCD29, 0xD549, 0xCD29, 0xCD08, 0xCD09, 0xCD08,
  0xC4C7, 0xB428, 0xE5B0, 0xE612, 0xCCEE, 0xD550, 0xD571, 0xD570, 0xD570, 0xD570, 0xCD2F, 0xC4EF, 0xC4CE, 0xC4EF, 0xCD2F, 0xD550,
  0xDD90, 0xDD90, 0xDD70, 0xDD90, 0xDD90, 0xDD90, 0xE5D1, 0xD54F, 0xDD70, 0xDDD1, 0xDD70, 0xDD70, 0xDD70, 0xDD90, 0xDD90, 0xE5B0,
  0xE5B1, 0xE5B1, 0xE5B0, 0xDD90, 0xD550, 0xCD2F, 0xBCAE, 0xA42E, 0x838C, 0x6B0C, 0x630D, 0x630D, 0x632D, 0x6B4E, 0x6B4D, 0x6B4D,
  0x6B0B, 0x62EB, 0x5AA9, 0x5268, 0x5288, 0x5267, 0x4A46, 0x4225, 0x3A05, 0x3A04, 0x4246, 0x4245, 0x4246, 0x4A66, 0x4A66, 0x4246,
  0x4246, 0x4225, 0x4245, 0x4245, 0x4225, 0x4205, 0x4225, 0x4225, 0x4245, 0x4245, 0x4245, 0x4225, 0x4225, 0x3A05, 0x3A05, 0x4225,
  0x18E3, 0x2123, 0x2143, 0x1903, 0x29A4, 0x29C4, 0x2143, 0x2123, 0x2963, 0x2143, 0x2143, 0x2143, 0x2943, 0x2963, 0x39C4, 0x39C4,
  0x39A4, 0x39A4, 0x39A4, 0x39C4, 0x39C4, 0x41E5, 0x72C6, 0x8327, 0x8B27, 0x8B27, 0x8307, 0x9BA8, 0x9367, 0x9347, 0x8306, 0x9347,
  0x8B47, 0x8307, 0x7AE7, 0x7AC7, 0x39E5, 0x1965, 0x3A48, 0x3AAA, 0x4B0A, 0x5B4A, 0x532A, 0x6BAB, 0x4AA8, 0x3248, 0x4AC9, 0x4289,
  0x4289, 0x42C9, 0x4AC9, 0x42C9, 0x42C9, 0x42C9, 0x4AC9, 0x4AC9, 0x52E9, 0x5309, 0x5309, 0x5B2A, 0x52E9, 0x42A8, 0x4AC9, 0x4AC9,
  0x52E9, 0x4AE9, 0x42A9, 0x3A89, 0x42A9, 0x42A9, 0x3248, 0x2A48, 0x2A28, 0x29E7, 0x21C7, 0x21C7, 0x21C6, 0x19A6, 0x1965, 0x1965,
  0x1945, 0x1924, 0x1903, 0x10E3, 0x10C3, 0x10C3, 0x1082, 0x3943, 0x4184, 0x3963, 0x4163, 0x51C4, 0x51C4, 0x51E4, 0x5A05, 0x6225,
  0x7A85, 0x49A4, 0x3943, 0x4983, 0x51C4, 0x51C4, 0x59E4, 0x5A04, 0x51E4, 0x8AE5, 0x3942, 0x0061, 0x1082, 0x1082, 0x1082, 0x1082,
  0x10A2, 0x10C2, 0x10A2, 0x10C2, 0x18E3, 0x1924, 0x2186, 0x21C6, 0x1965, 0x0881, 0x1082, 0x10A2, 0x10C3, 0x10E3, 0x1986, 0x19A6,
  0x21A7, 0x1986, 0x42A8, 0x7C0C, 0x7BEC, 0x7BEC, 0x840B, 0x72A6, 0x7286, 0x72C6, 0x72C6, 0x72A6, 0x5A45, 0x5A46, 0x8B66, 0x72E5,
  0x5A26, 0x5A46, 0x6246, 0x4A05, 0x41C4, 0x3163, 0x3983, 0x5265, 0x5265, 0x5245, 0x5A45, 0x5A46, 0x5225, 0x49E5, 0x41A4, 0x41C4,
  0x39E4, 0x31A4, 0x39A4, 0x41C4, 0x3984, 0x49E5, 0x5205, 0x3164, 0x1904, 0x29A7, 0x7309, 0x5225, 0x4A25, 0x4A25, 0x5246, 0x4A25,
  0x4205, 0x4A05, 0x39C4, 0x3183, 0x4A05, 0x4A06, 0x5247, 0x5A67, 0x5225, 0x5A46, 0x39C4, 0x41E5, 0x49E5, 0x5205, 0x5226, 0x41E5,
  0x39A4, 0x41E4, 0x6285, 0x6AA5, 0x6285, 0x5A65, 0x5A65, 0x4A24, 0x4A04, 0x4A24, 0x6AC4, 0x6AC4, 0x4A24, 0x7B05, 0x72E5, 0xAC26,
  0x6AC5, 0x5A64, 0x7B06, 0xAC69, 0x9386, 0x7B25, 0x8B65, 0x9BE6, 0xAC47, 0xA427, 0xAC27, 0xA3E7, 0x9BE7, 0xBCA8, 0xB488, 0xBCA8,
  0xBC87, 0xBCA8, 0xC4E9, 0xCD09, 0xDD6A, 0xDD8A, 0xD56A, 0xCD28, 0xCD08, 0xCD08, 0xC508, 0xD56B, 0xD54A, 0xCD08, 0xCD08, 0xCD09,
  0xC4A8, 0xAC07, 0xC48A, 0xDD8F, 0xDD91, 0xCCCD, 0xD570, 0xD570, 0xD550, 0xD550, 0xD550, 0xD550, 0xCCEF, 0xC4AE, 0xC4AE, 0xCCEE,
  0xD54F, 0xDD70, 0xDD70, 0xDD70, 0xDD70, 0xDD70, 0xD56F, 0xDD70, 0xDD90, 0xEE53, 0xEE54, 0xD570, 0xD52F, 0xD54F, 0xD56F, 0xDD70,
  0xDD90, 0xDD90, 0xDD90, 0xD570, 0xCD0F, 0xBCCF, 0xAC8E, 0xA44E, 0x9C2E, 0x9C0E, 0x9C2E, 0x940E, 0x83AD, 0x7B8D, 0x7B8D, 0x736D,
  0x6B2D, 0x6B4D, 0x630C, 0x630B, 0x6B2C, 0x6B2C, 0x6B0B, 0x62CA, 0x5A68, 0x5247, 0x4A06, 0x39E4, 0x39E4, 0x3A04, 0x39E4, 0x3A04,
  0x3A04, 0x39E4, 0x3A04, 0x39E4, 0x39E4, 0x4225, 0x4245, 0x4A66, 0x4246, 0x4245, 0x4225, 0x3A05, 0x3A04, 0x39E4, 0x39E4, 0x39E4,
  0x1903, 0x2143, 0x2123, 0x2964, 0x2983, 0x2143, 0x1923, 0x31A4, 0x39C4, 0x2143, 0x4205, 0x5245, 0x4A45, 0x31A4, 0x2983, 0x39C4,
  0x39C4, 0x39C5, 0x39C4, 0x41E5, 0x4205, 0x4A05, 0x8B48, 0x9368, 0x7B07, 0x6AA7, 0x6A86, 0x8327, 0x7AE7, 0x72C6, 0x6A86, 0x7AC7,
  0x72A7, 0x72A7, 0x72A7, 0x7AE7, 0x4205, 0x1986, 0x3A69, 0x42CA, 0x5B4A, 0x5B2A, 0x530A, 0x634A, 0x52E9, 0x42C9, 0x42A9, 0x42A9,
  0x4AC9, 0x4AC9, 0x4AE9, 0x530A, 0x532A, 0x5B4A, 0x634A, 0x5B2A, 0x5B4A, 0x532A, 0x5B4A, 0x5B4A, 0x4B0A, 0x4AE9, 0x4AE9, 0x4AA9,
  0x4AA8, 0x4288, 0x3A48, 0x3227, 0x3207, 0x29C6, 0x2185, 0x1965, 0x1944, 0x1904, 0x1903, 0x10E3, 0x10E3, 0x10C3, 0x10C2, 0x10A2,
  0x10A2, 0x10A2, 0x10A2, 0x10A2, 0x10A2, 0x10A2, 0x10A2, 0x2902, 0x18C2, 0x3143, 0x49A4, 0x51E4, 0x49A4, 0x51E4, 0x51E4, 0x5A25,
  0x7AA6, 0x51E4, 0x4163, 0x49A4, 0x49C4, 0x51C4, 0x59E4, 0x51E4, 0x6224, 0x82A5, 0x0881, 0x1082, 0x1082, 0x1082, 0x1082, 0x1082,
  0x1082, 0x10C2, 0x10E3, 0x10E3, 0x1903, 0x1904, 0x2185, 0x21A6, 0x1924, 0x1082, 0x10A2, 0x10C3, 0x10C3, 0x10E3, 0x1986, 0x19A6,
  0x21A7, 0x1986, 0x4AA8, 0x7C0C, 0x73EC, 0x7BEC, 0x7BEB, 0x6266, 0x6A86, 0x6AA6, 0x6286, 0x6266, 0x5A25, 0x51E5, 0x5A45, 0x5A25,
  0x5A26, 0x5205, 0x5205, 0x49E5, 0x5225, 0x5A66, 0x41E4, 0x4A25, 0x5245, 0x4A25, 0x4A05, 0x5A85, 0x5A66, 0x4A05, 0x39A4, 0x39A4,
  0x39A4, 0x39A4, 0x31A4, 0x39C4, 0x41C4, 0x41E4, 0x4A04, 0x3164, 0x2125, 0x29C8, 0x7B4A, 0x5245, 0x4A05, 0x4A05, 0x5225, 0x4204,
  0x41E4, 0x39A4, 0x49E5, 0x41A4, 0x4A05, 0x49E5, 0x5226, 0x5246, 0x5246, 0x5226, 0x3184, 0x39C4, 0x39C4, 0x4A05, 0x5246, 0x4A25,
  0x5245, 0x6AC5, 0x8B86, 0x5244, 0x5A85, 0x5A65, 0x4A24, 0x5A64, 0x4A04, 0x41E4, 0x5A64, 0x9BC6, 0x62A5, 0x8B86, 0x62A5, 0x62A5,
  0x5A84, 0x8346, 0x7305, 0x4A24, 0x93A7, 0x8346, 0x9C07, 0x8345, 0x7B25, 0xAC47, 0xAC68, 0xAC68, 0xCD09, 0xC4E9, 0xC4E9, 0xC4E9,
  0xCD09, 0xCD09, 0xCD29, 0xCD29, 0xD54A, 0xD56A, 0xD56A, 0xDDCC, 0xDDAB, 0xD54A, 0xC508, 0xC509, 0xC4E8, 0xCD49, 0xCD08, 0xB487,
  0xAC46, 0xAC26, 0xC488, 0xCD0C, 0xEE54, 0xCCED, 0xD52F, 0xD550, 0xD550, 0xD570, 0xD54F, 0xD54F, 0xCD2F, 0xC4AE, 0xC4AE, 0xC4AE,
  0xC4CE, 0xCCEE, 0xD52F, 0xD550, 0xD570, 0xD54F, 0xDD4F, 0xDD6F, 0xDD4F, 0xD54E, 0xD54F, 0xD56F, 0xE5F2, 0xDDB1, 0xDD6F, 0xDD90,
  0xDD6F, 0xDD4F, 0xDD70, 0xDD90, 0xE5B0, 0xE5D1, 0xE5D0, 0xE5D0, 0xE5B0, 0xE5B0, 0xCD2F, 0xC50F, 0xB4AF, 0x9C2E, 0x93ED, 0x7B8D,
  0x6B4D, 0x632D, 0x632D, 0x632D, 0x630C, 0x5AEC, 0x632C, 0x6B2B, 0x62E9, 0x62EB, 0x5AA9, 0x5A68, 0x4A06, 0x39A4, 0x41E4, 0x39C4,
  0x39E4, 0x31C4, 0x31C3, 0x3A04, 0x4A65, 0x4245, 0x4225, 0x4A66, 0x4246, 0x4A66, 0x4225, 0x4205, 0x4204, 0x4204, 0x4225, 0x4225,
  0x1923, 0x2143, 0x29A4, 0x2984, 0x18E2, 0x1903, 0x1903, 0x2123, 0x2123, 0x10C2, 0x2123, 0x4205, 0x5265, 0x31C4, 0x2963, 0x3183,
  0x41E5, 0x41E5, 0x41E5, 0x41E5, 0x41E5, 0x5206, 0x72A7, 0x72C7, 0x72C7, 0x72A7, 0x72C7, 0x72C7, 0x7AE7, 0x72A6, 0x72C6, 0x72C7,
  0x6AA7, 0x72A7, 0x72A7, 0x72A6, 0x41E5, 0x2186, 0x4A88, 0x4B0A, 0x5B4A, 0x5B2A, 0x4AC9, 0x52E9, 0x52C8, 0x42C9, 0x4AE9, 0x4AE9,
  0x4AC9, 0x42A9, 0x4288, 0x4AC9, 0x4AE9, 0x4AC9, 0x4288, 0x4268, 0x3A27, 0x31E6, 0x31C6, 0x2985, 0x2985, 0x2164, 0x2124, 0x1903,
  0x10E3, 0x10C2, 0x10C2, 0x10A2, 0x10A2, 0x10A2, 0x10A2, 0x10A2, 0x10A2, 0x10A2, 0x10A2, 0x10A2, 0x10A2, 0x10A2, 0x10A2, 0x10A2,
  0x10A2, 0x10A2, 0x10A2, 0x10A2, 0x10A2, 0x10A2, 0x10A2, 0x0882, 0x18E2, 0x4184, 0x49A4, 0x51C4, 0x49A4, 0x51E4, 0x51E4, 0x5A04,
  0x7AA6, 0x6A45, 0x4183, 0x49A3, 0x49A4, 0x51C4, 0x51E4, 0x51C4, 0x82C5, 0x6224, 0x0041, 0x1082, 0x1082, 0x1082, 0x1082, 0x10A2,
  0x10A2, 0x10A2, 0x10E3, 0x1903, 0x1903, 0x1944, 0x2165, 0x2165, 0x10C3, 0x1082, 0x10C3, 0x10E3, 0x10E4, 0x1104, 0x1986, 0x21A6,
  0x21C7, 0x1986, 0x4AA8, 0x7BEC, 0x73EC, 0x73EC, 0x840C, 0x5A66, 0x5225, 0x5225, 0x5205, 0x5205, 0x51E4, 0x5205, 0x49E5, 0x49C4,
  0x5205, 0x5205, 0x41C4, 0x41C4, 0x41C4, 0x41C4, 0x41C4, 0x49E5, 0x49E5, 0x49E4, 0x41E4, 0x4204, 0x41E4, 0x39A4, 0x3183, 0x39A4,
  0x39A4, 0x4225, 0x39E4, 0x39C4, 0x39C4, 0x41E4, 0x41E4, 0x3185, 0x2125, 0x29C8, 0x7B4A, 0x5225, 0x4204, 0x41E4, 0x39C4, 0x39C4,
  0x41C4, 0x39C4, 0x41C4, 0x41C4, 0x41E4, 0x4A05, 0x5226, 0x5226, 0x5226, 0x5A46, 0x39A4, 0x3183, 0x39A4, 0x39C3, 0x4205, 0x4A05,
  0x62A5, 0x5A64, 0x41E4, 0x41C4, 0x5A65, 0x5245, 0x72E5, 0x7B25, 0x5244, 0x39C4, 0x5A84, 0x7305, 0x8346, 0x5A84, 0x4A04, 0x6AC5,
  0x8B85, 0xA427, 0xA447, 0x62C5, 0x72E5, 0x7305, 0x93C6, 0x93C6, 0x9BE6, 0x8BA6, 0xA426, 0xA426, 0xBCC8, 0xBCC8, 0xC4C8, 0xC4E9,
  0xCD09, 0xCD29, 0xD54A, 0xD54A, 0xCD49, 0xCD29, 0xCD29, 0xD549, 0xD56A, 0xD54A, 0xD549, 0xC4E8, 0xC4E7, 0xCD08, 0xCD29, 0xBCC7,
  0xA3E5, 0xA3C5, 0xBC29, 0xC48B, 0xE5F1, 0xD52F, 0xD52F, 0xCD2F, 0xD52F, 0xD550, 0xD550, 0xD52F, 0xCD0F, 0xC4CE, 0xC4CE, 0xC4AE,
  0xC4AD, 0xC4CE, 0xCCEE, 0xD54F, 0xD570, 0xD570, 0xDD6F, 0xDD4F, 0xD54F, 0xD54F, 0xD52F, 0xD52F, 0xE613, 0xF6F7, 0xE613, 0xD52F,
  0xDD4F, 0xDD4F, 0xD52E, 0xD52F, 0xDD4F, 0xDD4F, 0xDD70, 0xDD70, 0xDD90, 0xDD6F, 0xCD2F, 0xC4EF, 0xBCCF, 0xAC6E, 0xA44E, 0x9C2D,
  0x838D, 0x83AD, 0x736D, 0x6B2C, 0x6B2C, 0x6B2C, 0x632D, 0x630C, 0x5B0C, 0x5AEC, 0x5AEB, 0x630B, 0x5268, 0x5247, 0x5247, 0x4A27,
  0x41C5, 0x41E5, 0x41E5, 0x4A25, 0x4225, 0x3A04, 0x4245, 0x4225, 0x4245, 0x3A04, 0x31A3, 0x4204, 0x4A45, 0x4245, 0x4246, 0x4A66,
  0x18E2, 0x18C2, 0x2123, 0x1923, 0x1903, 0x18E2, 0x18E2, 0x1903, 0x1903, 0x2123, 0x2963, 0x2963, 0x31A4, 0x31C4, 0x31A4, 0x3163,
  0x3184, 0x39A5, 0x41C5, 0x41C5, 0x39A5, 0x5226, 0x7AE7, 0x72C7, 0x72C7, 0x6AA6, 0x6AA6, 0x72C7, 0x72A6, 0x72C7, 0x7B07, 0x72A7,
  0x6A86, 0x6266, 0x5A46, 0x49E5, 0x2144, 0x2185, 0x5287, 0x532A, 0x5B2A, 0x530A, 0x4AC9, 0x530A, 0x4226, 0x1924, 0x2144, 0x2144,
  0x1923, 0x1903, 0x10E3, 0x10C2, 0x10A2, 0x10A2, 0x10A2, 0x1082, 0x0882, 0x0882, 0x0882, 0x0882, 0x0882, 0x0882, 0x1082, 0x10A2,
  0x10A2, 0x10A2, 0x10A2, 0x10A2, 0x10C2, 0x10C2, 0x10C2, 0x10C2, 0x10C2, 0x10C2, 0x10C3, 0x10C2, 0x10C2, 0x10A2, 0x10A2, 0x10A2,
  0x10A2, 0x10A2, 0x10A2, 0x10A2, 0x10A2, 0x10A2, 0x10A2, 0x10A2, 0x2903, 0x3963, 0x4183, 0x49A4, 0x49A4, 0x51E4, 0x5204, 0x5A25,
  0x6245, 0x6A65, 0x49A4, 0x4183, 0x49A4, 0x51C4, 0x51E4, 0x5A04, 0x9306, 0x3122, 0x0061, 0x1082, 0x1082, 0x1082, 0x10A2, 0x10A2,
  0x10A2, 0x10A2, 0x10A2, 0x10E3, 0x1103, 0x2165, 0x3228, 0x2A28, 0x10E3, 0x10A2, 0x10E3, 0x10E3, 0x1104, 0x1104, 0x1986, 0x21A6,
  0x21C7, 0x19A6, 0x42A9, 0x73CC, 0x73AB, 0x6BAB, 0x840C, 0x5A65, 0x49E4, 0x5204, 0x6265, 0x5A44, 0x41A4, 0x72E4, 0x6244, 0x49E5,
  0x49E5, 0x5205, 0x49E5, 0x4A04, 0x5244, 0x41E4, 0x49E5, 0x4A05, 0x4A05, 0x41A4, 0x41E4, 0x39E4, 0x31A3, 0x3183, 0x4225, 0x4204,
  0x31A4, 0x39E4, 0x39C4, 0x39C4, 0x39A3, 0x31A3, 0x39A3, 0x3185, 0x2166, 0x29E8, 0x7B4A, 0x4A04, 0x39C4, 0x3983, 0x39A4, 0x31A3,
  0x41C4, 0x41E4, 0x41C4, 0x41C4, 0x41E4, 0x41E4, 0x41E5, 0x4A05, 0x41C5, 0x4A04, 0x41E4, 0x5A87, 0x41E4, 0x39C3, 0x4204, 0x41E4,
  0x41E4, 0x3183, 0x3183, 0x41E4, 0x72E6, 0x4A25, 0x5A65, 0x5A44, 0x4204, 0x5264, 0x7B25, 0x4A44, 0x4A24, 0x4A04, 0x5244, 0x8346,
  0x8366, 0x7B45, 0xBCA7, 0xAC27, 0x8365, 0x9BE6, 0xAC67, 0xB467, 0xB467, 0xB487, 0xBCA8, 0xB487, 0xB4A7, 0xBCA8, 0xB488, 0xBCA8,
  0xBCC8, 0xBCC8, 0xCD09, 0xC4C8, 0xC4C8, 0xC4E8, 0xCD08, 0xC4E8, 0xBCC7, 0xB487, 0xBC87, 0xCD28, 0xD549, 0xC4C8, 0xC508, 0x9BC5,
  0xABC5, 0xB429, 0xC48C, 0xDDB0, 0xEE94, 0xCCEE, 0xCCEE, 0xCCEE, 0xCCEE, 0xCD0F, 0xCD0E, 0xCD0F, 0xCD0F, 0xCD0F, 0xC4CE, 0xC4AD,
  0xBC6C, 0xC4AD, 0xC4AD, 0xCD0E, 0xD54F, 0xD54F, 0xD54F, 0xD54F, 0xD54F, 0xD54F, 0xD54F, 0xD54F, 0xD52F, 0xD54F, 0xDDB0, 0xDDB0,
  0xD50E, 0xDD6F, 0xDD70, 0xDD4F, 0xDD4F, 0xDD4F, 0xDD4F, 0xDD6F, 0xE590, 0xDD8F, 0xDD8F, 0xE58F, 0xE5B0, 0xEDD0, 0xEDD0, 0xE5B0,
  0xD54F, 0xD54F, 0xC50F, 0xB48E, 0x93CC, 0x836B, 0x7B4B, 0x6B0C, 0x5B0C, 0x5AEC, 0x5AEC, 0x5AEB, 0x5AEB, 0x630C, 0x5AEB, 0x5ACB,
  0x5AAA, 0x5A8A, 0x5A68, 0x5206, 0x4A06, 0x4205, 0x39C4, 0x31A3, 0x31A3, 0x3183, 0x39E4, 0x4245, 0x4266, 0x4A66, 0x4245, 0x3A04,
  0x18E2, 0x10C2, 0x18E2, 0x2163, 0x2123, 0x2103, 0x2964, 0x2944, 0x2984, 0x2984, 0x31A4, 0x2963, 0x3184, 0x31A4, 0x3184, 0x3184,
  0x3184, 0x3984, 0x39A5, 0x62A6, 0x7326, 0x41C4, 0x5205, 0x6246, 0x6266, 0x6266, 0x6A66, 0x7AE7, 0x6AA6, 0x6A86, 0x72C7, 0x6AA6,
  0x6266, 0x5A46, 0x5A46, 0x5A46, 0x39E5, 0x2185, 0x4A88, 0x530A, 0x4AEA, 0x4AEA, 0x42C9, 0x532A, 0x39E5, 0x0021, 0x0861, 0x0861,
  0x10E3, 0x1903, 0x1923, 0x10E3, 0x10A2, 0x10A2, 0x10A2, 0x10A2, 0x10A2, 0x0882, 0x0882, 0x0882, 0x08A2, 0x10C2, 0x10A2, 0x10C2,
  0x10C2, 0x10C2, 0x10C2, 0x10A2, 0x10A2, 0x10C2, 0x10C2, 0x10C2, 0x10A2, 0x10C2, 0x10C2, 0x10A2, 0x10A2, 0x10A2, 0x10A2, 0x10A2,
  0x10A2, 0x10A2, 0x10A2, 0x10A2, 0x10A2, 0x10A2, 0x10A2, 0x10A2, 0x1082, 0x2923, 0x49A4, 0x3963, 0x49C4, 0x51E4, 0x51E4, 0x5A25,
  0x6225, 0x6A65, 0x51E4, 0x4183, 0x49A4, 0x51C4, 0x59E4, 0x6A45, 0x82C5, 0x1081, 0x1082, 0x1082, 0x10A2, 0x10A2, 0x10A2, 0x10A2,
  0x10A2, 0x10A2, 0x10A2, 0x10E3, 0x1124, 0x2165, 0x4268, 0x2A28, 0x1903, 0x10C2, 0x10E3, 0x10E3, 0x1104, 0x1104, 0x1986, 0x21A6,
  0x29A6, 0x21A6, 0x4289, 0x73CC, 0x638B, 0x636B, 0x73AB, 0x5A45, 0x6265, 0x5224, 0x6285, 0x7B05, 0x6285, 0x7B25, 0x6265, 0x41A5,
  0x41C5, 0x49E5, 0x41C4, 0x7B47, 0x83A7, 0x5265, 0x5A65, 0x6AE6, 0x6AA6, 0x4A25, 0x4204, 0x39C4, 0x39C4, 0x4204, 0x5266, 0x4205,
  0x31A4, 0x31A4, 0x3184, 0x39C4, 0x39C4, 0x39C3, 0x39E3, 0x2985, 0x2166, 0x2A09, 0x7B6B, 0x4A04, 0x3183, 0x2943, 0x4A05, 0x41E5,
  0x39A4, 0x5A87, 0x6AC9, 0x6AE9, 0x41E5, 0x41C4, 0x41E5, 0x39C4, 0x39A4, 0x3183, 0x4226, 0x5AA8, 0x5287, 0x4205, 0x4A04, 0x6285,
  0x4204, 0x31C3, 0x39C4, 0x4204, 0x62C6, 0x62A6, 0x5245, 0x5244, 0x39C4, 0x5244, 0x6284, 0x5264, 0x62A5, 0x6AC5, 0x5265, 0x4A44,
  0x4A24, 0x5A84, 0x7B25, 0xB487, 0xA426, 0xBCA8, 0xBCC8, 0xC509, 0xC4E8, 0xCD29, 0xCD09, 0xCD08, 0xC4E8, 0xC4E9, 0xCD29, 0xD529,
  0xCD29, 0xC4E8, 0xCD08, 0xC4E8, 0xBCC8, 0xB487, 0xC4C8, 0xBCC7, 0xAC47, 0xBCC8, 0xA426, 0xA406, 0xBCC7, 0xAC47, 0x93C5, 0xB446,
  0xBC06, 0xCCAC, 0xC4AC, 0xDDB0, 0xCCEE, 0xC48C, 0xCCCE, 0xCCEE, 0xCD0E, 0xCD0F, 0xCD0F, 0xCD0F, 0xCCEF, 0xC4AE, 0xC48D, 0xBC8D,
  0xC48D, 0xC4AD, 0xC4AD, 0xCCCD, 0xD52F, 0xD52F, 0xD54F, 0xD54F, 0xD54F, 0xD54F, 0xDD6F, 0xE590, 0xDD6F, 0xDD4E, 0xDD6F, 0xF6F6,
  0xE613, 0xCCEE, 0xCD0F, 0xCD0E, 0xCD0F, 0xD52F, 0xDD4F, 0xDD4F, 0xD50E, 0xD54E, 0xDD6F, 0xDD4F, 0xBCAD, 0x93CC, 0x7B8C, 0x734C,
  0x734B, 0x732B, 0x734B, 0x732C, 0x6B0C, 0x6AEB, 0x6B0B, 0x630C, 0x5B0C, 0x5AEC, 0x5B0C, 0x5B0C, 0x5AEC, 0x5AAB, 0x528A, 0x5AEB,
  0x62CA, 0x5A88, 0x5A88, 0x5227, 0x5206, 0x4A06, 0x41C5, 0x3183, 0x3183, 0x31C4, 0x4245, 0x4A66, 0x4A87, 0x4245, 0x3A04, 0x4204,
  0x1903, 0x18C2, 0x18C2, 0x1923, 0x10A2, 0x2102, 0x4A05, 0x2123, 0x39C4, 0x4A45, 0x3A04, 0x39C4, 0x2143, 0x2963, 0x39A4, 0x39C5,
  0x39C5, 0x39C5, 0x39A5, 0x5245, 0x6AE5, 0x41C5, 0x5225, 0x5A25, 0x6A86, 0x6A86, 0x72C7, 0x7AE7, 0x5A45, 0x5A45, 0x6266, 0x6266,
  0x6AA7, 0x6AA7, 0x72C7, 0x7AE8, 0x41E5, 0x2186, 0x3A68, 0x42C9, 0x42A9, 0x4ACA, 0x42A9, 0x4AEA, 0x31A5, 0x0861, 0x10C2, 0x1082,
  0x1924, 0x1965, 0x2185, 0x1924, 0x10A2, 0x10A2, 0x10A2, 0x08A2, 0x10C2, 0x3143, 0x49A3, 0x4163, 0x18E2, 0x08A2, 0x10A2, 0x10A2,
  0x10C2, 0x10C2, 0x10A2, 0x10A2, 0x10C2, 0x10C2, 0x10C2, 0x10C2, 0x10C2, 0x10C2, 0x10C2, 0x10C2, 0x10A2, 0x10A2, 0x10A2, 0x10A2,
  0x10A2, 0x10A2, 0x10A2, 0x10A2, 0x10A2, 0x10A2, 0x10A2, 0x10A2, 0x10A2, 0x3123, 0x4163, 0x4183, 0x51E4, 0x51C4, 0x51E4, 0x5A05,
  0x5A25, 0x7AA5, 0x6A45, 0x49A4, 0x49A4, 0x51C4, 0x5A04, 0x7AA5, 0x6204, 0x0041, 0x10A2, 0x1082, 0x10A2, 0x10A2, 0x10A2, 0x10A2,
  0x10A2, 0x10A2, 0x10A2, 0x10E3, 0x1945, 0x2165, 0x3A48, 0x2A28, 0x1103, 0x10C3, 0x10E3, 0x1104, 0x1104, 0x1904, 0x19A6, 0x21A6,
  0x21A6, 0x1986, 0x42A9, 0x6BAC, 0x638B, 0x636B, 0x73AA, 0x5245, 0x5A44, 0x5224, 0x4A04, 0x6AC5, 0x72E5, 0x5A65, 0x5A45, 0x8327,
  0x5A46, 0x5225, 0x4A05, 0x5245, 0x5265, 0x5245, 0x5265, 0x72E6, 0x5A66, 0x4A45, 0x4A86, 0x4A45, 0x5AA6, 0x4A25, 0x4225, 0x39E4,
  0x4205, 0x4225, 0x39E4, 0x31A3, 0x31A3, 0x2983, 0x3183, 0x2964, 0x2166, 0x29E8, 0x734A, 0x41E4, 0x2983, 0x31A3, 0x5246, 0x4A25,
  0x39A4, 0x5A87, 0x5226, 0x5A67, 0x5226, 0x39C4, 0x4205, 0x4205, 0x4205, 0x31C4, 0x4A67, 0x5287, 0x5287, 0x41E4, 0x39A4, 0x5265,
  0x5A64, 0x39E4, 0x39E4, 0x5265, 0x39E4, 0x5265, 0x4204, 0x39E4, 0x39C3, 0x39C3, 0x39C3, 0x7B25, 0x6AE5, 0x5A85, 0x62C5, 0x5264,
  0x4A24, 0x5244, 0x5244, 0x7B45, 0x8366, 0x8BA6, 0x93C6, 0xB488, 0xC4E8, 0xC508, 0xC4E8, 0xC4E8, 0xBCC8, 0xC4E9, 0xCD29, 0xBCC8,
  0xC4E8, 0xC4E8, 0xCD09, 0xCD28, 0xCD08, 0xC4E8, 0xC4C8, 0xB487, 0xB467, 0xBCC8, 0xCD28, 0xA446, 0x9BE5, 0x93A5, 0x8303, 0xBBE6,
  0xC48B, 0xC4AC, 0xE633, 0xE633, 0xC46C, 0xC4AD, 0xC4CE, 0xCCEE, 0xCCEF, 0xCCEF, 0xCCEF, 0xCCEE, 0xCCEE, 0xC4AD, 0xC4AD, 0xC4AD,
  0xC4CE, 0xCCCD, 0xCCCD, 0xCCEE, 0xCD0E, 0xCD0E, 0xCD0F, 0xD54F, 0xD54F, 0xD52E, 0xBCAE, 0xAC6D, 0x9BEC, 0x93EC, 0x8B8B, 0x8BAC,
  0xBCF0, 0x8BAC, 0x6AEB, 0x732B, 0x732B, 0x7B4B, 0x838C, 0x838C, 0x7B4B, 0x836B, 0x93CC, 0xAC2C, 0xB46D, 0x93CC, 0x8B8B, 0x730B,
  0x5AAA, 0x5AAA, 0x5ACB, 0x5ACB, 0x52AB, 0x52AB, 0x52AB, 0x5ACB, 0x5AEC, 0x5AEC, 0x5AEC, 0x5AEC, 0x5AEC, 0x5ACC, 0x5ACB, 0x5AAB,
  0x528A, 0x5269, 0x62EB, 0x6B4D, 0x62CA, 0x4A27, 0x4A07, 0x4A06, 0x49C5, 0x41C4, 0x4205, 0x4204, 0x4245, 0x39E4, 0x4204, 0x4224,
  0x2123, 0x18E2, 0x2123, 0x2143, 0x10A1, 0x10A2, 0x18E3, 0x18E2, 0x18E2, 0x2983, 0x31C4, 0x2963, 0x2143, 0x39A4, 0x5A45, 0x41C5,
  0x41C5, 0x39A4, 0x3184, 0x39A5, 0x31A4, 0x41C4, 0x5205, 0x5A25, 0x5A46, 0x6266, 0x6A86, 0x6A86, 0x5205, 0x6266, 0x6AA7, 0x6A87,
  0x6286, 0x6286, 0x5A46, 0x41C5, 0x1923, 0x2185, 0x3A48, 0x42A9, 0x42A9, 0x42CA, 0x3A89, 0x42A9, 0x2164, 0x0882, 0x10E3, 0x10A2,
  0x1944, 0x2165, 0x21A6, 0x1924, 0x1082, 0x10A2, 0x10A2, 0x2102, 0x51C3, 0x7224, 0x61E4, 0x6A24, 0x7265, 0x2923, 0x0882, 0x10C2,
  0x10C2, 0x10A2, 0x10A2, 0x10C2, 0x10C2, 0x10C3, 0x10C3, 0x10C3, 0x10C3, 0x10C2, 0x10C2, 0x10C2, 0x10C2, 0x10C2, 0x10A2, 0x10A2,
  0x10A2, 0x10A2, 0x10A2, 0x10A2, 0x10A2, 0x10A2, 0x10A2, 0x10A2, 0x0882, 0x20E2, 0x4183, 0x4984, 0x51C4, 0x51C4, 0x51E4, 0x5A05,
  0x5A05, 0x82C6, 0x8AE6, 0x51C4, 0x4183, 0x51C4, 0x59E4, 0x82C5, 0x2923, 0x0862, 0x10A2, 0x10A2, 0x10A2, 0x10A2, 0x10A2, 0x10A2,
  0x10A2, 0x10A2, 0x10A2, 0x10E3, 0x1945, 0x2165, 0x3248, 0x2A48, 0x1904, 0x10C3, 0x1104, 0x1104, 0x1104, 0x1924, 0x21A6, 0x21A6,
  0x21C7, 0x1986, 0x4AC9, 0x73AB, 0x6B8B, 0x6BAB, 0x7BAA, 0x5204, 0x49C3, 0x5204, 0x5A44, 0x5A64, 0x49E4, 0x4A04, 0x41C4, 0x49C4,
  0x41A4, 0x4A05, 0x5245, 0x41C4, 0x41E4, 0x4A45, 0x62A6, 0x39C4, 0x39A4, 0x5A86, 0x62C6, 0x5A86, 0x5265, 0x4A25, 0x41E4, 0x4204,
  0x4225, 0x4204, 0x39C4, 0x3183, 0x3183, 0x2983, 0x3183, 0x2964, 0x2146, 0x29E8, 0x6B09, 0x41E4, 0x39C4, 0x39C4, 0x39C4, 0x4205,
  0x4A05, 0x4204, 0x39E4, 0x41E4, 0x5224, 0x62A5, 0x62A5, 0x4225, 0x4225, 0x31C4, 0x39E4, 0x39E5, 0x4205, 0x39C4, 0x4205, 0x39E4,
  0x31A3, 0x4A24, 0x5265, 0x39E4, 0x4204, 0x4204, 0x39E4, 0x5A84, 0x5A84, 0x4204, 0x4A24, 0x62A5, 0x62C5, 0x5264, 0x62C5, 0x6AE5,
  0x5AA4, 0x9BE7, 0x93A6, 0x6AE5, 0x5AA4, 0x6AC5, 0x6AC5, 0x7B25, 0x8366, 0x9BE6, 0xA427, 0xAC67, 0xA447, 0xA447, 0xA426, 0xA446,
  0xAC46, 0xB467, 0xBCA7, 0xBCA7, 0xC4E7, 0xC4E7, 0xC4C7, 0xC4C7, 0xB487, 0xA406, 0xBCA7, 0xC4E7, 0x8B65, 0x9B86, 0xBC29, 0xC46B,
  0xC4CD, 0xEE32, 0xEE53, 0xC4AD, 0xCD0E, 0xCD0E, 0xCD0F, 0xD50F, 0xD50E, 0xCD0E, 0xCCEE, 0xCD0F, 0xC4EE, 0xB48D, 0xA42D, 0x9BEC,
  0xA40C, 0x9BEC, 0x838C, 0x836B, 0x838C, 0x8BAC, 0x8B8C, 0xA40D, 0xB46D, 0xAC0C, 0x8B8B, 0x834B, 0x8B6B, 0x836B, 0x7B4C, 0x732B,
  0x93ED, 0x93ED, 0x62EB, 0x6AEB, 0x730B, 0x7B2B, 0x732B, 0x730B, 0x730B, 0x6B0B, 0x7B4B, 0x7B4B, 0x7B2B, 0x7B4B, 0x836B, 0x938A,
  0x730A, 0x62CA, 0x62CA, 0x6AEA, 0x7B4B, 0x730A, 0x7B4B, 0x834B, 0x7B4B, 0x7B4B, 0x732B, 0x62CB, 0x5AAB, 0x52AB, 0x52AA, 0x5AAA,
  0x5ACB, 0x52AB, 0x52AA, 0x5ACA, 0x52AA, 0x5289, 0x5ACA, 0x4207, 0x4207, 0x5248, 0x5A47, 0x5A47, 0x4A05, 0x3183, 0x31A3, 0x3183,
  0x18E2, 0x18E2, 0x2963, 0x29A4, 0x2123, 0x18E2, 0x18E2, 0x1903, 0x18C2, 0x2123, 0x2963, 0x2963, 0x2963, 0x3184, 0x5225, 0x4A05,
  0x7305, 0x9BE5, 0x41C4, 0x39A4, 0x39A4, 0x5A65, 0x6AA6, 0x5A46, 0x6A86, 0x6AA6, 0x72C7, 0x6AA6, 0x5A45, 0x5225, 0x6266, 0x5A46,
  0x5A25, 0x5A46, 0x5A25, 0x2943, 0x1103, 0x2186, 0x4247, 0x42A9, 0x42A9, 0x42A9, 0x3A69, 0x42A9, 0x2165, 0x0861, 0x1904, 0x1924,
  0x2165, 0x29E7, 0x3A48, 0x2165, 0x1082, 0x0882, 0x20C2, 0x3943, 0x3943, 0x10A2, 0x0882, 0x0062, 0x20E2, 0x51C4, 0x10A2, 0x08A2,
  0x10A2, 0x10C3, 0x10C2, 0x10C3, 0x10C3, 0x10C3, 0x10C3, 0x10C3, 0x10C3, 0x10C2, 0x10C2, 0x10C2, 0x10C3, 0x10C3, 0x10C2, 0x10C2,
  0x10C3, 0x10C2, 0x10C2, 0x10A2, 0x10A2, 0x10A2, 0x10A2, 0x10A2, 0x10A2, 0x18C2, 0x4163, 0x49A4, 0x49C4, 0x51C4, 0x51E4, 0x5A05,
  0x5A05, 0x7265, 0x9B26, 0x6A45, 0x4163, 0x51C4, 0x6204, 0x7265, 0x0882, 0x10A2, 0x10A2, 0x10A2, 0x10A2, 0x10A2, 0x10A2, 0x10A2,
  0x10A2, 0x10C3, 0x10A2, 0x10E3, 0x1945, 0x1965, 0x3A69, 0x3A69, 0x1904, 0x10E3, 0x1104, 0x1124, 0x1104, 0x1924, 0x21A6, 0x21A6,
  0x21C7, 0x21A6, 0x4288, 0x73AB, 0x6B8B, 0x6B8B, 0x7BAA, 0x5204, 0x5204, 0x5204, 0x5A45, 0x5A65, 0x5244, 0x5245, 0x6245, 0x3163,
  0x3983, 0x41C3, 0x4204, 0x5244, 0x7326, 0x7B47, 0x62A5, 0x3183, 0x41E4, 0x62A5, 0x5A85, 0x5245, 0x39C4, 0x4204, 0x41E4, 0x39C4,
  0x2963, 0x3183, 0x39A3, 0x4224, 0x4A25, 0x4204, 0x31A3, 0x2144, 0x2146, 0x2A08, 0x6B2A, 0x41E4, 0x31A3, 0x4204, 0x5265, 0x41E4,
  0x4204, 0x31A3, 0x39E4, 0x4204, 0x4A04, 0x4A04, 0x4A23, 0x4A65, 0x4245, 0x39E4, 0x4225, 0x4225, 0x5287, 0x5B09, 0x4A87, 0x31C3,
  0x4A65, 0x5AA6, 0x4A45, 0x4224, 0x4A45, 0x4A45, 0x5A64, 0x72E5, 0x6AC4, 0x5264, 0x4A24, 0x4A44, 0x5AA5, 0x6AC5, 0x7B25, 0x93C6,
  0xA447, 0xB487, 0xAC47, 0xAC47, 0x8BA6, 0x9BE6, 0x8B86, 0x6AE5, 0x5A84, 0x62C5, 0x6AE5, 0x93C6, 0x8366, 0x7B25, 0x8345, 0x8365,
  0x8B85, 0xA406, 0x9BE6, 0x93C6, 0xB467, 0xB467, 0xC4C7, 0xBCC7, 0xB487, 0x7B04, 0x8B64, 0x9BA5, 0xABC6, 0xBC08, 0xBC6B, 0xBC4B,
  0xDDD0, 0xE611, 0xBC8C, 0xBC6C, 0xBCAE, 0xBCAE, 0xB48D, 0xAC4D, 0x9C0C, 0x93CC, 0x8BAC, 0x8BAC, 0x8BAC, 0x7B4C, 0x6B0B, 0x62EB,
  0x62EB, 0x62CA, 0x6AEA, 0x62EB, 0x62EB, 0x6B0B, 0x6B0B, 0x6B0B, 0x834B, 0x93AB, 0x93AB, 0x836B, 0x7B2B, 0x7B2B, 0x730B, 0x62EA,
  0x62EA, 0xB4CF, 0x9C4E, 0x62CB, 0x6AEB, 0x6AEB, 0x6B0B, 0x62EB, 0x62CB, 0x5ACB, 0x5ACB, 0x5ACB, 0x5AAB, 0x52AB, 0x5AAA, 0x838B,
  0xAC2C, 0x8B6A, 0x5AA9, 0x5A89, 0x62AA, 0x62EA, 0x5ACB, 0x5ACB, 0x5ACB, 0x62EB, 0x5ACB, 0x62CA, 0x5AAB, 0x52AB, 0x52AB, 0x52AB,
  0x52AB, 0x52AB, 0x528A, 0x5269, 0x4A49, 0x528A, 0x6B2C, 0x6B2C, 0x5AAA, 0x5268, 0x5247, 0x4A06, 0x49E5, 0x41A4, 0x3184, 0x39A4,
  0x10C2, 0x18C2, 0x1902, 0x2963, 0x39E4, 0x2984, 0x2984, 0x2984, 0x1903, 0x2963, 0x2963, 0x2963, 0x2943, 0x3184, 0x39A4, 0x41C4,
  0x41C4, 0x5A84, 0x39C4, 0x39A5, 0x41E5, 0x62A6, 0x8BA8, 0x7AE7, 0x72E7, 0x6AA7, 0x6266, 0x6266, 0x5225, 0x4A05, 0x6266, 0x6266,
  0x5A66, 0x6A86, 0x6A87, 0x5A66, 0x2985, 0x2186, 0x3A48, 0x42A9, 0x4289, 0x3A68, 0x3A48, 0x4AA9, 0x2985, 0x0861, 0x1103, 0x1945,
  0x2165, 0x3227, 0x3A89, 0x2165, 0x0861, 0x20C2, 0x20E2, 0x20E2, 0x08A2, 0x0882, 0x10A2, 0x18E3, 0x10C2, 0x2923, 0x4183, 0x49A4,
  0x2103, 0x08A2, 0x08A2, 0x08A2, 0x10C3, 0x10C3, 0x10C3, 0x10C3, 0x10C3, 0x10C3, 0x10C3, 0x10C3, 0x10C3, 0x10C3, 0x10C3, 0x10C3,
  0x10C3, 0x10C3, 0x10C2, 0x10C2, 0x10C2, 0x10C2, 0x10C2, 0x10A2, 0x10A2, 0x10A2, 0x3943, 0x4184, 0x49A4, 0x51C4, 0x51C4, 0x5A05,
  0x5A05, 0x6225, 0x82C6, 0x82E6, 0x49A4, 0x51C4, 0x7265, 0x51C4, 0x0862, 0x10C2, 0x10A2, 0x10A2, 0x10A2, 0x10C2, 0x10A2, 0x10A2,
  0x10A2, 0x10C3, 0x10C3, 0x10E3, 0x1945, 0x1965, 0x3A68, 0x42A9, 0x1924, 0x10C3, 0x1104, 0x1124, 0x1104, 0x1924, 0x21A6, 0x21A6,
  0x29C6, 0x2186, 0x5288, 0x6B8B, 0x6B6A, 0x634A, 0x738A, 0x4A04, 0x5204, 0x41C4, 0x4A04, 0x72E5, 0x6AC5, 0x39A3, 0x6A86, 0x9367,
  0x39A3, 0x7B07, 0x9BE8, 0x5A85, 0x62A5, 0x62A6, 0x2902, 0x2943, 0x4A25, 0x39C4, 0x39E4, 0x4A24, 0x5244, 0x31A3, 0x3183, 0x3183,
  0x39A3, 0x39C4, 0x41E4, 0x39E4, 0x4204, 0x39C4, 0x31A3, 0x2124, 0x1925, 0x29E8, 0x62E9, 0x39C4, 0x31A3, 0x4A44, 0x6AE7, 0x5265,
  0x39C3, 0x4204, 0x4A65, 0x39E4, 0x31C3, 0x4225, 0x4A87, 0x4246, 0x4225, 0x4204, 0x39E4, 0x39E4, 0x4205, 0x4A65, 0x4A66, 0x4225,
  0x4A65, 0x5265, 0x5AA5, 0x5285, 0x4A65, 0x4A65, 0x5285, 0x6AE5, 0x7305, 0x6AC5, 0x5A85, 0x4A65, 0x5285, 0x5A85, 0x6AE5, 0x7B26,
  0x8BC6, 0x9BE6, 0x8386, 0x9C07, 0xAC67, 0xA427, 0xB487, 0x8BA6, 0x8386, 0x7B45, 0x6B05, 0x7346, 0x62C5, 0x5AA5, 0x5AA5, 0x62E5,
  0x7325, 0x6B05, 0x6AC4, 0x72E5, 0x7B45, 0x9C06, 0xBC86, 0xBCA7, 0x93C6, 0x6A83, 0x9345, 0xABA7, 0xB3E8, 0xABC8, 0xC4CD, 0xCD2F,
  0xB44B, 0xABCA, 0xAC2C, 0xB44C, 0xB46D, 0xB46D, 0xAC4D, 0xA3EC, 0x93CC, 0x93CC, 0x9BCC, 0x8B8C, 0x836B, 0x730B, 0x62CB, 0x62EB,
  0x62EB, 0x62CB, 0x62CA, 0x5AAA, 0x62EB, 0x6B0B, 0x732B, 0x6B0B, 0x6AEB, 0x6B0B, 0x62EB, 0x62CB, 0x62EB, 0x62CB, 0x62CA, 0x5ACA,
  0x62EB, 0x8BED, 0x83AD, 0x5ACB, 0x5ACB, 0x5ACB, 0x5ACB, 0x5ACB, 0x5ACB, 0x5ACB, 0x5AEB, 0x5AEB, 0x5ACB, 0x5AAB, 0x5AAB, 0x52AB,
  0x62CB, 0x6AEA, 0x5A89, 0x4A69, 0x4A69, 0x528A, 0x52AB, 0x528B, 0x52AB, 0x5AAA, 0x5ACB, 0x5ACB, 0x52AB, 0x52AB, 0x52AB, 0x52CB,
  0x52AB, 0x52AB, 0x528A, 0x528B, 0x526A, 0x4A48, 0x4A07, 0x5A89, 0x5A88, 0x5A47, 0x5247, 0x41E6, 0x41E5, 0x5205, 0x5205, 0x5205,
  0x10C2, 0x1903, 0x2143, 0x18E2, 0x31A4, 0x31A4, 0x2984, 0x31C4, 0x2103, 0x2163, 0x2963, 0x2963, 0x2943, 0x2984, 0x2964, 0x3164,
  0x3184, 0x31A4, 0x39A4, 0x41C5, 0x41E5, 0x4A25, 0x6AE6, 0x6AA6, 0x5A26, 0x5A25, 0x5A46, 0x5A46, 0x5A46, 0x5A66, 0x6AA7, 0x62A7,
  0x6286, 0x6286, 0x6286, 0x5A46, 0x2964, 0x2185, 0x3A47, 0x4289, 0x3A68, 0x3A68, 0x3248, 0x4AA9, 0x2985, 0x0861, 0x1904, 0x1945,
  0x2186, 0x3207, 0x3227, 0x2964, 0x2902, 0x3122, 0x59E4, 0x4183, 0x18C2, 0x20E2, 0x20E2, 0x3122, 0x3123, 0x20E2, 0x3963, 0x5A04,
  0x6225, 0x3963, 0x4183, 0x2923, 0x10C3, 0x10C3, 0x10C3, 0x10C3, 0x10C3, 0x10C3, 0x10C3, 0x10E3, 0x10E3, 0x10E3, 0x10E3, 0x10E3,
  0x10E3, 0x10C3, 0x10C3, 0x10C3, 0x10C3, 0x10C3, 0x10C3, 0x10A2, 0x10A2, 0x10A2, 0x2103, 0x4183, 0x4184, 0x49C4, 0x51C4, 0x51E4,
  0x5A05, 0x5A05, 0x7A85, 0x9306, 0x7265, 0x59E5, 0x82C5, 0x2902, 0x08A2, 0x10C3, 0x10A2, 0x10A2, 0x10C3, 0x10C3, 0x10A2, 0x10C3,
  0x10C3, 0x10C3, 0x10C3, 0x1104, 0x1945, 0x1965, 0x4268, 0x4AC9, 0x1924, 0x10E3, 0x1924, 0x1924, 0x1924, 0x1924, 0x21A6, 0x29C6,
  0x29C6, 0x2186, 0x5288, 0x6BAB, 0x6B6A, 0x6B6A, 0x7BAA, 0x5245, 0x39A3, 0x41E4, 0x5244, 0x39A3, 0x3183, 0x39A3, 0x41E4, 0x6AA5,
  0x49E4, 0x8B47, 0x8B88, 0x5224, 0x39A3, 0x3163, 0x49E4, 0x39C4, 0x3183, 0x2963, 0x39C4, 0x41E4, 0x41E4, 0x2963, 0x2963, 0x2943,
  0x4A24, 0x39E3, 0x2983, 0x39C3, 0x3183, 0x2963, 0x3183, 0x2124, 0x1925, 0x21C8, 0x62E9, 0x39E4, 0x31E4, 0x39C3, 0x2983, 0x41E4,
  0x4A25, 0x4204, 0x4204, 0x4204, 0x4A65, 0x4A45, 0x52C8, 0x39C4, 0x39E4, 0x4225, 0x39C3, 0x39C4, 0x39C3, 0x4224, 0x4245, 0x4225,
  0x4A45, 0x4A45, 0x4A65, 0x5265, 0x4A65, 0x4A65, 0x5286, 0x5285, 0x5285, 0x5285, 0x5AA5, 0x5AA5, 0x5AA5, 0x62C5, 0x5AA5, 0x5AA5,
  0x62C5, 0x62A5, 0x5AA5, 0x6AE5, 0x6B06, 0x6B05, 0xAC46, 0xB487, 0xB487, 0xB487, 0xBCA7, 0xA407, 0x7B25, 0x62C4, 0x5AA4, 0x5284,
  0x5264, 0x4A24, 0x5244, 0x5244, 0x5264, 0x7305, 0x9C06, 0xA406, 0x9BA5, 0xB3E8, 0xCC4A, 0xBC2A, 0xC4CD, 0xE633, 0xF6B5, 0xDDB1,
  0xC4AD, 0xC4AE, 0xC4CE, 0xCCCE, 0xCCEE, 0xCCEE, 0xCCEE, 0xD50E, 0xD4EE, 0xCCED, 0xCCCD, 0xBC8D, 0xAC0C, 0x93CB, 0x9BEC, 0xA40C,
  0x93CC, 0x93EC, 0x9C0C, 0x9BEC, 0xAC2C, 0xA40B, 0x93AB, 0x7B4B, 0x62CB, 0x52AB, 0x528A, 0x52AB, 0x52AB, 0x528A, 0x528A, 0x528A,
  0x528A, 0x7B8C, 0x93ED, 0x62CA, 0x5ACB, 0x62EB, 0x62EB, 0x62EB, 0x62EB, 0x62EB, 0x62EB, 0x5ACB, 0x5ACB, 0x5ACB, 0x5ACB, 0x5ACB,
  0x5ACB, 0x52AB, 0x526A, 0x4A49, 0x4A49, 0x4A49, 0x4A69, 0x528A, 0x528B, 0x528B, 0x4A8A, 0x52AB, 0x52AB, 0x52AB, 0x52AB, 0x52AB,
  0x52AB, 0x528A, 0x4A49, 0x4A29, 0x4A29, 0x4A49, 0x4A49, 0x4A28, 0x4A49, 0x62EB, 0x734D, 0x5AAA, 0x4A08, 0x4A28, 0x4A06, 0x5225,
  0x18E2, 0x1903, 0x2103, 0x2123, 0x31A4, 0x31C4, 0x31A4, 0x31C4, 0x2143, 0x39C4, 0x31A4, 0x2964, 0x3184, 0x2143, 0x2123, 0x2123,
  0x2943, 0x31A4, 0x39C5, 0x41E5, 0x41E5, 0x5A45, 0x6A65, 0x5205, 0x5A66, 0x6AA6, 0x8328, 0x6A87, 0x6AA7, 0x5225, 0x62A6, 0x5205,
  0x49C4, 0x5225, 0x5205, 0x3163, 0x1903, 0x2185, 0x4247, 0x3A69, 0x3248, 0x3248, 0x3248, 0x42A9, 0x2985, 0x0861, 0x1104, 0x2964,
  0x3984, 0x41A4, 0x51E5, 0x4183, 0x4183, 0x3143, 0x3143, 0x4184, 0x49C4, 0x4184, 0x51C4, 0x51E5, 0x51E4, 0x51E5, 0x49C4, 0x49A4,
  0x7265, 0x7265, 0x7285, 0x9306, 0x8AE6, 0x2103, 0x10C3, 0x10E3, 0x10E3, 0x10E3, 0x10E3, 0x10E3, 0x10E3, 0x10E3, 0x10E3, 0x10E3,
  0x10E3, 0x10C3, 0x10C3, 0x10E3, 0x10C3, 0x10C3, 0x10C3, 0x10C2, 0x10A2, 0x10A2, 0x10A2, 0x3943, 0x4184, 0x49A4, 0x51C4, 0x51C4,
  0x51E4, 0x59E4, 0x6A45, 0x82C6, 0x9306, 0x6204, 0x6A44, 0x1082, 0x10C3, 0x10C3, 0x10A2, 0x10A2, 0x10C3, 0x10C3, 0x10C3, 0x10C3,
  0x10C3, 0x10C3, 0x10C3, 0x1104, 0x1945, 0x2165, 0x4AA8, 0x4AC9, 0x1945, 0x10E4, 0x1924, 0x2964, 0x1944, 0x1904, 0x21A6, 0x39C4,
  0x21C7, 0x2186, 0x4A88, 0x7BAA, 0x738A, 0x738A, 0x73AA, 0x4A25, 0x4A24, 0x41E3, 0x4A03, 0x93A6, 0x5224, 0x39A3, 0x39A3, 0x2942,
  0x39A3, 0x5A44, 0x18E2, 0x3183, 0x3163, 0x41C3, 0x5A64, 0x5245, 0x2963, 0x3183, 0x3183, 0x2983, 0x2983, 0x2963, 0x3183, 0x2963,
  0x2963, 0x31C4, 0x3183, 0x39C4, 0x39E4, 0x31A3, 0x31A3, 0x2144, 0x1925, 0x2A08, 0x5AC9, 0x39E4, 0x31A3, 0x39C4, 0x39C3, 0x3183,
  0x4A46, 0x4245, 0x3A04, 0x39E4, 0x4224, 0x4224, 0x4204, 0x3A04, 0x4225, 0x4204, 0x39E4, 0x39E4, 0x39E4, 0x4224, 0x4204, 0x4224,
  0x4A45, 0x4A45, 0x4A44, 0x4A44, 0x4A44, 0x4A45, 0x52A6, 0x5AC6, 0x62C6, 0x5AA6, 0x5AA5, 0x5AA5, 0x5AA5, 0x5AA5, 0x62E5, 0x7B25,
  0x62C5, 0x62E5, 0x5AA5, 0x5AA5, 0x5A85, 0x6AE5, 0x7B25, 0x7B25, 0x93C6, 0xAC66, 0xB467, 0xC4C8, 0xBCA7, 0xAC46, 0xA426, 0x9BE5,
  0x5A84, 0x4203, 0x4A23, 0x4A23, 0x4203, 0x4A04, 0x7284, 0x82C5, 0x8B06, 0x9B48, 0xA3CA, 0xB46C, 0xD5B1, 0xD5D2, 0xC4CE, 0xB44C,
  0xBC6C, 0xBC6D, 0xBC6D, 0xB44C, 0xAC2C, 0xAC0C, 0xAC0C, 0xAC2C, 0xBC6D, 0xC4AD, 0xBC6D, 0xBC6C, 0xBC4C, 0xC48D, 0xCCCD, 0xCCCC,
  0xCCAC, 0xBC6C, 0xB42C, 0xAC0C, 0x9BCB, 0x834B, 0x6AEA, 0x6AEA, 0x7B4B, 0x8BAB, 0x9BEC, 0xA40C, 0xA3EC, 0x9BCC, 0x9BCC, 0x8B8B,
  0x8B8B, 0xEDF1, 0xEE32, 0x9BEB, 0x8B6A, 0x93AB, 0x9BEB, 0x9BEB, 0x93AB, 0x9BAB, 0x938B, 0x7B2B, 0x6AEA, 0x5ACB, 0x5AAB, 0x5ACB,
  0x5ACB, 0x5AAB, 0x528A, 0x528A, 0x4A69, 0x4A49, 0x4A49, 0x4A48, 0x4A49, 0x5A89, 0x5249, 0x4A49, 0x4A6A, 0x4A6A, 0x4A6A, 0x4A8A,
  0x4A6A, 0x4A69, 0x4208, 0x4228, 0x4A29, 0x4A29, 0x4A49, 0x4A6A, 0x4A49, 0x41E7, 0x5269, 0x62EB, 0x5269, 0x41E7, 0x41E7, 0x4A06,
  0x1902, 0x18E2, 0x2123, 0x2163, 0x2963, 0x31C4, 0x31A4, 0x31C4, 0x2984, 0x39E4, 0x5AA5, 0x31A4, 0x2984, 0x1903, 0x5244, 0x72E5,
  0x39A3, 0x3184, 0x39C5, 0x6286, 0x5A86, 0x7306, 0x9C07, 0x8387, 0x83C8, 0x7306, 0x6286, 0x6286, 0x6AC7, 0x6AA7, 0x6286, 0x5225,
  0x5A46, 0x5A66, 0x5A66, 0x5A25, 0x3184, 0x2185, 0x4248, 0x3A69, 0x3A48, 0x3A48, 0x3248, 0x3A89, 0x2965, 0x0861, 0x2103, 0x20E2,
  0x18A2, 0x1082, 0x28E2, 0x4184, 0x5A05, 0x6A65, 0x5A25, 0x49C4, 0x49A4, 0x5205, 0x51E5, 0x5A25, 0x5A25, 0x6245, 0x7286, 0x7285,
  0x59E4, 0x9306, 0x9B26, 0x8AE6, 0x9B47, 0x6225, 0x08A3, 0x18E3, 0x18E3, 0x18E3, 0x10E3, 0x10E3, 0x18E3, 0x18E3, 0x18E3, 0x10E3,
  0x10E3, 0x10E3, 0x10C3, 0x10E3, 0x10C3, 0x10C3, 0x10C2, 0x10A2, 0x10A2, 0x10A2, 0x0882, 0x2103, 0x4183, 0x4184, 0x49A4, 0x49C4,
  0x51C4, 0x51E4, 0x6225, 0x7A86, 0x9B46, 0x7AA5, 0x51A3, 0x0882, 0x10C3, 0x10E3, 0x10A2, 0x10A2, 0x10A2, 0x10C2, 0x10A2, 0x10C2,
  0x10C3, 0x10C3, 0x10C3, 0x1104, 0x1945, 0x2165, 0x52C8, 0x4ACA, 0x1945, 0x1104, 0x1925, 0x2144, 0x1924, 0x1924, 0x2985, 0x21A6,
  0x29C6, 0x2186, 0x4A87, 0x8368, 0x738A, 0x7389, 0x738A, 0x39C4, 0x5264, 0x41E3, 0x6284, 0x5A64, 0x4A04, 0x6AA5, 0xA408, 0x8367,
  0x5244, 0x41C3, 0x41E4, 0x5244, 0x1902, 0x39C3, 0x39C3, 0x3183, 0x39E4, 0x4204, 0x31A3, 0x4A45, 0x39E4, 0x31A4, 0x4204, 0x39E4,
  0x39C4, 0x4245, 0x31C4, 0x4204, 0x4204, 0x39E4, 0x4225, 0x2984, 0x2145, 0x29E8, 0x62E9, 0x4225, 0x39E4, 0x4225, 0x4225, 0x39E4,
  0x3A04, 0x4A65, 0x4245, 0x31C3, 0x31C3, 0x39E3, 0x4204, 0x4225, 0x4224, 0x4225, 0x4204, 0x4204, 0x4224, 0x3A04, 0x4204, 0x4224,
  0x4224, 0x4224, 0x4A45, 0x4A65, 0x4A44, 0x4A65, 0x5285, 0x5AA5, 0x62C6, 0x5AA5, 0x5AA5, 0x5AA5, 0x62E5, 0x62E5, 0x7B46, 0x8366,
  0x7305, 0x8B85, 0x8366, 0x6AE6, 0x5A85, 0x62C5, 0x62A4, 0x5A84, 0x62C5, 0x6AE5, 0x6AC4, 0x72E5, 0x9BC6, 0x9BC6, 0xBC87, 0xBC86,
  0x8365, 0x4203, 0x4203, 0x41E4, 0x41C4, 0x41A5, 0x49E6, 0x5206, 0x5227, 0x62C9, 0x734B, 0x6B0B, 0x5A89, 0x62A9, 0x6AEA, 0x6AEA,
  0x6AEA, 0x6AEA, 0x730B, 0x62CA, 0x62AA, 0x62AA, 0x62CA, 0x730A, 0x8B8B, 0x836B, 0x7B2A, 0x8B6A, 0x836B, 0x8B8B, 0x8B8B, 0x834A,
  0x730A, 0x62A9, 0x528A, 0x528A, 0x5AAA, 0x5ACA, 0x730A, 0xA3EB, 0xB44C, 0xB44C, 0xB46C, 0xBC8D, 0xB46C, 0xA40C, 0x9BCC, 0x8B6B,
  0x93CC, 0xB4AF, 0xA46E, 0x62CA, 0x5AAA, 0x5ACA, 0x6AEB, 0x6B0B, 0x6AEB, 0x6B0B, 0x730B, 0x6B0B, 0x62EB, 0x62EB, 0x62EB, 0x62EB,
  0x5ACB, 0x5ACB, 0x62EB, 0x528A, 0x526A, 0x4A49, 0x4A49, 0x4A28, 0x4A28, 0x528A, 0x52AA, 0x4A49, 0x4A29, 0x4A49, 0x4229, 0x4A49,
  0x4229, 0x4229, 0x4A49, 0x4228, 0x4A29, 0x4A29, 0x4A29, 0x4228, 0x4228, 0x4207, 0x41E7, 0x4207, 0x5AA9, 0x5AA9, 0x41E7, 0x41E6,
  0x1903, 0x2143, 0x2163, 0x1903, 0x2123, 0x31C4, 0x2984, 0x2963, 0x31C4, 0x5264, 0x8385, 0x7B46, 0x31A4, 0x1903, 0x6AE5, 0x8BA7,
  0x39E4, 0x31A4, 0x39A5, 0x4A05, 0x39A4, 0x4A25, 0x7B47, 0x7326, 0x62C6, 0x62C6, 0x62A6, 0x5A66, 0x6AA6, 0x6286, 0x5225, 0x5A46,
  0x6286, 0x6286, 0x6286, 0x6286, 0x39C5, 0x2165, 0x3227, 0x3A69, 0x3A48, 0x3248, 0x3248, 0x3A69, 0x2144, 0x1082, 0x20E2, 0x1082,
  0x1082, 0x1081, 0x0841, 0x0841, 0x18C2, 0x5A04, 0x6A65, 0x6245, 0x49C4, 0x5A25, 0x82E6, 0x6245, 0x7285, 0x82C6, 0x82C6, 0x82C6,
  0x6225, 0x6A44, 0x8AE6, 0x72A5, 0x6A86, 0x7285, 0x10C3, 0x1104, 0x1904, 0x10E3, 0x10E3, 0x10E3, 0x10E3, 0x18E3, 0x18E3, 0x18E3,
  0x10E3, 0x10C3, 0x10C3, 0x10E3, 0x10C3, 0x10C3, 0x10C3, 0x10C3, 0x10C3, 0x10C2, 0x10A2, 0x10C2, 0x3943, 0x4184, 0x4184, 0x49C4,
  0x51C4, 0x51E4, 0x5A05, 0x7AA6, 0x8B06, 0x9B46, 0x3963, 0x08A2, 0x10E3, 0x10E3, 0x10A2, 0x10A2, 0x10C2, 0x10C2, 0x10C3, 0x10C3,
  0x10C3, 0x18E3, 0x18C2, 0x1104, 0x1945, 0x2165, 0x4AC9, 0x42A9, 0x1944, 0x10E3, 0x1924, 0x1924, 0x1924, 0x1104, 0x21A6, 0x21A6,
  0x39C5, 0x2186, 0x4288, 0x7389, 0x636A, 0x7328, 0x6B49, 0x31A3, 0x31A3, 0x5A64, 0x5A84, 0x41E4, 0x5224, 0x41E4, 0x5A65, 0x5A85,
  0x5244, 0x41E3, 0x5264, 0x7306, 0x62A5, 0x3183, 0x39C3, 0x4224, 0x4A65, 0x5265, 0x2963, 0x5285, 0x39E4, 0x4204, 0x4A65, 0x4224,
  0x4225, 0x4A45, 0x4225, 0x4225, 0x4225, 0x4225, 0x4A45, 0x2985, 0x2125, 0x29C8, 0x5AA8, 0x4A45, 0x4225, 0x4225, 0x4A65, 0x4A65,
  0x4A65, 0x4A45, 0x4A45, 0x4A45, 0x4225, 0x4245, 0x4224, 0x4A86, 0x4A45, 0x4A65, 0x4A65, 0x4A86, 0x4A45, 0x4224, 0x4204, 0x4224,
  0x4A45, 0x4224, 0x4A45, 0x4A45, 0x4A45, 0x4A44, 0x4A45, 0x4A65, 0x4A65, 0x5265, 0x4A65, 0x4A65, 0x5285, 0x5AC5, 0x62E6, 0x62C5,
  0x5AA5, 0x6AE5, 0x7B26, 0x62C5, 0x4A45, 0x5285, 0x5264, 0x4A44, 0x5285, 0x5265, 0x4A44, 0x4A44, 0x6AE4, 0x7B45, 0xA426, 0xA426,
  0x8B66, 0x4A04, 0x6264, 0x7A84, 0x6A45, 0x5A05, 0x5A26, 0x7B29, 0x8BCC, 0x7B8D, 0x6B0B, 0x5289, 0x528A, 0x5AAA, 0x528A, 0x528A,
  0x528A, 0x52AA, 0x52AA, 0x528A, 0x528A, 0x528A, 0x528A, 0x5AAA, 0x528A, 0x528A, 0x5269, 0x4A69, 0x4A69, 0x5269, 0x5269, 0x5249,
  0x4A49, 0x4A49, 0x528A, 0x5AAA, 0x5ACA, 0x62CA, 0x62EB, 0x62CB, 0x5AAA, 0x528A, 0x528A, 0x5AAA, 0x52AA, 0x528A, 0x528A, 0x528A,
  0x630B, 0x738D, 0x630B, 0x4A69, 0x528A, 0x528A, 0x528B, 0x528B, 0x528B, 0x52AB, 0x52AB, 0x528B, 0x52AB, 0x5ACB, 0x5ACB, 0x5ACB,
  0x5AAB, 0x5ACB, 0x5AAB, 0x528A, 0x526A, 0x4A49, 0x4A28, 0x4A28, 0x4228, 0x4228, 0x4A6A, 0x4A69, 0x4A28, 0x4A49, 0x4A49, 0x4229,
  0x4A49, 0x4A49, 0x4A29, 0x4228, 0x4A49, 0x4A29, 0x4229, 0x4A29, 0x4228, 0x4A29, 0x4A49, 0x4A28, 0x5AAA, 0x736D, 0x732B, 0x4A07,
  0x2103, 0x2984, 0x2163, 0x1903, 0x2123, 0x31C4, 0x31C5, 0x39E5, 0x6B05, 0x93A5, 0x5AA5, 0x4A24, 0x5244, 0x6AC4, 0x41E4, 0x39C5,
  0x39E4, 0x31A4, 0x3184, 0x3184, 0x2944, 0x3984, 0x5A66, 0x5A66, 0x5AA6, 0x62E6, 0x62A6, 0x5A66, 0x6266, 0x5A46, 0x5205, 0x5205,
  0x5A66, 0x5A66, 0x5246, 0x5205, 0x3184, 0x2165, 0x3A27, 0x3A48, 0x3248, 0x3248, 0x3228, 0x29E7, 0x1904, 0x18C2, 0x20E2, 0x2903,
  0x2903, 0x20E2, 0x2903, 0x20E3, 0x20E2, 0x2903, 0x6A45, 0x6224, 0x6A45, 0x49C4, 0x82C5, 0x7285, 0x7285, 0x7AC6, 0x6A65, 0x6245,
  0x6245, 0x51C4, 0x8AC5, 0x7AA5, 0x6245, 0x7285, 0x2124, 0x10E3, 0x10E3, 0x10E3, 0x10C3, 0x10C3, 0x10E3, 0x18E3, 0x18E3, 0x18E3,
  0x18E3, 0x1903, 0x18E3, 0x18E3, 0x18E3, 0x18E3, 0x18E3, 0x18E3, 0x18E3, 0x18E3, 0x18E3, 0x10E3, 0x2103, 0x4183, 0x4183, 0x49A4,
  0x51C4, 0x51C4, 0x51E4, 0x7285, 0x7AA6, 0x9B47, 0x3143, 0x0882, 0x10E3, 0x10E3, 0x10A2, 0x10A2, 0x10A2, 0x10C3, 0x10E3, 0x10E3,
  0x10E3, 0x1903, 0x18E3, 0x1904, 0x1945, 0x2165, 0x4288, 0x3AA9, 0x2144, 0x10E3, 0x1923, 0x2143, 0x2144, 0x2963, 0x29A5, 0x31A5,
  0x2985, 0x1945, 0x3A26, 0x7B89, 0x7369, 0x7B28, 0x8BCA, 0x6AC6, 0x4204, 0x6AC4, 0x62A5, 0x4A24, 0x39A3, 0x41E3, 0x31A3, 0x31A3,
  0x4A23, 0x4203, 0x31A3, 0x31A3, 0x5A64, 0x39A3, 0x4A04, 0x5AA5, 0x5285, 0x5285, 0x3A04, 0x4224, 0x31C4, 0x4A45, 0x4A66, 0x4225,
  0x4A65, 0x4245, 0x4225, 0x4225, 0x4245, 0x4225, 0x4225, 0x2964, 0x2125, 0x29C8, 0x4A48, 0x4A45, 0x4A66, 0x5286, 0x5AC7, 0x5286,
  0x4A65, 0x5285, 0x5286, 0x4A86, 0x4A66, 0x5286, 0x52A6, 0x4A86, 0x4A65, 0x4A45, 0x4A65, 0x4A65, 0x4A65, 0x5265, 0x4A45, 0x4A45,
  0x4224, 0x4224, 0x4224, 0x4224, 0x4224, 0x4224, 0x4A44, 0x4A44, 0x4224, 0x4A45, 0x4224, 0x4244, 0x4224, 0x4A65, 0x4A44, 0x4A45,
  0x4A45, 0x4A45, 0x5265, 0x4A65, 0x5285, 0x5285, 0x4A44, 0x4224, 0x4224, 0x4A44, 0x4224, 0x4204, 0x4204, 0x62C4, 0x6264, 0x72A5,
  0x9B46, 0xAB87, 0xABA7, 0xA366, 0x9B47, 0xA3EA, 0xCD4F, 0xDDD1, 0xAC4D, 0x6AA9, 0x62CA, 0x6AEA, 0x6AEA, 0x6AEA, 0x6AEA, 0x730A,
  0x7B4B, 0x834B, 0x836B, 0x834A, 0x8B4A, 0x8B6A, 0x93AB, 0x93AB, 0x8B8B, 0x8B6A, 0x8B6B, 0x834B, 0x6AEA, 0x5AA9, 0x5269, 0x5269,
  0x5289, 0x62CA, 0x730A, 0x730A, 0x730A, 0x72EA, 0x72EA, 0x5ACB, 0x5AAB, 0x52AB, 0x52AB, 0x52AB, 0x52AB, 0x5AAA, 0x528A, 0x5ACA,
  0x83CE, 0x942F, 0x6B0B, 0x528A, 0x52AB, 0x52AB, 0x52AB, 0x52AB, 0x52AB, 0x52AB, 0x52AB, 0x52AB, 0x52AB, 0x52AB, 0x52AB, 0x528A,
  0x4A8A, 0x4A8A, 0x4A8A, 0x4A6A, 0x4A49, 0x4A49, 0x4A28, 0x4A28, 0x4228, 0x4228, 0x4A49, 0x4A4A, 0x4228, 0x4A28, 0x4A49, 0x4A49,
  0x4229, 0x4229, 0x4229, 0x4229, 0x4A29, 0x4A28, 0x4A28, 0x4A28, 0x4A29, 0x4A28, 0x4A29, 0x4A48, 0x5247, 0x4A26, 0x5AAA, 0x5ACA,
  0x2103, 0x29A4, 0x2963, 0x1902, 0x2123, 0x31E6, 0x3A27, 0x4225, 0x5A84, 0x62A4, 0x4204, 0x5AA5, 0x7B25, 0x8365, 0x6AE5, 0x5A65,
  0x41E4, 0x2143, 0x31A4, 0x41E4, 0x4A24, 0x4A25, 0x5A66, 0x6AC6, 0x62A6, 0x5245, 0x49E5, 0x49C5, 0x41C5, 0x5205, 0x39A4, 0x41C4,
  0x5225, 0x5225, 0x5225, 0x49E4, 0x1903, 0x2185, 0x3A06, 0x3A47, 0x3248, 0x3248, 0x21C7, 0x21C7, 0x1904, 0x18C2, 0x20E2, 0x2903,
  0x20E2, 0x18C2, 0x3123, 0x3123, 0x3964, 0x20E3, 0x3963, 0x49C4, 0x49C4, 0x41A4, 0x49A4, 0x6224, 0x5A25, 0x5A25, 0x5A05, 0x5A25,
  0x5A25, 0x49C4, 0x7AA5, 0x7AA5, 0x6A65, 0x7285, 0x3164, 0x10E3, 0x1903, 0x10E3, 0x1903, 0x1904, 0x1904, 0x1904, 0x1904, 0x1904,
  0x1904, 0x1904, 0x1904, 0x10E3, 0x1903, 0x1903, 0x18E3, 0x18E3, 0x18E3, 0x18C3, 0x18E3, 0x18E3, 0x10C2, 0x3143, 0x4184, 0x4184,
  0x49A4, 0x49C4, 0x51C4, 0x6245, 0x7285, 0x9326, 0x7285, 0x0882, 0x1903, 0x10C3, 0x10C2, 0x10C2, 0x10C2, 0x10E3, 0x10E3, 0x10E3,
  0x10E3, 0x10E3, 0x10E3, 0x1904, 0x1945, 0x2165, 0x3A68, 0x42A9, 0x2165, 0x1104, 0x1924, 0x2164, 0x2124, 0x29A5, 0x31A5, 0x39C5,
  0x29A5, 0x41E6, 0x93A9, 0xAC4A, 0xBCAB, 0xAC4A, 0xA42A, 0xAC2A, 0x4A04, 0x31A3, 0x4A23, 0x3183, 0x6284, 0x7305, 0x5244, 0x5A84,
  0x6AE5, 0x5A84, 0x4A24, 0x39C3, 0x39C3, 0x5264, 0x4204, 0x5265, 0x5265, 0x5285, 0x5285, 0x5A85, 0x4204, 0x3A04, 0x4225, 0x4A45,
  0x5265, 0x4A45, 0x4A45, 0x4A45, 0x4A65, 0x4A65, 0x4A65, 0x2964, 0x1925, 0x29C8, 0x4248, 0x4A66, 0x4A66, 0x4A66, 0x4A66, 0x4A65,
  0x4A65, 0x5AC6, 0x62E6, 0x52A6, 0x5286, 0x52A6, 0x52A6, 0x4A45, 0x4A45, 0x4245, 0x4245, 0x5265, 0x5AA6, 0x52A6, 0x52A6, 0x5AA6,
  0x5285, 0x5285, 0x4A45, 0x4A45, 0x4A45, 0x4A65, 0x4A44, 0x4A45, 0x4224, 0x4A24, 0x4224, 0x4244, 0x4244, 0x4A45, 0x4245, 0x4224,
  0x4204, 0x4224, 0x4204, 0x4204, 0x4A44, 0x5AC4, 0x6AE4, 0x4A24, 0x4A44, 0x4204, 0x39E4, 0x41E4, 0x41E4, 0x5A24, 0x7264, 0x7245,
  0x7AA6, 0x8307, 0x8B48, 0x9C0B, 0xBCEE, 0xD590, 0xC50E, 0xB44B, 0xABCA, 0xABC9, 0xABCA, 0xB40B, 0xB42B, 0xB40B, 0xAC0B, 0xA3EB,
  0xA3EC, 0xA3EC, 0x93AB, 0xA3EB, 0xBC4B, 0xC48C, 0xBC6C, 0xB42B, 0xA3EB, 0x9BAB, 0x8B6B, 0x730A, 0x62A9, 0x5269, 0x5248, 0x5269,
  0x5AAA, 0x5ACA, 0x62CA, 0x6AEA, 0x62CA, 0x62CA, 0x6ACA, 0x5ACA, 0x52AB, 0x52AB, 0x52AA, 0x528A, 0x528A, 0x52AA, 0x4A6A, 0x7B6C,
  0x940E, 0x8BCD, 0x5269, 0x528A, 0x52AB, 0x52AA, 0x52AB, 0x5AAB, 0x5ACB, 0x6B0B, 0x6AEA, 0x5AAA, 0x52AA, 0x5AAB, 0x5ACB, 0x62EB,
  0x732B, 0x7B4B, 0x838B, 0x836B, 0x732B, 0x5A8A, 0x4228, 0x4228, 0x4208, 0x4228, 0x4229, 0x4A29, 0x4228, 0x4228, 0x4A49, 0x4A49,
  0x4229, 0x4229, 0x4A29, 0x4A49, 0x4229, 0x4209, 0x4229, 0x4228, 0x4208, 0x4228, 0x4A29, 0x4A28, 0x5227, 0x39E7, 0x4A69, 0x940E,
  0x2123, 0x2964, 0x2143, 0x1903, 0x1902, 0x2144, 0x2985, 0x2963, 0x2984, 0x2964, 0x41E4, 0x6AE4, 0x7B25, 0x7B45, 0x8BA6, 0x7B45,
  0x5A85, 0x4204, 0x2964, 0x31A4, 0x4A64, 0x5245, 0x5226, 0x5A46, 0x5A46, 0x49E5, 0x41C5, 0x41A5, 0x49E5, 0x6A65, 0x5225, 0x4A05,
  0x5225, 0x5225, 0x5205, 0x49E4, 0x2964, 0x2186, 0x31E6, 0x3A48, 0x3248, 0x29E7, 0x21C7, 0x21A6, 0x18E3, 0x20C2, 0x20E2, 0x2903,
  0x20C2, 0x10A1, 0x20E3, 0x3123, 0x3123, 0x18A2, 0x20E2, 0x49C4, 0x41C4, 0x41A4, 0x4184, 0x5A05, 0x5205, 0x5205, 0x5A04, 0x5A24,
  0x6245, 0x49C4, 0x59E4, 0x6A45, 0x6A65, 0x72A5, 0x59E4, 0x10E3, 0x1904, 0x1104, 0x1904, 0x1904, 0x1904, 0x1904, 0x1904, 0x1904,
  0x1904, 0x1904, 0x1903, 0x18E3, 0x1904, 0x18E3, 0x1903, 0x18E3, 0x18E3, 0x18E3, 0x18E3, 0x10E3, 0x10C2, 0x2902, 0x4183, 0x4183,
  0x4184, 0x49A4, 0x49C4, 0x6225, 0x6A45, 0x8AE6, 0xB3E8, 0x3143, 0x10C3, 0x18E3, 0x18C2, 0x10C2, 0x18E2, 0x18E3, 0x10E3, 0x10E3,
  0x1903, 0x1903, 0x10E3, 0x1924, 0x1945, 0x2165, 0x3A68, 0x42C9, 0x2165, 0x10E3, 0x1904, 0x2964, 0x2123, 0x2165, 0x2986, 0x2985,
  0x31C5, 0x31A5, 0x7B28, 0x8B68, 0x8327, 0x7308, 0x62A7, 0x8348, 0x6285, 0x41E3, 0x7B24, 0xAC46, 0x7B25, 0x4A03, 0x7325, 0x93C6,
  0x5A84, 0x62C4, 0x7325, 0x4A24, 0x4A24, 0x4A24, 0x5265, 0x5A85, 0x5AA5, 0x5A85, 0x5265, 0x5A85, 0x5A85, 0x5A85, 0x5A85, 0x4A65,
  0x62E6, 0x5AA5, 0x5285, 0x5AC5, 0x5265, 0x4A45, 0x4224, 0x2964, 0x2125, 0x29C7, 0x4227, 0x4245, 0x4245, 0x4225, 0x4A45, 0x4A45,
  0x5286, 0x5AA6, 0x62E6, 0x6B07, 0x62E6, 0x52A6, 0x52A6, 0x5AC6, 0x52A6, 0x5285, 0x5286, 0x5AC6, 0x5AC7, 0x5AC6, 0x5AE7, 0x5AA6,
  0x6B07, 0x6B06, 0x62C6, 0x5286, 0x52A6, 0x52A6, 0x5286, 0x52A6, 0x4A45, 0x5265, 0x5265, 0x4A64, 0x4A44, 0x52A6, 0x4A86, 0x4A24,
  0x41C4, 0x39C4, 0x39E4, 0x39E4, 0x39E4, 0x41E4, 0x4A24, 0x5A64, 0x5244, 0x41E4, 0x41C4, 0x49C4, 0x6204, 0x6204, 0x51C4, 0x49E5,
  0x5227, 0x5A89, 0x5A89, 0x62C9, 0x62C9, 0x5A68, 0x6289, 0x6AC9, 0x6AC9, 0x62A9, 0x62A9, 0x6ACA, 0x6ACA, 0x6AEA, 0x62AA, 0x5AAA,
  0x62AA, 0x5AAA, 0x528A, 0x5AAA, 0x62CA, 0x62CA, 0x5A89, 0x5249, 0x4A49, 0x4229, 0x4228, 0x4228, 0x4A28, 0x4A28, 0x4A48, 0x5269,
  0x528A, 0x5AAA, 0x5AAA, 0x52AA, 0x528A, 0x52AB, 0x52AB, 0x52AB, 0x5AAA, 0x52AA, 0x528A, 0x5269, 0x5269, 0x4A69, 0x62EB, 0x83CD,
  0x83AD, 0x62EA, 0x5269, 0x62CA, 0x62CA, 0x6AEA, 0x6AEA, 0x6AEA, 0x730A, 0x6AEA, 0x62CA, 0x6AEA, 0x732A, 0x8BAB, 0x836B, 0x730A,
  0x834B, 0x834B, 0x7B4B, 0x7B4B, 0x62EA, 0x5269, 0x4228, 0x4208, 0x4228, 0x4228, 0x4A28, 0x4A29, 0x4A28, 0x4A29, 0x4A28, 0x4A49,
  0x4A49, 0x4A49, 0x4A29, 0x4A29, 0x5269, 0x5A89, 0x5249, 0x4A49, 0x62A9, 0x5A69, 0x4A49, 0x5249, 0x5248, 0x6AA8, 0x72E9, 0x9BCA,
  0x2964, 0x31C4, 0x2143, 0x2123, 0x2102, 0x2143, 0x2163, 0x2143, 0x2123, 0x2963, 0x29A4, 0x39E4, 0x7B45, 0x8365, 0x8365, 0x8386,
  0x93C6, 0x7305, 0x2143, 0x2963, 0x3183, 0x3184, 0x4A25, 0x5245, 0x5225, 0x49E5, 0x51E5, 0x6246, 0x5205, 0x6265, 0x6245, 0x5205,
  0x4A04, 0x4A05, 0x49E4, 0x5225, 0x41E5, 0x2165, 0x3207, 0x3248, 0x29E7, 0x21C7, 0x21A6, 0x1965, 0x1903, 0x20E2, 0x28E3, 0x2903,
  0x20E2, 0x20E2, 0x2923, 0x3123, 0x28E3, 0x20E2, 0x20C2, 0x41A4, 0x49C4, 0x49C4, 0x3964, 0x51E5, 0x51E4, 0x5205, 0x5A25, 0x7285,
  0x82C5, 0x7285, 0x4183, 0x5A04, 0x6245, 0x6A85, 0x6224, 0x2103, 0x1104, 0x1904, 0x1904, 0x1904, 0x1904, 0x1904, 0x1904, 0x1904,
  0x1904, 0x1904, 0x1903, 0x1903, 0x1903, 0x1903, 0x18E3, 0x10A2, 0x18E3, 0x10A2, 0x10A2, 0x10A2, 0x18A2, 0x20C2, 0x3123, 0x4183,
  0x4183, 0x49A4, 0x51C4, 0x51E4, 0x49C4, 0x7A86, 0x82C6, 0x8B06, 0x18C2, 0x10C2, 0x18E2, 0x18C2, 0x18C2, 0x10A2, 0x10A2, 0x10E3,
  0x18E3, 0x1903, 0x1903, 0x1904, 0x1945, 0x1945, 0x3A48, 0x4AA9, 0x2144, 0x0882, 0x10C2, 0x18E3, 0x10E3, 0x2186, 0x29A6, 0x31A5,
  0x5224, 0x31A5, 0x5A87, 0x7B28, 0x72E8, 0x7B28, 0x7308, 0x7B48, 0x4A24, 0x7305, 0x62C4, 0x62C5, 0x8BA6, 0x6AC4, 0x7305, 0x7304,
  0x6AE4, 0x6AE4, 0x5A84, 0x8365, 0x7B25, 0x62C5, 0x62C5, 0x7305, 0x6AC5, 0x7305, 0x7B45, 0x7B46, 0x8386, 0x8BA6, 0x8B86, 0x7B46,
  0x7B26, 0x5AA5, 0x5AC5, 0x5AC5, 0x4224, 0x31A3, 0x31A3, 0x1903, 0x2944, 0x31C7, 0x39E7, 0x39E4, 0x4224, 0x4A24, 0x4204, 0x39E4,
  0x4225, 0x4A45, 0x5286, 0x5AC6, 0x62C6, 0x5AA6, 0x62E6, 0x7B26, 0x6B06, 0x62E6, 0x5AC7, 0x5AC7, 0x5AC6, 0x6307, 0x62E7, 0x5AC7,
  0x52A6, 0x52A6, 0x5286, 0x5286, 0x62C5, 0x5AA5, 0x52A6, 0x5286, 0x4A45, 0x4A45, 0x5286, 0x5285, 0x4A44, 0x4A45, 0x3A04, 0x4204,
  0x39A4, 0x39C3, 0x39E4, 0x39E4, 0x39C3, 0x39C4, 0x2983, 0x49C4, 0x6245, 0x5A25, 0x5A05, 0x5227, 0x5248, 0x5268, 0x62C9, 0x7B8D,
  0x83CE, 0x736D, 0x5A89, 0x4A48, 0x5248, 0x5269, 0x5269, 0x5269, 0x5269, 0x5289, 0x528A, 0x526A, 0x528A, 0x528A, 0x528A, 0x528A,
  0x4A6A, 0x4A6A, 0x526A, 0x526A, 0x528A, 0x4A6A, 0x4A6A, 0x4A49, 0x4A48, 0x4A48, 0x4A48, 0x4A48, 0x4A48, 0x5248, 0x5269, 0x5269,
  0x528A, 0x52AA, 0x528A, 0x528A, 0x528A, 0x528A, 0x528A, 0x528A, 0x5A8A, 0x528A, 0x5289, 0x5A89, 0x5269, 0x5289, 0x8BCD, 0x940D,
  0x83AC, 0x5AAA, 0x5ACA, 0x62CA, 0x5AAA, 0x5AAA, 0x5AAA, 0x528A, 0x528A, 0x4A8A, 0x4A6A, 0x528A, 0x52AA, 0x5ACA, 0x62CA, 0x526A,
  0x4A4A, 0x4A49, 0x4249, 0x4249, 0x4229, 0x4A49, 0x4A49, 0x4229, 0x4229, 0x4229, 0x4A49, 0x4A29, 0x4229, 0x4229, 0x4229, 0x4A49,
  0x4A49, 0x4A49, 0x4A49, 0x5A69, 0x72E9, 0x8329, 0x6AA8, 0x5A88, 0xAC0A, 0xBC4B, 0xABEA, 0xA3CA, 0xAC0A, 0x8B48, 0x9349, 0x8B28,
  0x31A4, 0x3A25, 0x31A4, 0x2143, 0x2123, 0x2163, 0x2963, 0x2123, 0x2964, 0x31C5, 0x4245, 0x4A45, 0x41E4, 0x4A24, 0x62A4, 0x7B45,
  0x6AE5, 0x5A64, 0x3184, 0x39C4, 0x5A84, 0x3183, 0x39C4, 0x39C4, 0x4204, 0x5245, 0x5A85, 0x6286, 0x5205, 0x49E5, 0x5205, 0x4A05,
  0x41E4, 0x41E4, 0x41E4, 0x49E5, 0x2964, 0x2165, 0x31E6, 0x29E7, 0x21C7, 0x21E7, 0x2186, 0x1945, 0x20E3, 0x20E2, 0x2903, 0x2903,
  0x2903, 0x2903, 0x3123, 0x3123, 0x2903, 0x2903, 0x18C2, 0x4184, 0x49E5, 0x49C5, 0x3143, 0x49A4, 0x49C4, 0x51E4, 0x5205, 0x6245,
  0xA386, 0x6A65, 0x3123, 0x82C5, 0x7AA5, 0x6A65, 0x49C4, 0x1903, 0x1904, 0x1904, 0x1924, 0x1904, 0x1903, 0x1903, 0x1903, 0x1903,
  0x1903, 0x10C3, 0x18C2, 0x18E2, 0x18C2, 0x10A2, 0x10A2, 0x10A2, 0x10A2, 0x10C2, 0x20C2, 0x28E2, 0x18A2, 0x1082, 0x18A2, 0x3943,
  0x3963, 0x4184, 0x49C4, 0x5A05, 0x6225, 0x51C4, 0x7265, 0x9347, 0x20E2, 0x10A2, 0x2103, 0x18C2, 0x2102, 0x1902, 0x18C2, 0x18C2,
  0x18E3, 0x18E3, 0x10C2, 0x10E3, 0x1945, 0x1945, 0x4A67, 0x4A88, 0x2124, 0x18E2, 0x10A2, 0x2123, 0x2943, 0x2985, 0x29A6, 0x31C5,
  0x39E5, 0x2985, 0x5A67, 0x7B28, 0x7308, 0x7308, 0x7308, 0x7B27, 0x41E4, 0x5264, 0x4A24, 0x4A44, 0x6AC4, 0x6284, 0x4A23, 0x5A64,
  0x5A84, 0x6AE4, 0x7305, 0x8365, 0x7B45, 0x7B45, 0x8345, 0x8365, 0x8345, 0x7B25, 0x8B86, 0x8BA6, 0x8B86, 0x7B45, 0x7325, 0x62A4,
  0x4A24, 0x39E4, 0x4A24, 0x39C4, 0x39C4, 0x41E4, 0x2962, 0x2943, 0x31A4, 0x39E7, 0x3A07, 0x41E4, 0x4A04, 0x39A3, 0x39C3, 0x3183,
  0x39E4, 0x4204, 0x4204, 0x4224, 0x4224, 0x4A24, 0x4A24, 0x5245, 0x62A6, 0x62C5, 0x62C6, 0x5285, 0x5A85, 0x5AA5, 0x5AA6, 0x5286,
  0x4A86, 0x4A86, 0x4A65, 0x4A65, 0x5286, 0x5286, 0x52A6, 0x5AA6, 0x52A6, 0x4A45, 0x4A45, 0x5265, 0x4A64, 0x4204, 0x4224, 0x2963,
  0x2943, 0x3183, 0x31A3, 0x41E4, 0x39A4, 0x51E5, 0x5205, 0x5226, 0x5A67, 0x5247, 0x4A48, 0x62EB, 0x7B8D, 0x83CD, 0x7BAD, 0x6B2C,
  0x528A, 0x4A49, 0x4A49, 0x4A49, 0x4A69, 0x4A69, 0x4A69, 0x5269, 0x528A, 0x52AA, 0x52AA, 0x528A, 0x52AA, 0x5AAB, 0x5ACA, 0x5ACA,
  0x5ACA, 0x62CA, 0x62CA, 0x5A8A, 0x528A, 0x4A49, 0x4A28, 0x4A28, 0x4A28, 0x4A28, 0x4A48, 0x4A48, 0x4A69, 0x5269, 0x4A6A, 0x4A6A,
  0x528A, 0x528A, 0x52AA, 0x5AAA, 0x5AAA, 0x52AA, 0x62A9, 0x62A9, 0x528A, 0x52AA, 0x5AAA, 0x5A8A, 0x4A69, 0x5AAA, 0x5ACB, 0x5ACA,
  0x5269, 0x4A69, 0x528A, 0x528A, 0x52AB, 0x528A, 0x528A, 0x528A, 0x528A, 0x4A6A, 0x4A6A, 0x528A, 0x528A, 0x528A, 0x5AAA, 0x528A,
  0x4A6A, 0x4A6A, 0x5AA9, 0x6AC9, 0x6AC9, 0x5A89, 0x5A68, 0x4A48, 0x6289, 0x72E9, 0x72E9, 0x5A68, 0x4208, 0x5A68, 0x6AA9, 0x6289,
  0x4A49, 0x4249, 0x4A49, 0x4A48, 0x4A48, 0x72E9, 0x8B4A, 0x7B09, 0x9B8A, 0xCC6B, 0xC44B, 0xA3A9, 0x7AE8, 0x72C8, 0x5A47, 0x4207,
  0x2983, 0x31C4, 0x3A05, 0x3A04, 0x2983, 0x2963, 0x2943, 0x2963, 0x31C4, 0x4205, 0x4224, 0x39C4, 0x2143, 0x2123, 0x4A24, 0x5244,
  0x2963, 0x4A23, 0x6AE4, 0x62A4, 0x39A3, 0x4204, 0x4204, 0x39A4, 0x41C4, 0x5265, 0x5A86, 0x41E5, 0x4A05, 0x4A05, 0x41E4, 0x4204,
  0x41E4, 0x4A25, 0x4A05, 0x41E4, 0x2943, 0x31A4, 0x39C5, 0x31E6, 0x29E7, 0x21A6, 0x1965, 0x1945, 0x20E2, 0x18A2, 0x2903, 0x20E3,
  0x3123, 0x20E2, 0x2903, 0x3123, 0x2903, 0x3123, 0x20E2, 0x3163, 0x51E5, 0x49E5, 0x3143, 0x51C4, 0x6A65, 0x51E4, 0x51E4, 0x51E4,
  0x7264, 0x51C4, 0x2903, 0x6A24, 0x7AA5, 0x6245, 0x3943, 0x2103, 0x18E3, 0x18E3, 0x18E3, 0x10C2, 0x10A2, 0x18E2, 0x10A2, 0x18C2,
  0x18E2, 0x1082, 0x10A2, 0x18E2, 0x18E2, 0x18E2, 0x18E2, 0x18E2, 0x18E2, 0x1903, 0x20E2, 0x28E2, 0x20C2, 0x20C2, 0x1082, 0x2902,
  0x3963, 0x3964, 0x4184, 0x4184, 0x3963, 0x5A04, 0x82C5, 0x8AE5, 0x72A5, 0x18E2, 0x2123, 0x2123, 0x2123, 0x2123, 0x2103, 0x2123,
  0x2123, 0x18E2, 0x18C2, 0x1904, 0x1965, 0x1945, 0x4226, 0x3228, 0x2144, 0x2963, 0x2963, 0x3183, 0x41C3, 0x5A65, 0x29A6, 0x4205,
  0x31C5, 0x2985, 0x5267, 0x7B29, 0x7308, 0x7307, 0x72E7, 0x8347, 0x6284, 0x5A84, 0x4A24, 0x5244, 0x6AC4, 0x6284, 0x62A4, 0x6AE5,
  0x6AC5, 0x6AC4, 0x7B25, 0x7B24, 0x8365, 0x7B45, 0x62C4, 0x62A4, 0x5A64, 0x4A24, 0x4A24, 0x4224, 0x5265, 0x4A45, 0x5244, 0x4A24,
  0x39C4, 0x2983, 0x5A85, 0x39E4, 0x4A25, 0x5A65, 0x2983, 0x5A85, 0x4A25, 0x5267, 0x39E6, 0x5A64, 0x5A64, 0x5A64, 0x4A24, 0x4224,
  0x4A44, 0x5265, 0x4A25, 0x4A45, 0x4A24, 0x4A04, 0x4204, 0x4224, 0x4A45, 0x4A25, 0x6285, 0x5A84, 0x4A44, 0x5285, 0x5AA5, 0x5A85,
  0x5244, 0x4A45, 0x5285, 0x5286, 0x4A66, 0x5266, 0x5265, 0x4A45, 0x4A65, 0x4224, 0x4204, 0x4A44, 0x4A44, 0x4A44, 0x4224, 0x3184,
  0x3164, 0x3164, 0x49C4, 0x5205, 0x5205, 0x51E5, 0x49C5, 0x4A06, 0x5A88, 0x6AEA, 0x7B8D, 0x8BEE, 0x7B8C, 0x62EA, 0x5268, 0x5268,
  0x6289, 0x62A9, 0x6AC9, 0x730A, 0x730A, 0x6ACA, 0x5AAA, 0x5AAA, 0x62CA, 0x62EB, 0x62EB, 0x5ACA, 0x5ACA, 0x6AEA, 0x6B0A, 0x6B0A,
  0x6B0B, 0x62CA, 0x5AAA, 0x5289, 0x5269, 0x4A28, 0x4A28, 0x4A28, 0x4A28, 0x4A28, 0x4A48, 0x4A69, 0x528A, 0x528A, 0x528A, 0x528A,
  0x528A, 0x52AA, 0x52AA, 0x52AA, 0x5AAA, 0x52AA, 0x528A, 0x528A, 0x528A, 0x528A, 0x528A, 0x4A69, 0x4A69, 0x5289, 0x4A69, 0x4A69,
  0x4A69, 0x526A, 0x526A, 0x528A, 0x528A, 0x528A, 0x528A, 0x528A, 0x4A6A, 0x4A6A, 0x4A6A, 0x4A6A, 0x526A, 0x528A, 0x528A, 0x4A6A,
  0x4A6A, 0x4A6A, 0x528A, 0x62A9, 0x62A9, 0x5A89, 0x5A69, 0x5248, 0x5248, 0x5A68, 0x6288, 0x6288, 0x6268, 0x8309, 0xA3A9, 0xA389,
  0x8309, 0x5269, 0x4A28, 0x5A68, 0x72C8, 0x936A, 0xABEB, 0x9B89, 0x8B29, 0x9B89, 0xABEA, 0x9BAA, 0x6288, 0x4A28, 0x4A08, 0x31C7,
  0x2983, 0x2983, 0x39E4, 0x4205, 0x39E4, 0x31A4, 0x2983, 0x39E4, 0x3A05, 0x4225, 0x39E4, 0x2123, 0x31A3, 0x39C4, 0x4A24, 0x2963,
  0x4224, 0x4A44, 0x62C4, 0x41E4, 0x2123, 0x4A45, 0x52A5, 0x4204, 0x49E5, 0x49E5, 0x5225, 0x4205, 0x41E4, 0x4A04, 0x31A3, 0x39C4,
  0x4A05, 0x62A7, 0x5225, 0x4A05, 0x2963, 0x2165, 0x29C6, 0x31E6, 0x21A6, 0x2185, 0x1965, 0x1945, 0x10C2, 0x1082, 0x20E3, 0x20E3,
  0x3143, 0x20E3, 0x2903, 0x28E3, 0x2903, 0x3143, 0x2903, 0x2903, 0x5205, 0x49E5, 0x3143, 0x3143, 0x59E4, 0x6265, 0x49A4, 0x51E4,
  0x51E4, 0x5A04, 0x3123, 0x4183, 0x6A45, 0x49C4, 0x3963, 0x3963, 0x10A2, 0x10A2, 0x10C2, 0x10A2, 0x18C2, 0x18E2, 0x18E2, 0x18C2,
  0x2102, 0x18E2, 0x2103, 0x2123, 0x2143, 0x2943, 0x2943, 0x2123, 0x2123, 0x2103, 0x18C2, 0x20E2, 0x28E2, 0x20C2, 0x20C2, 0x18A2,
  0x3123, 0x3964, 0x4183, 0x4184, 0x4184, 0x51C4, 0x5A05, 0x8B06, 0xBC08, 0x5A45, 0x2143, 0x2963, 0x2963, 0x2963, 0x2943, 0x2143,
  0x2103, 0x2103, 0x2943, 0x2144, 0x2165, 0x2165, 0x29E7, 0x2A08, 0x1924, 0x18E2, 0x31C4, 0x2963, 0x18E3, 0x39A4, 0x5A85, 0x5224,
  0x3184, 0x5245, 0x5247, 0x7B28, 0x7B27, 0x7B27, 0x72E7, 0x62A6, 0x5A64, 0x4A03, 0x2942, 0x39A3, 0x39E3, 0x41E3, 0x4A24, 0x5A64,
  0x5264, 0x4A44, 0x5264, 0x5244, 0x5264, 0x4204, 0x4224, 0x4204, 0x39E4, 0x4A44, 0x4A45, 0x5265, 0x5A85, 0x6AE5, 0x5264, 0x6AC5,
  0x7B46, 0x6AE6, 0x8B87, 0x62A5, 0x8346, 0x7305, 0x5A85, 0x7B46, 0x7306, 0x6AC6, 0x5A85, 0x72E5, 0x6285, 0x5A85, 0x62C5, 0x6B06,
  0x62E6, 0x5AC6, 0x5AA6, 0x5286, 0x4A66, 0x4A45, 0x4225, 0x4205, 0x4204, 0x4225, 0x62C5, 0x5A65, 0x4A45, 0x5285, 0x5265, 0x5A85,
  0x5265, 0x5A85, 0x6AC6, 0x5AA6, 0x4225, 0x39E4, 0x4204, 0x4204, 0x4244, 0x4224, 0x31A3, 0x39C3, 0x39C3, 0x41E4, 0x4A24, 0x5A44,
  0x5A25, 0x51E5, 0x51E5, 0x49C5, 0x4A06, 0x5227, 0x62CA, 0x734C, 0x7B6C, 0x6AE9, 0x5A87, 0x5268, 0x4A49, 0x4A49, 0x5289, 0x62A9,
  0x6AC9, 0x6AC9, 0x72E9, 0x72EA, 0x730A, 0x834A, 0x834A, 0x834A, 0x834A, 0x7B4B, 0x732B, 0x734B, 0x6B0B, 0x6B0A, 0x62CA, 0x5289,
  0x5269, 0x4A69, 0x4A69, 0x4A48, 0x4A28, 0x4A28, 0x4A28, 0x4A28, 0x4A49, 0x4A49, 0x5269, 0x526A, 0x526A, 0x528A, 0x528A, 0x528A,
  0x528A, 0x528A, 0x528A, 0x528A, 0x528A, 0x528A, 0x528A, 0x528A, 0x528A, 0x4A69, 0x4A49, 0x4A28, 0x4228, 0x4228, 0x4A48, 0x5268,
  0x528A, 0x528A, 0x4A8A, 0x528A, 0x528A, 0x528A, 0x528A, 0x526A, 0x5269, 0x5269, 0x526A, 0x4A6A, 0x4A6A, 0x4A6A, 0x4A6A, 0x4A69,
  0x4A69, 0x4A69, 0x4A6A, 0x4A49, 0x4229, 0x4229, 0x4229, 0x4229, 0x4209, 0x39E8, 0x4208, 0x4A28, 0x4A28, 0x4A28, 0x5A89, 0x62A9,
  0x5A89, 0x4A49, 0x4208, 0x4A28, 0x5A69, 0x4A28, 0x39E8, 0x4208, 0x4208, 0x39E7, 0x39E7, 0x39E8, 0x39E8, 0x39C7, 0x39C7, 0x39C7,
  0x2983, 0x2983, 0x4A24, 0x4204, 0x4245, 0x4225, 0x3A05, 0x4245, 0x4A45, 0x4225, 0x31A4, 0x2123, 0x39C3, 0x39E4, 0x2963, 0x31A3,
  0x62C4, 0x4224, 0x39E4, 0x39C3, 0x1903, 0x31A4, 0x4224, 0x39C4, 0x5205, 0x5A25, 0x5225, 0x41E5, 0x39E4, 0x41E4, 0x3183, 0x39A4,
  0x41C4, 0x41C4, 0x41E4, 0x41E4, 0x2103, 0x2164, 0x39C5, 0x29A5, 0x2165, 0x2185, 0x1965, 0x2165, 0x10A2, 0x18A2, 0x2903, 0x20E3,
  0x2923, 0x2903, 0x18C2, 0x20E2, 0x3123, 0x3123, 0x3944, 0x18A2, 0x3964, 0x51E5, 0x3964, 0x3943, 0x6245, 0x6A65, 0x51E4, 0x5A25,
  0x5A05, 0x51E4, 0x2903, 0x4183, 0x6224, 0x49C4, 0x3984, 0x3963, 0x2123, 0x2123, 0x2123, 0x2123, 0x2143, 0x2143, 0x2123, 0x2123,
  0x2923, 0x2943, 0x2943, 0x2943, 0x2943, 0x2944, 0x2943, 0x2943, 0x2143, 0x2103, 0x20E3, 0x18C2, 0x20E2, 0x20E2, 0x20C2, 0x18A2,
  0x3143, 0x4184, 0x3963, 0x41A4, 0x4184, 0x49A4, 0x5A05, 0x6A65, 0x6A45, 0x41A4, 0x3184, 0x3184, 0x3184, 0x3184, 0x3184, 0x3164,
  0x3164, 0x2964, 0x2943, 0x1903, 0x1944, 0x2144, 0x3207, 0x31E7, 0x2964, 0x2943, 0x2963, 0x39C4, 0x39C4, 0x2144, 0x4A03, 0x2123,
  0x3184, 0x5244, 0x5247, 0x9387, 0x5A65, 0x5A45, 0x6285, 0x5244, 0x6AE5, 0x3183, 0x72E4, 0x72E4, 0x39C3, 0x41E3, 0x5A84, 0x39E3,
  0x4203, 0x4203, 0x4A24, 0x39E3, 0x39C3, 0x39E3, 0x4224, 0x5A84, 0x62C5, 0x7325, 0x8385, 0x8365, 0x8B86, 0x93C6, 0x93A6, 0x8BA6,
  0xA407, 0xAC47, 0xA407, 0x93C7, 0x93C6, 0x9BE7, 0x9BE7, 0x8B86, 0x8366, 0x7B46, 0x7B26, 0x6AC5, 0x5A85, 0x5A85, 0x7B26, 0x8366,
  0x62C6, 0x62E6, 0x5AA5, 0x4A45, 0x4A46, 0x4A45, 0x4225, 0x4225, 0x4225, 0x4245, 0x5265, 0x4A65, 0x5265, 0x5AA5, 0x4A24, 0x31C3,
  0x4204, 0x4204, 0x4204, 0x4A64, 0x4A45, 0x39C4, 0x3183, 0x39C3, 0x4225, 0x39C4, 0x39A4, 0x41E5, 0x4A05, 0x49E5, 0x4A05, 0x4A05,
  0x5227, 0x4A27, 0x5248, 0x62CA, 0x7B8C, 0x83CD, 0x7BAD, 0x6B2B, 0x5A68, 0x5247, 0x4A26, 0x5268, 0x5A89, 0x5A69, 0x5A89, 0x528A,
  0x528A, 0x526A, 0x526A, 0x526A, 0x528A, 0x5AAA, 0x5AAA, 0x52AA, 0x52AA, 0x52AA, 0x52AA, 0x528A, 0x4A69, 0x4A28, 0x4A49, 0x4A69,
  0x4A49, 0x4A28, 0x4A28, 0x4A48, 0x4A28, 0x4A28, 0x4A28, 0x4A28, 0x4A49, 0x526A, 0x528A, 0x528A, 0x528A, 0x528A, 0x528A, 0x528A,
  0x528A, 0x528A, 0x528A, 0x528A, 0x528A, 0x528A, 0x528A, 0x528A, 0x5269, 0x4A49, 0x6B0B, 0x6B2B, 0x6B2B, 0x62EA, 0x4A48, 0x528A,
  0x528A, 0x528A, 0x528A, 0x526A, 0x4A6A, 0x4A6A, 0x526A, 0x526A, 0x5269, 0x4A6A, 0x4A6A, 0x4A6A, 0x4A49, 0x4A6A, 0x4A4A, 0x4A4A,
  0x4A6A, 0x4A6A, 0x4A6A, 0x4A69, 0x4A69, 0x4A49, 0x4A49, 0x4249, 0x4229, 0x4229, 0x4228, 0x4208, 0x4208, 0x4A48, 0x5248, 0x4A48,
  0x4A28, 0x4208, 0x4208, 0x3A08, 0x39E8, 0x4208, 0x41E8, 0x39E8, 0x39E8, 0x39E8, 0x39E8, 0x39E7, 0x39E7, 0x39E7, 0x39E7, 0x41E7,
  0x3A04, 0x31C4, 0x31A4, 0x31E4, 0x4245, 0x4A24, 0x5244, 0x5264, 0x4224, 0x3A04, 0x3183, 0x2143, 0x2963, 0x2143, 0x2143, 0x4204,
  0x4A65, 0x31C5, 0x39E4, 0x31C4, 0x2123, 0x2943, 0x3183, 0x3983, 0x49E4, 0x49E4, 0x39A4, 0x31A4, 0x39C4, 0x39A4, 0x31A3, 0x39C4,
  0x39C4, 0x41C4, 0x39A4, 0x39C4, 0x3163, 0x3183, 0x31A5, 0x2985, 0x2165, 0x2165, 0x1965, 0x2165, 0x10A2, 0x20C2, 0x2903, 0x2903,
  0x3123, 0x20E3, 0x2903, 0x2903, 0x3123, 0x2923, 0x3964, 0x2903, 0x18C2, 0x3143, 0x3144, 0x2923, 0x6224, 0x51E4, 0x3983, 0x3984,
  0x41A4, 0x4184, 0x20E3, 0x3963, 0x6A65, 0x51E4, 0x3963, 0x2923, 0x3163, 0x2143, 0x2143, 0x2143, 0x2143, 0x2943, 0x2944, 0x2943,
  0x2123, 0x2123, 0x2943, 0x2943, 0x2944, 0x2964, 0x2964, 0x2964, 0x3164, 0x2923, 0x20E3, 0x28E3, 0x20C2, 0x20C2, 0x20E2, 0x18C2,
  0x20E2, 0x3963, 0x3963, 0x4164, 0x49A4, 0x51E4, 0x4184, 0x2902, 0x28E2, 0x4983, 0x39C6, 0x41C5, 0x39C5, 0x41C5, 0x41E6, 0x41C5,
  0x39E5, 0x39A5, 0x3164, 0x2944, 0x3183, 0x31A4, 0x31C6, 0x39C5, 0x41E4, 0x41E4, 0x39C4, 0x39C4, 0x4A24, 0x5244, 0x6AC4, 0x62A4,
  0x7304, 0x72E4, 0x6286, 0x6285, 0x4A24, 0x6AC4, 0x7B24, 0x72E4, 0x6AC4, 0x5244, 0x5A83, 0x6AA3, 0x62A3, 0x5243, 0x5223, 0x41E3,
  0x39C3, 0x4203, 0x41E3, 0x31C3, 0x39C3, 0x4203, 0x5264, 0x5AA4, 0x6AE4, 0x7B25, 0x8B85, 0x8B85, 0x93C6, 0x9BE6, 0x9BE6, 0xA426,
  0xA426, 0xAC27, 0xAC27, 0xAC27, 0xA407, 0xA407, 0xA407, 0x93C6, 0x8B66, 0x8345, 0x7B26, 0x7B25, 0x93A6, 0x93C6, 0x7B26, 0x6AE5,
  0x62A5, 0x5AA5, 0x5A85, 0x62A5, 0x62C5, 0x62A5, 0x5265, 0x5265, 0x4204, 0x3A04, 0x3A04, 0x39E4, 0x4204, 0x4A24, 0x4203, 0x31A3,
  0x39C3, 0x4224, 0x3A04, 0x4A44, 0x4224, 0x3183, 0x2963, 0x3164, 0x49E5, 0x49E5, 0x5206, 0x6226, 0x5226, 0x4A27, 0x4A28, 0x5A89,
  0x6B4C, 0x83CD, 0x7BAD, 0x734C, 0x630B, 0x5A89, 0x4A48, 0x4A48, 0x4A28, 0x5227, 0x5248, 0x5268, 0x5289, 0x5289, 0x528A, 0x528A,
  0x528A, 0x528A, 0x528A, 0x528A, 0x528A, 0x528A, 0x528A, 0x528A, 0x526A, 0x4A69, 0x4A49, 0x4A28, 0x4A48, 0x4A49, 0x4A49, 0x4A28,
  0x4A28, 0x4A28, 0x4A28, 0x4A28, 0x4A28, 0x4A28, 0x4A48, 0x4A49, 0x4A6A, 0x526A, 0x528A, 0x528A, 0x528A, 0x528A, 0x528A, 0x528A,
  0x5269, 0x526A, 0x526A, 0x5289, 0x5289, 0x5289, 0x528A, 0x5269, 0x4A28, 0x6B2B, 0x8C0E, 0x942F, 0x83CD, 0x5269, 0x4A49, 0x526A,
  0x526A, 0x528A, 0x528A, 0x526A, 0x528A, 0x4A6A, 0x4A69, 0x5269, 0x4A69, 0x4A8A, 0x4A69, 0x4A69, 0x4A6A, 0x4A49, 0x4A4A, 0x4A49,
  0x4A49, 0x4A49, 0x4A4A, 0x4A49, 0x4A49, 0x4A49, 0x4A49, 0x4229, 0x4229, 0x4208, 0x4228, 0x4208, 0x4208, 0x4208, 0x4A48, 0x5248,
  0x5248, 0x4228, 0x4208, 0x4208, 0x41E8, 0x41E8, 0x41E8, 0x39E8, 0x39E8, 0x39E8, 0x39E7, 0x39E7, 0x39C8, 0x39C8, 0x39E8, 0x39E7,
  0x31C4, 0x31A4, 0x39C4, 0x39E4, 0x4204, 0x4224, 0x5264, 0x5264, 0x39C4, 0x31A4, 0x2963, 0x2963, 0x2123, 0x1903, 0x2963, 0x31E4,
  0x29A4, 0x31A4, 0x39C4, 0x2984, 0x2983, 0x31A4, 0x31A3, 0x39A3, 0x39A4, 0x2963, 0x2963, 0x2963, 0x4A04, 0x6AA6, 0x41E4, 0x39E4,
  0x39C4, 0x41C4, 0x41C4, 0x3184, 0x2123, 0x2164, 0x21C7, 0x21A6, 0x29A5, 0x31A5, 0x2165, 0x1965, 0x10C2, 0x20E3, 0x2903, 0x28E3,
  0x20E2, 0x20E3, 0x2923, 0x3123, 0x3123, 0x2923, 0x3964, 0x3964, 0x3144, 0x2923, 0x18C3, 0x18C2, 0x51C4, 0x49A4, 0x2943, 0x3964,
  0x7285, 0x6A65, 0x2943, 0x3143, 0x5A04, 0x5A04, 0x4183, 0x2103, 0x3963, 0x2143, 0x2123, 0x2943, 0x2944, 0x2943, 0x2944, 0x2944,
  0x2964, 0x3165, 0x3164, 0x2964, 0x2964, 0x2944, 0x2943, 0x2964, 0x3184, 0x3184, 0x2923, 0x28E3, 0x20E2, 0x10A2, 0x20C2, 0x20C2,
  0x18A2, 0x2903, 0x3963, 0x3963, 0x3963, 0x2923, 0x20C2, 0x3123, 0x3123, 0x51A3, 0x5A05, 0x41E6, 0x4A06, 0x4A06, 0x4A06, 0x4A06,
  0x4A27, 0x4A06, 0x41E6, 0x41E5, 0x41E5, 0x39C4, 0x39C4, 0x4A44, 0x4A24, 0x4A24, 0x5244, 0x5264, 0x7B05, 0x62A4, 0x6284, 0x7B24,
  0x72E4, 0x7B04, 0x8344, 0x7B24, 0x7B24, 0x6AA4, 0x62A4, 0x8B85, 0x9BC6, 0x93A7, 0x8B67, 0x9BA7, 0x8B46, 0x8B26, 0x7AE7, 0x7AE7,
  0x72C7, 0x6AA6, 0x5225, 0x4A05, 0x4A05, 0x41E4, 0x41E3, 0x4A43, 0x5A84, 0x5A64, 0x62A4, 0x62A4, 0x62A4, 0x8345, 0x8345, 0x93A5,
  0x9BC6, 0x9BC6, 0x93A6, 0x9BE6, 0xA3E6, 0xAC47, 0xAC47, 0xB468, 0x9BC7, 0x8B66, 0x8345, 0x8B65, 0x7B25, 0x72E5, 0x62A5, 0x5265,
  0x5A85, 0x5A65, 0x5245, 0x5A45, 0x6AC5, 0x62C5, 0x62C5, 0x5264, 0x41E4, 0x39C4, 0x39C4, 0x3183, 0x4204, 0x39E3, 0x39E4, 0x39C3,
  0x2983, 0x39C4, 0x41E4, 0x31A4, 0x49E4, 0x49E5, 0x5206, 0x5A05, 0x51E4, 0x49C4, 0x49C5, 0x5227, 0x62C9, 0x734B, 0x83AC, 0x7BAC,
  0x7BAD, 0x734B, 0x5AAA, 0x4A48, 0x5248, 0x5A68, 0x5A89, 0x5A89, 0x5AAA, 0x5ACA, 0x5ACA, 0x5ACB, 0x5ACB, 0x5ACB, 0x52AA, 0x528A,
  0x528A, 0x528A, 0x528A, 0x528A, 0x528A, 0x528A, 0x528A, 0x4A69, 0x4A49, 0x4A29, 0x4A49, 0x4A49, 0x4A49, 0x4A28, 0x4A28, 0x4A28,
  0x4A28, 0x4228, 0x4208, 0x4208, 0x4A28, 0x4A49, 0x4A69, 0x4A6A, 0x526A, 0x528A, 0x528A, 0x528A, 0x528A, 0x528A, 0x528A, 0x528A,
  0x528A, 0x528A, 0x528A, 0x528A, 0x5269, 0x5269, 0x5269, 0x4A69, 0x734B, 0x83CD, 0x8BCD, 0x83AD, 0x5269, 0x4A49, 0x4A69, 0x4A69,
  0x4A69, 0x4A6A, 0x4A6A, 0x4A6A, 0x4A6A, 0x4A69, 0x4A69, 0x4A49, 0x4A6A, 0x4A6A, 0x4A49, 0x4A6A, 0x4A6A, 0x4A49, 0x4A49, 0x4A49,
  0x4A49, 0x4A49, 0x4A29, 0x4228, 0x4228, 0x4228, 0x4208, 0x4208, 0x4208, 0x4228, 0x4208, 0x4208, 0x4208, 0x41E8, 0x39E8, 0x4208,
  0x4208, 0x4208, 0x4208, 0x4208, 0x39E7, 0x39E7, 0x39E8, 0x39E8, 0x39E8, 0x39E8, 0x39E8, 0x39E8, 0x39E8, 0x39C8, 0x39E8, 0x39E7,
  0x31C4, 0x31A4, 0x31A4, 0x41E4, 0x4204, 0x4225, 0x4A45, 0x4204, 0x2983, 0x2983, 0x2163, 0x2963, 0x2123, 0x2143, 0x31A4, 0x2984,
  0x2123, 0x2963, 0x2984, 0x2983, 0x31C4, 0x39E4, 0x31C4, 0x31A4, 0x2963, 0x2963, 0x31A4, 0x31C4, 0x39C4, 0x4A05, 0x41E4, 0x39C4,
  0x41C4, 0x41C4, 0x41C4, 0x2943, 0x10A2, 0x1923, 0x29E6, 0x39E5, 0x2985, 0x2185, 0x2166, 0x1945, 0x10C3, 0x2903, 0x2903, 0x2903,
  0x28E3, 0x2903, 0x2923, 0x3123, 0x3123, 0x2923, 0x41A4, 0x41A4, 0x3984, 0x3964, 0x2903, 0x20E3, 0x3963, 0x49C4, 0x49C4, 0x49C4,
  0x5204, 0x41A4, 0x2943, 0x3143, 0x5A04, 0x5A04, 0x49A4, 0x2923, 0x3143, 0x2943, 0x2964, 0x2964, 0x3164, 0x3185, 0x3185, 0x31A6,
  0x39A6, 0x39A6, 0x3185, 0x3185, 0x3185, 0x3185, 0x3185, 0x3185, 0x31A5, 0x31A5, 0x31A5, 0x2944, 0x18C2, 0x18E3, 0x18C2, 0x20E2,
  0x20E2, 0x28E3, 0x2923, 0x18C2, 0x1081, 0x10A2, 0x3103, 0x3943, 0x3943, 0x3922, 0x51C3, 0x5205, 0x41E6, 0x39C5, 0x39A5, 0x39A4,
  0x39C4, 0x4205, 0x4A25, 0x4A25, 0x5245, 0x5245, 0x4A04, 0x62C3, 0x72E5, 0x72E5, 0x72E4, 0x7B04, 0x8B65, 0x7B05, 0x7B05, 0x7B26,
  0x7B27, 0x8B88, 0xA408, 0xA408, 0xA3E9, 0xBC6A, 0xBC8A, 0xB449, 0xB449, 0xB42A, 0xA3E9, 0x8B48, 0x72A7, 0x6A87, 0x6AA8, 0x72C8,
  0x72E9, 0x7B09, 0x72E8, 0x6AA8, 0x6A88, 0x6A67, 0x6267, 0x6A86, 0x72A6, 0x6A86, 0x5A45, 0x5224, 0x5204, 0x5223, 0x41E3, 0x4A03,
  0x4A23, 0x6284, 0x7305, 0x9BE6, 0x8B85, 0x9BE6, 0x9BE6, 0x9BC7, 0xA3E7, 0xBC69, 0xB449, 0xA3E8, 0x9BC7, 0x9BE8, 0x9BC8, 0x8347,
  0x72E6, 0x6AC5, 0x5A66, 0x4A05, 0x49E4, 0x4204, 0x41E4, 0x39C4, 0x39E4, 0x4204, 0x31A4, 0x31A4, 0x31A3, 0x2963, 0x3184, 0x41C4,
  0x3984, 0x41A4, 0x49C4, 0x49E4, 0x49C3, 0x49C5, 0x49E6, 0x49E6, 0x5247, 0x62C9, 0x6B2B, 0x732B, 0x7B4B, 0x7B8C, 0x6B0A, 0x5AA9,
  0x4A48, 0x5248, 0x6288, 0x62A9, 0x62AA, 0x5AAA, 0x5AAA, 0x5AAA, 0x5ACB, 0x5ACA, 0x5ACB, 0x5ACB, 0x5ACB, 0x5ACB, 0x5AAB, 0x5AAA,
  0x52AA, 0x52AA, 0x528A, 0x528A, 0x528A, 0x528A, 0x528A, 0x5269, 0x4A49, 0x4A48, 0x4A28, 0x4A28, 0x4A28, 0x4A28, 0x4A28, 0x4A28,
  0x4A28, 0x4A28, 0x4A28, 0x4A49, 0x4A69, 0x4A6A, 0x528A, 0x4A8A, 0x528A, 0x528A, 0x4A8A, 0x4A6A, 0x4A6A, 0x4A6A, 0x4A6A, 0x4A6A,
  0x5269, 0x5269, 0x526A, 0x528A, 0x528A, 0x526A, 0x5289, 0x7BAD, 0x8BEE, 0x83CD, 0x736B, 0x4A48, 0x4A28, 0x4A49, 0x4A49, 0x4A49,
  0x4A6A, 0x4A69, 0x4A6A, 0x4A6A, 0x4A49, 0x4A69, 0x4A69, 0x4A6A, 0x4A69, 0x4A69, 0x4A6A, 0x4A6A, 0x4A69, 0x4A6A, 0x4A49, 0x4A49,
  0x4A49, 0x4A28, 0x4208, 0x4228, 0x4208, 0x4208, 0x4208, 0x4208, 0x4208, 0x4208, 0x4208, 0x4208, 0x4208, 0x4208, 0x4208, 0x4208,
  0x4208, 0x4208, 0x4208, 0x39E8, 0x39E7, 0x39E7, 0x39E8, 0x39E8, 0x39E8, 0x39E8, 0x39E8, 0x39E8, 0x41E7, 0x39E8, 0x39E8, 0x39E7,
  0x4A44, 0x4A24, 0x31C4, 0x39C4, 0x4A24, 0x4225, 0x4224, 0x4A24, 0x31A4, 0x31A4, 0x2983, 0x2143, 0x2123, 0x2143, 0x2983, 0x2123,
  0x1903, 0x2163, 0x2983, 0x31A4, 0x31A4, 0x31A4, 0x2983, 0x31A4, 0x3183, 0x2983, 0x2983, 0x2983, 0x2963, 0x2983, 0x31A4, 0x3183,
  0x39A4, 0x3163, 0x3184, 0x2963, 0x2103, 0x2123, 0x29A5, 0x2165, 0x1925, 0x2145, 0x2144, 0x2144, 0x2103, 0x2903, 0x28E3, 0x2903,
  0x2903, 0x2903, 0x3123, 0x3123, 0x3123, 0x3123, 0x4184, 0x49A4, 0x41A4, 0x3964, 0x20E3, 0x2923, 0x3964, 0x5A04, 0x49C4, 0x49C4,
  0x49C4, 0x4184, 0x4184, 0x2923, 0x49A4, 0x59E4, 0x49C4, 0x3144, 0x2923, 0x3964, 0x3185, 0x3185, 0x3185, 0x3185, 0x31A5, 0x39A5,
  0x3185, 0x3185, 0x3185, 0x39A5, 0x39A5, 0x39A5, 0x39C6, 0x39A6, 0x39C6, 0x39C6, 0x39C6, 0x39E6, 0x39E6, 0x3185, 0x18C2, 0x20C2,
  0x20E3, 0x2903, 0x3923, 0x20C2, 0x10A2, 0x28E3, 0x2903, 0x3923, 0x3123, 0x28E2, 0x4163, 0x59E3, 0x7AC6, 0x93A8, 0x8B47, 0x7B06,
  0x8347, 0xA3C8, 0xB429, 0x9BA7, 0xAC08, 0xC48B, 0xA3E9, 0xA3E8, 0xB429, 0xB42A, 0x9BA9, 0x8B48, 0x8B48, 0x9BA9, 0xAC0A, 0xB44B,
  0xC4AC, 0xC4CD, 0xB44B, 0xA3EA, 0x9B89, 0x9389, 0x8B49, 0x8B28, 0x8308, 0x82E8, 0x8B28, 0x9369, 0x9BA9, 0xA3CA, 0xA3EA, 0xA3EA,
  0xABEA, 0xABEA, 0xB42B, 0xBC4B, 0xBC6B, 0xC4AC, 0xCCAC, 0xC48C, 0xC48B, 0xBC6B, 0xABEA, 0xABEA, 0xAC0A, 0xB44B, 0xAC2A, 0x9BC9,
  0x6AA6, 0x5A64, 0x6285, 0x6284, 0x6284, 0x5223, 0x6284, 0x7B25, 0x8B86, 0x93A6, 0x9BE9, 0xBC8A, 0xAC09, 0x9387, 0xAC29, 0x7B26,
  0x6285, 0x5225, 0x4A04, 0x49E4, 0x41C4, 0x4204, 0x39A3, 0x3183, 0x39C4, 0x39A3, 0x3183, 0x3164, 0x3984, 0x49C4, 0x51C4, 0x51E5,
  0x51E5, 0x51E5, 0x4A06, 0x5227, 0x4A27, 0x5248, 0x62EA, 0x7B8C, 0x8BEE, 0x8BEE, 0x7B8C, 0x6AEA, 0x5248, 0x4A48, 0x5248, 0x5268,
  0x5269, 0x5269, 0x5289, 0x5A89, 0x5AAA, 0x52AA, 0x528A, 0x52AA, 0x52AA, 0x52AA, 0x528A, 0x528A, 0x52AB, 0x52AA, 0x52AA, 0x5AAA,
  0x5289, 0x5A89, 0x5A89, 0x528A, 0x528A, 0x5269, 0x4A48, 0x4A28, 0x4A28, 0x4A07, 0x4A08, 0x4A48, 0x4A49, 0x4A69, 0x4A28, 0x4A28,
  0x4A49, 0x4A69, 0x4A69, 0x5269, 0x526A, 0x526A, 0x528A, 0x6AE9, 0x6AE9, 0x62A9, 0x62C9, 0x6AC9, 0x6AC9, 0x6ACA, 0x6AEA, 0x6AEA,
  0x72E9, 0x72E9, 0x72E9, 0x62A9, 0x4228, 0x5289, 0x7B8C, 0x83EE, 0x8BEE, 0x736C, 0x4A28, 0x4208, 0x4A29, 0x4229, 0x4A49, 0x4A49,
  0x4A69, 0x4A69, 0x4A69, 0x4A69, 0x4A69, 0x4A6A, 0x4A6A, 0x4A69, 0x4A69, 0x4A6A, 0x4A6A, 0x4A6A, 0x4A69, 0x4A49, 0x4A29, 0x4A28,
  0x4A28, 0x4A28, 0x4228, 0x4229, 0x4229, 0x4208, 0x4208, 0x4208, 0x41E8, 0x41E7, 0x4208, 0x39E8, 0x41E8, 0x4208, 0x4208, 0x4208,
  0x4208, 0x4208, 0x4208, 0x41E8, 0x39E7, 0x39E7, 0x39E8, 0x39E8, 0x39E8, 0x39E8, 0x39E8, 0x39E8, 0x39E8, 0x39E8, 0x39E7, 0x39E7,
  0x39E4, 0x4A45, 0x4245, 0x3A04, 0x4225, 0x4225, 0x4224, 0x4A44, 0x4224, 0x4225, 0x4224, 0x2983, 0x2983, 0x2963, 0x2143, 0x1903,
  0x2963, 0x2984, 0x2983, 0x31A3, 0x2143, 0x31A3, 0x2963, 0x2963, 0x2983, 0x2983, 0x2123, 0x2963, 0x3183, 0x2963, 0x2983, 0x31A3,
  0x3183, 0x2143, 0x2964, 0x31A4, 0x31C4, 0x2985, 0x2985, 0x2165, 0x2165, 0x2965, 0x2964, 0x2944, 0x2943, 0x2903, 0x2903, 0x28E3,
  0x2903, 0x2903, 0x3123, 0x3123, 0x3124, 0x2923, 0x4184, 0x41A4, 0x49A4, 0x4184, 0x2923, 0x2923, 0x3164, 0x49C4, 0x49C4, 0x41A4,
  0x41A4, 0x49C4, 0x41A4, 0x2103, 0x41A4, 0x51E4, 0x49A4, 0x3143, 0x2103, 0x3963, 0x39A5, 0x31A5, 0x31A5, 0x39A5, 0x39C5, 0x39C6,
  0x39C6, 0x39C6, 0x39C6, 0x39C6, 0x39C6, 0x39C6, 0x39C6, 0x39C6, 0x39E6, 0x39C6, 0x39E6, 0x39C5, 0x39C5, 0x39A5, 0x18C2, 0x18A2,
  0x20E2, 0x2903, 0x4163, 0x3123, 0x20C3, 0x20C2, 0x2903, 0x3103, 0x3943, 0x3943, 0x3923, 0x51C3, 0x6A24, 0x9368, 0xB40B, 0xA3CA,
  0x9BAA, 0x8B49, 0x7AE8, 0x72A7, 0x7AE8, 0x7B09, 0x8329, 0x938A, 0x8B6A, 0x834A, 0x7B09, 0x7B09, 0x7AE9, 0x7B09, 0x8329, 0x8329,
  0x8329, 0x8308, 0x8B29, 0x9389, 0xA3C9, 0xABEA, 0xB42A, 0xBC4B, 0xBC6B, 0xC48B, 0xCCAB, 0xD4EC, 0xDD0D, 0xDD2D, 0xD50D, 0xCCCC,
  0xCCAB, 0xCCAC, 0xD4EC, 0xD50C, 0xDD0D, 0xDD2D, 0xDD2D, 0xD52D, 0xD50D, 0xD4ED, 0xD50D, 0xD50D, 0xD4ED, 0xC4AC, 0xABEA, 0x9BA9,
  0x9368, 0x9BC9, 0xB44B, 0xBC8C, 0xBC4B, 0x9BA9, 0x72E7, 0x41E3, 0x6AC4, 0x62A4, 0x5224, 0x6AA5, 0x6265, 0x6264, 0x6AA5, 0x6AE5,
  0x6AC5, 0x5245, 0x4A04, 0x39A3, 0x3183, 0x41E3, 0x39C4, 0x41C4, 0x41C4, 0x49E5, 0x5A26, 0x51E5, 0x51E5, 0x5205, 0x5206, 0x5226,
  0x5227, 0x5248, 0x5A89, 0x6B0A, 0x83AD, 0x8BEE, 0x83AC, 0x732B, 0x5AA9, 0x4A48, 0x4A48, 0x4A48, 0x5248, 0x4A27, 0x4A27, 0x4A28,
  0x4A48, 0x4A49, 0x5269, 0x5269, 0x5269, 0x5269, 0x5269, 0x528A, 0x528A, 0x528A, 0x52AA, 0x528A, 0x52AA, 0x528A, 0x528A, 0x5289,
  0x5269, 0x5269, 0x5269, 0x5269, 0x5248, 0x4A28, 0x4A28, 0x4A28, 0x4A28, 0x4A28, 0x4A28, 0x4A48, 0x4A48, 0x4A48, 0x4A49, 0x4A49,
  0x4A69, 0x5269, 0x5269, 0x5269, 0x5269, 0x528A, 0x5AA9, 0x62C9, 0x62A9, 0x62A9, 0x6AC9, 0x6AC9, 0x6AC9, 0x62C9, 0x62A9, 0x62A9,
  0x62A9, 0x5A89, 0x5248, 0x4207, 0x5AA9, 0x83AD, 0x7BAD, 0x8BEE, 0x7B8C, 0x4A49, 0x4A48, 0x4A49, 0x4A49, 0x4A29, 0x4A29, 0x4A49,
  0x4A49, 0x4A69, 0x4A6A, 0x4A6A, 0x4A6A, 0x4A6A, 0x4A49, 0x4A49, 0x4A6A, 0x4A69, 0x4A49, 0x4A49, 0x4A28, 0x4A28, 0x4228, 0x4A29,
  0x4229, 0x4228, 0x4229, 0x4249, 0x4228, 0x4208, 0x4208, 0x4208, 0x41E7, 0x4207, 0x4208, 0x39E8, 0x4208, 0x4208, 0x4208, 0x4208,
  0x4208, 0x4208, 0x4208, 0x41E8, 0x4208, 0x39E7, 0x39E8, 0x39E8, 0x39E8, 0x39E8, 0x39E8, 0x39E8, 0x39E8, 0x39E8, 0x39E8, 0x39E7,
  0x29A4, 0x31C4, 0x4225, 0x39E4, 0x39C4, 0x31A4, 0x39C4, 0x4225, 0x4224, 0x39E4, 0x4A45, 0x4A44, 0x3A04, 0x31C4, 0x31A4, 0x2123,
  0x2963, 0x2963, 0x31A3, 0x31A3, 0x1923, 0x2983, 0x31A3, 0x2143, 0x2143, 0x2123, 0x2103, 0x29A3, 0x31A3, 0x2983, 0x31A4, 0x31A3,
  0x2103, 0x2943, 0x31A4, 0x39C4, 0x1903, 0x2164, 0x29C6, 0x3207, 0x3A06, 0x29A5, 0x2985, 0x1944, 0x2103, 0x2903, 0x2903, 0x2903,
  0x2903, 0x2903, 0x3123, 0x3123, 0x3123, 0x2903, 0x3984, 0x3963, 0x49A4, 0x41A4, 0x3144, 0x2903, 0x3964, 0x4184, 0x49A4, 0x41A4,
  0x41A4, 0x49C4, 0x41A4, 0x2944, 0x41A4, 0x51C4, 0x49A4, 0x39A4, 0x2944, 0x2903, 0x41A5, 0x4206, 0x41E6, 0x39E6, 0x39E6, 0x39E6,
  0x39E6, 0x31C5, 0x31A5, 0x39C5, 0x39C5, 0x39C5, 0x41E5, 0x4A05, 0x5246, 0x6286, 0x6AC7, 0x72C7, 0x7AE7, 0x9348, 0x6A66, 0x10A2,
  0x20C2, 0x20E3, 0x2903, 0x28E3, 0x28E3, 0x20E3, 0x2903, 0x3103, 0x3943, 0x4163, 0x4163, 0x4163, 0x61E4, 0x8285, 0x82E7, 0x72C9,
  0x6288, 0x6288, 0x6AA8, 0x6AA8, 0x6AA8, 0x6AA8, 0x6AA8, 0x62A8, 0x6288, 0x62A8, 0x6AA8, 0x6AC8, 0x6AC9, 0x72C9, 0x72E8, 0x72E8,
  0x72E8, 0x7AE9, 0x8309, 0x8B49, 0x9BCA, 0xAC0B, 0xB44B, 0xCCCC, 0xD50C, 0xD50C, 0xD4EC, 0xCCCC, 0xCCCC, 0xCCEC, 0xD4EC, 0xD4ED,
  0xD50D, 0xD4ED, 0xD4EC, 0xD50D, 0xD52D, 0xD52D, 0xD52D, 0xCCCC, 0xC48B, 0xBC4B, 0xB42A, 0xB44B, 0xB42B, 0xB42A, 0xB42A, 0xBC8B,
  0xCCED, 0xD50D, 0xCCED, 0xC4AC, 0xBC8C, 0xA3EA, 0xA3A9, 0x49E4, 0x39A4, 0x41C4, 0x49E5, 0x5A45, 0x6265, 0x6265, 0x5A85, 0x62C5,
  0x5A64, 0x4204, 0x39C4, 0x2963, 0x3183, 0x3983, 0x51E4, 0x6224, 0x59E4, 0x51E4, 0x49C4, 0x49C5, 0x4A06, 0x4A27, 0x5248, 0x5AA9,
  0x5A88, 0x62C9, 0x6B0A, 0x6B0A, 0x62C9, 0x5AA9, 0x5268, 0x4A27, 0x4A06, 0x5227, 0x5247, 0x5248, 0x5A68, 0x5248, 0x5248, 0x5248,
  0x4A48, 0x5248, 0x5269, 0x5289, 0x5289, 0x5A89, 0x5AAA, 0x62CA, 0x5AAA, 0x528A, 0x528A, 0x528A, 0x528A, 0x528A, 0x526A, 0x4A69,
  0x4A49, 0x4A49, 0x4A28, 0x4A28, 0x4227, 0x4208, 0x4A28, 0x4A28, 0x4A28, 0x4A48, 0x4A49, 0x4A49, 0x4A49, 0x4A49, 0x4A49, 0x4A49,
  0x4A49, 0x4A49, 0x4A69, 0x4A69, 0x5269, 0x4A69, 0x4A49, 0x4A49, 0x4A6A, 0x4A6A, 0x4A69, 0x4A49, 0x4A49, 0x4A49, 0x4A49, 0x4A49,
  0x4A49, 0x4A49, 0x4A49, 0x838C, 0xA48F, 0xA48F, 0xA46E, 0x838C, 0x4A28, 0x4A69, 0x4A69, 0x4A49, 0x4A49, 0x4A49, 0x4A49, 0x4A6A,
  0x4A6A, 0x4A6A, 0x528A, 0x528A, 0x4A6A, 0x4A49, 0x4A49, 0x4A49, 0x4A49, 0x4A49, 0x4A49, 0x4A28, 0x4A28, 0x4A28, 0x4228, 0x4229,
  0x4229, 0x4228, 0x4229, 0x4208, 0x4208, 0x4208, 0x4208, 0x41E8, 0x41E7, 0x4208, 0x4208, 0x4208, 0x4208, 0x4208, 0x4208, 0x41E8,
  0x41E8, 0x41E8, 0x41E8, 0x4208, 0x4208, 0x4208, 0x3A08, 0x39E8, 0x41E8, 0x41E8, 0x39E8, 0x39E8, 0x39E8, 0x39E8, 0x39E8, 0x39E8,
  0x31E5, 0x31A4, 0x31C4, 0x31A4, 0x31C4, 0x31A4, 0x39E4, 0x4205, 0x39E4, 0x31A4, 0x39C4, 0x4204, 0x4204, 0x3A04, 0x31C4, 0x2984,
  0x31A4, 0x2964, 0x2984, 0x2984, 0x1923, 0x2984, 0x31A3, 0x1903, 0x1903, 0x2123, 0x2103, 0x2123, 0x2123, 0x2143, 0x2943, 0x2143,
  0x18E3, 0x2143, 0x31C4, 0x2964, 0x10C2, 0x18E3, 0x29A6, 0x31E6, 0x31C5, 0x2986, 0x29A5, 0x1904, 0x18E3, 0x2103, 0x2944, 0x2923,
  0x2903, 0x2923, 0x2923, 0x2923, 0x3123, 0x2903, 0x4184, 0x3964, 0x4184, 0x41A4, 0x3144, 0x2103, 0x2923, 0x49C4, 0x49C4, 0x41A4,
  0x41A4, 0x49C4, 0x3984, 0x2944, 0x3984, 0x41A4, 0x49C4, 0x39A5, 0x31A6, 0x2103, 0x3944, 0x4A06, 0x4206, 0x41E6, 0x39E6, 0x41E5,
  0x4A26, 0x6286, 0x72C7, 0x7AE7, 0x8328, 0x9389, 0x9BA9, 0x9BA9, 0xA3E9, 0xA3E9, 0xAC0A, 0xB42A, 0xB42A, 0xAC0A, 0xAC0A, 0x49E5,
  0x18A2, 0x20E3, 0x18C2, 0x20C3, 0x2903, 0x2903, 0x2903, 0x2903, 0x2903, 0x3123, 0x3943, 0x4164, 0x59C4, 0x6A04, 0x92C5, 0x82A6,
  0x6A66, 0x6A87, 0x72E8, 0x72E9, 0x6AC8, 0x6AA8, 0x6AA8, 0x6AA8, 0x6AA8, 0x6AA8, 0x6AC8, 0x72E9, 0x7B09, 0x8309, 0x8309, 0x8329,
  0x8329, 0x8B49, 0x9389, 0x9BAA, 0x9389, 0x8329, 0x7B09, 0x8329, 0x938A, 0xA3EA, 0xB42B, 0xBC6B, 0xCCAC, 0xCCCC, 0xCCEC, 0xD50D,
  0xD50D, 0xD4ED, 0xCCCC, 0xCCCC, 0xC4AC, 0xC4AC, 0xBC6B, 0xA40A, 0xAC2A, 0xB44B, 0xBC6C, 0xBC8C, 0xC4AC, 0xC4AC, 0xD4EC, 0xBC8B,
  0xB44B, 0xABEA, 0x7AE7, 0x72A7, 0x6A86, 0x72A6, 0x8307, 0x5205, 0x3183, 0x4A04, 0x5225, 0x5224, 0x5A45, 0x5A45, 0x5A45, 0x39C4,
  0x39A4, 0x51E4, 0x51C4, 0x5A04, 0x5A25, 0x5206, 0x41C5, 0x41A4, 0x4184, 0x49C5, 0x5206, 0x5A88, 0x732B, 0x7B8C, 0x7B8C, 0x7B8C,
  0x732A, 0x5A68, 0x5248, 0x5247, 0x5248, 0x4A28, 0x5248, 0x5268, 0x5248, 0x4A28, 0x4A27, 0x4A28, 0x4A28, 0x5A68, 0x6288, 0x6289,
  0x62A9, 0x62CA, 0x5AAA, 0x5289, 0x5269, 0x5289, 0x5289, 0x5A89, 0x5A89, 0x5289, 0x5269, 0x5269, 0x4A49, 0x4A49, 0x4A48, 0x4A28,
  0x4A28, 0x4A48, 0x4A28, 0x4A28, 0x4A28, 0x4A28, 0x4228, 0x4A28, 0x4A28, 0x4A49, 0x4A49, 0x4A69, 0x4A69, 0x5269, 0x5249, 0x4A48,
  0x5248, 0x4A48, 0x4A48, 0x4A49, 0x4A49, 0x4A29, 0x4A49, 0x4A49, 0x4A49, 0x4A49, 0x5269, 0x5269, 0x4A69, 0x4A49, 0x4A49, 0x4A49,
  0x4A29, 0x5A89, 0x8BCC, 0xACAF, 0xB4F0, 0xB4D0, 0x734B, 0x4228, 0x4A49, 0x4A49, 0x4A49, 0x4A49, 0x4A49, 0x4A49, 0x4A49, 0x4A69,
  0x4A49, 0x4A6A, 0x4A6A, 0x4A6A, 0x4A6A, 0x4A69, 0x4A49, 0x4A49, 0x4A49, 0x4A49, 0x4228, 0x4228, 0x4228, 0x4228, 0x4228, 0x4228,
  0x4208, 0x4208, 0x4208, 0x4208, 0x4208, 0x4208, 0x4208, 0x4208, 0x4A28, 0x4228, 0x4208, 0x4208, 0x4208, 0x41E7, 0x39E7, 0x39E8,
  0x39E8, 0x41E8, 0x4208, 0x4208, 0x4208, 0x41E8, 0x4208, 0x41E7, 0x41E7, 0x41E8, 0x39E8, 0x39E7, 0x41E7, 0x41E8, 0x39E8, 0x39E7,
  0x31C4, 0x31A4, 0x31C4, 0x31E4, 0x39E4, 0x39E4, 0x39E4, 0x39E4, 0x39E4, 0x39E4, 0x39C4, 0x39C4, 0x39E4, 0x4204, 0x31A4, 0x3A04,
  0x39E4, 0x2984, 0x2984, 0x2164, 0x29A4, 0x2964, 0x2963, 0x1903, 0x1903, 0x1903, 0x1903, 0x2123, 0x2123, 0x2143, 0x1903, 0x2123,
  0x2964, 0x2964, 0x2964, 0x31C4, 0x2964, 0x1903, 0x29A6, 0x31C5, 0x29A6, 0x2185, 0x2984, 0x1904, 0x18C3, 0x2943, 0x3164, 0x2103,
  0x2903, 0x2923, 0x2923, 0x2923, 0x3124, 0x2923, 0x3964, 0x3144, 0x3964, 0x3964, 0x3144, 0x2104, 0x2924, 0x51C4, 0x51E5, 0x41A4,
  0x41A4, 0x41A4, 0x3164, 0x2923, 0x3143, 0x49C4, 0x41A4, 0x41A4, 0x4207, 0x3185, 0x2903, 0x3985, 0x39A6, 0x39C6, 0x39C6, 0x39C5,
  0x49E5, 0x5A46, 0x5A46, 0x5A46, 0x6287, 0x6AA7, 0x5A66, 0x5246, 0x5226, 0x41C5, 0x39A5, 0x3184, 0x3164, 0x2964, 0x2944, 0x2923,
  0x18C3, 0x18C3, 0x18C3, 0x18E3, 0x2103, 0x2103, 0x2903, 0x2903, 0x2903, 0x3123, 0x3943, 0x4984, 0x4164, 0x49A4, 0x61E4, 0x61E4,
  0x7224, 0x9AE6, 0x9B27, 0x8B28, 0x8329, 0x7B08, 0x8328, 0x8B48, 0x9368, 0x9388, 0x8B68, 0x8348, 0x8328, 0x7B07, 0x7B28, 0x7B07,
  0x8328, 0x8329, 0x8329, 0x8329, 0x7B09, 0x72E8, 0x8329, 0x8B49, 0x8329, 0x8B4A, 0x938A, 0x9B89, 0x9B89, 0x9369, 0x9389, 0x8B68,
  0x9BC9, 0xAC2A, 0xB44B, 0xAC0A, 0x9BA9, 0x9388, 0x9388, 0xBC8B, 0xCCED, 0xC4CD, 0xB44B, 0x9B89, 0x8307, 0x72A6, 0x7AE7, 0x9368,
  0x8307, 0x8307, 0x7AC7, 0x72A7, 0x72A7, 0x7AC7, 0x7AC7, 0x5225, 0x5204, 0x5224, 0x41A4, 0x39A4, 0x6245, 0x6A45, 0x82E6, 0x7AA5,
  0x7AA5, 0x9306, 0x8AE6, 0x8AC5, 0x8AE6, 0x7AC7, 0x6AE9, 0x730A, 0x7B6B, 0x8BCC, 0x93EC, 0x93EC, 0x8BAC, 0x730A, 0x5A89, 0x5248,
  0x4A28, 0x4A48, 0x5A68, 0x5A68, 0x5248, 0x5248, 0x5248, 0x5269, 0x5269, 0x5A69, 0x5268, 0x5A68, 0x6288, 0x6288, 0x5A89, 0x5269,
  0x5A89, 0x5A89, 0x62A9, 0x62A9, 0x62A9, 0x62A9, 0x5A89, 0x5269, 0x5A88, 0x5A68, 0x5A89, 0x62A9, 0x6AC9, 0x7B0A, 0x72E9, 0x6AC9,
  0x5A89, 0x4A48, 0x4228, 0x4208, 0x4A08, 0x4A28, 0x4A28, 0x4A49, 0x4A49, 0x4A49, 0x4A49, 0x4A49, 0x4A48, 0x5268, 0x4A28, 0x4A28,
  0x4A28, 0x4A28, 0x4A48, 0x4A49, 0x4A49, 0x4A49, 0x4A69, 0x4A69, 0x5269, 0x5249, 0x5269, 0x5269, 0x4A69, 0x4A49, 0x4A29, 0x4A28,
  0x5A89, 0x6AE9, 0x6B0A, 0x6B0A, 0x6B0A, 0x4A48, 0x4208, 0x4229, 0x4229, 0x4229, 0x4229, 0x4229, 0x4229, 0x4229, 0x4A49, 0x4A49,
  0x5269, 0x5269, 0x5269, 0x5A89, 0x5A89, 0x5A89, 0x5A89, 0x5A69, 0x5A69, 0x5A69, 0x5248, 0x5248, 0x4A28, 0x4A28, 0x4A28, 0x4A28,
  0x4208, 0x4208, 0x4208, 0x4208, 0x41E8, 0x4208, 0x41E7, 0x4207, 0x4A08, 0x4207, 0x41E7, 0x5248, 0x6288, 0x6A88, 0x5A48, 0x5248,
  0x4A07, 0x41E8, 0x39E8, 0x39E8, 0x41E8, 0x39E8, 0x4208, 0x41E7, 0x41E7, 0x39E8, 0x39E8, 0x39E7, 0x39E7, 0x41E7, 0x41E7, 0x41E8,
  0x29A4, 0x31A4, 0x31A4, 0x31C4, 0x31A4, 0x31A4, 0x2984, 0x31A4, 0x39E4, 0x31A4, 0x39C4, 0x39E4, 0x39C4, 0x39E4, 0x31C4, 0x39E4,
  0x2984, 0x39E4, 0x39E4, 0x2984, 0x31A4, 0x2984, 0x2123, 0x1903, 0x1903, 0x2143, 0x31A4, 0x2984, 0x2123, 0x1923, 0x2143, 0x2143,
  0x2964, 0x2964, 0x2143, 0x2984, 0x3A05, 0x31A4, 0x29A6, 0x31C5, 0x39E5, 0x2985, 0x31A4, 0x31A5, 0x2944, 0x3164, 0x2944, 0x2103,
  0x2103, 0x2903, 0x2103, 0x2923, 0x2924, 0x2924, 0x2924, 0x3124, 0x3164, 0x3964, 0x3144, 0x2924, 0x2104, 0x49C4, 0x51E4, 0x3964,
  0x41A4, 0x3984, 0x3964, 0x2944, 0x3164, 0x49C4, 0x4184, 0x3164, 0x2985, 0x2965, 0x2944, 0x3164, 0x39C6, 0x39C6, 0x39C6, 0x39A5,
  0x31A5, 0x3185, 0x3185, 0x3185, 0x3185, 0x2964, 0x3185, 0x3164, 0x2964, 0x3164, 0x2924, 0x2924, 0x2123, 0x2103, 0x2124, 0x2104,
  0x2924, 0x2944, 0x2944, 0x2103, 0x2903, 0x2103, 0x20E3, 0x2903, 0x2903, 0x3123, 0x3944, 0x3964, 0x3964, 0x4164, 0x3964, 0x4184,
  0x51C4, 0x4984, 0x6204, 0x9368, 0xB44C, 0xB44C, 0xB44C, 0xAC2B, 0xAC2B, 0xA3EB, 0x93AA, 0x8B49, 0x7B08, 0x72C8, 0x6AC7, 0x62A6,
  0x6286, 0x6287, 0x6287, 0x6AA7, 0x6AC6, 0x72E7, 0x72E7, 0x7B08, 0x8348, 0x7B08, 0x7B08, 0x72E8, 0x72C8, 0x72E8, 0x8328, 0x8B49,
  0x9BA9, 0xA3EA, 0x9BCA, 0xAC2B, 0xB44B, 0x9BCA, 0x5A46, 0x72C7, 0x8328, 0x8308, 0x8328, 0x72C7, 0x6A86, 0x6A86, 0x6245, 0x82E7,
  0x8307, 0x82E7, 0x8307, 0x7AC7, 0x5226, 0x5205, 0x5205, 0x72A5, 0x8305, 0x7AC5, 0x9345, 0x9325, 0x8B05, 0x8B06, 0x8AE6, 0x9B26,
  0x92E5, 0x9327, 0x9327, 0x9BA9, 0xAC6C, 0xBCEF, 0xCD91, 0xDDF2, 0xD5B2, 0xC50F, 0xAC6D, 0x938A, 0x8B6A, 0x8B4A, 0x834A, 0x834A,
  0x834A, 0x834A, 0x834A, 0x7B2A, 0x72E9, 0x72C9, 0x6289, 0x5248, 0x5268, 0x5A69, 0x5249, 0x4A49, 0x4A49, 0x4A49, 0x5269, 0x5289,
  0x5289, 0x5A89, 0x5AA9, 0x5A89, 0x5A89, 0x5A89, 0x5269, 0x5269, 0x5A89, 0x62C9, 0x72EA, 0x7B0A, 0x7B0A, 0x72E9, 0x6289, 0x4A28,
  0x4207, 0x41E7, 0x4207, 0x4A07, 0x4A28, 0x4A49, 0x4A49, 0x4A49, 0x4A49, 0x4A49, 0x4A49, 0x4A29, 0x4A48, 0x4A49, 0x4A49, 0x4A49,
  0x4A29, 0x4A28, 0x4A28, 0x4A28, 0x4A28, 0x4A28, 0x4A49, 0x4A49, 0x4A48, 0x4A48, 0x4A48, 0x4A49, 0x4A49, 0x4A49, 0x5249, 0x730A,
  0x8B8B, 0x93CB, 0x6AE9, 0x4228, 0x4208, 0x4208, 0x4A28, 0x5269, 0x5269, 0x5249, 0x4A49, 0x4A49, 0x4A49, 0x4A49, 0x5A69, 0x6289,
  0x62A9, 0x6AC9, 0x6AC9, 0x72E9, 0x72C9, 0x6AC9, 0x6AA9, 0x6AA8, 0x72A8, 0x6AA8, 0x6AA8, 0x72C9, 0x72C8, 0x6288, 0x5248, 0x4208,
  0x4A28, 0x4A08, 0x4208, 0x4208, 0x4207, 0x41E8, 0x4208, 0x4208, 0x39E7, 0x39E7, 0x41E8, 0x4208, 0x5A47, 0x6AA8, 0x72A8, 0x72A7,
  0x72A7, 0x6268, 0x4A28, 0x4208, 0x39E8, 0x4208, 0x4208, 0x4208, 0x4208, 0x3A08, 0x39E7, 0x39E7, 0x39E7, 0x39E7, 0x39E7, 0x39E7,
  0x2984, 0x29A4, 0x2984, 0x29A4, 0x29A4, 0x2984, 0x2964, 0x31A4, 0x31C4, 0x31A4, 0x31A4, 0x29A4, 0x31A4, 0x31C4, 0x39E5, 0x39E5,
  0x2984, 0x39E4, 0x39E5, 0x2984, 0x2964, 0x29A4, 0x2964, 0x2123, 0x1903, 0x31A4, 0x31C4, 0x2123, 0x1903, 0x2143, 0x31A4, 0x2964,
  0x2144, 0x2984, 0x1903, 0x18E3, 0x2103, 0x2964, 0x29A5, 0x2985, 0x31A5, 0x2985, 0x31C4, 0x39E4, 0x3184, 0x2944, 0x2124, 0x3164,
  0x2104, 0x3144, 0x2903, 0x2103, 0x2923, 0x2903, 0x2924, 0x3144, 0x3144, 0x3144, 0x3144, 0x2124, 0x20E3, 0x4184, 0x3964, 0x3144,
  0x3964, 0x3164, 0x3164, 0x2924, 0x3164, 0x41A4, 0x4184, 0x2923, 0x2103, 0x2944, 0x3144, 0x3124, 0x3164, 0x39A5, 0x39C6, 0x39C6,
  0x39E6, 0x39E6, 0x39E6, 0x39C6, 0x39C6, 0x39C6, 0x41E6, 0x39E6, 0x39C6, 0x39C6, 0x39A5, 0x39C6, 0x39E6, 0x41E7, 0x41E7, 0x39C6,
  0x39C5, 0x39C5, 0x39A5, 0x2124, 0x2103, 0x2903, 0x18C3, 0x18E3, 0x2103, 0x2903, 0x3123, 0x3123, 0x3144, 0x3144, 0x3144, 0x3144,
  0x3144, 0x2903, 0x4163, 0x6245, 0xA3CA, 0xA3EA, 0x9BCA, 0x8B49, 0x8B49, 0x8B49, 0x8329, 0x8B49, 0x938A, 0x938A, 0x936A, 0x938A,
  0x938A, 0x9389, 0x8B89, 0x8349, 0x6AA6, 0x5225, 0x5A45, 0x62A5, 0x5264, 0x5A66, 0x72E8, 0x7B29, 0x7B29, 0x7B09, 0x8329, 0x8328,
  0x7B08, 0x7AE8, 0x6266, 0x5A46, 0x6287, 0x6AA7, 0x5A66, 0x6245, 0x6A86, 0x6A86, 0x72A7, 0x72C7, 0x7AE7, 0x6A86, 0x6A86, 0x82E7,
  0x6A86, 0x5205, 0x72C6, 0x9B87, 0x5A25, 0x6A44, 0x7284, 0x82C5, 0x9326, 0xA387, 0xA387, 0xA366, 0x9B47, 0x8B27, 0x8B48, 0x9389,
  0xA40B, 0xB4EF, 0xC571, 0xCDB2, 0xCD91, 0xC52F, 0xB48D, 0x9BEB, 0x93AA, 0x8B69, 0x9389, 0x9BAA, 0xA3EB, 0x9BCB, 0x9BAA, 0x938A,
  0x836A, 0x7B0A, 0x6AC9, 0x5A89, 0x5269, 0x4A49, 0x4A29, 0x4A28, 0x4229, 0x4229, 0x4A49, 0x4A49, 0x5269, 0x5A89, 0x62A9, 0x6AC9,
  0x6AC9, 0x62A9, 0x5A89, 0x5A89, 0x62A9, 0x6AEA, 0x730A, 0x7B2A, 0x834A, 0x834A, 0x6AC9, 0x5A89, 0x4A48, 0x4208, 0x4208, 0x4208,
  0x4228, 0x4A29, 0x4A49, 0x4A49, 0x4A49, 0x4A49, 0x4A29, 0x4A49, 0x4A48, 0x4A49, 0x4A49, 0x4A29, 0x4A28, 0x4A28, 0x4A28, 0x4A29,
  0x4228, 0x4228, 0x4228, 0x4208, 0x4208, 0x4228, 0x4228, 0x4228, 0x4228, 0x4A29, 0x4A29, 0x4228, 0x4208, 0x4228, 0x5269, 0x62CA,
  0x6B2A, 0x730A, 0x5289, 0x4229, 0x4A49, 0x4229, 0x5268, 0x62A9, 0x6AC9, 0x62A9, 0x6AA9, 0x6AC9, 0x72C9, 0x72C9, 0x6AA8, 0x72C9,
  0x72C9, 0x7AE9, 0x8309, 0x8309, 0x7B09, 0x72E9, 0x6AA8, 0x5A68, 0x5A68, 0x6288, 0x6AA8, 0x6288, 0x5A48, 0x4A28, 0x4208, 0x4A08,
  0x4A08, 0x4A08, 0x4A08, 0x4A07, 0x4207, 0x39E8, 0x41E8, 0x39E8, 0x3A08, 0x4208, 0x39E8, 0x39E8, 0x41E7, 0x4A07, 0x4A28, 0x5228,
  0x5247, 0x5227, 0x5227, 0x41E7, 0x39E7, 0x41E7, 0x41E8, 0x41E8, 0x39E8, 0x39E8, 0x39E8, 0x39E8, 0x39E8, 0x39E8, 0x39E8, 0x39E8,
  0x2164, 0x29A4, 0x29A4, 0x2984, 0x2984, 0x2984, 0x29A4, 0x31C4, 0x2984, 0x2984, 0x2984, 0x31A4, 0x31C5, 0x31C5, 0x39E5, 0x31C5,
  0x31C5, 0x31A4, 0x2964, 0x2164, 0x2964, 0x2984, 0x31C4, 0x2984, 0x2124, 0x31C4, 0x2144, 0x10C3, 0x2143, 0x2984, 0x1904, 0x1903,
  0x2144, 0x2964, 0x2143, 0x18E3, 0x10C3, 0x2124, 0x2984, 0x29A5, 0x29A5, 0x29A5, 0x2164, 0x18E3, 0x18C3, 0x2123, 0x2924, 0x2103,
  0x2124, 0x2924, 0x2104, 0x2103, 0x2103, 0x2104, 0x2924, 0x3124, 0x2924, 0x3124, 0x3144, 0x2104, 0x2103, 0x41A4, 0x3984, 0x2944,
  0x2944, 0x2944, 0x2924, 0x2104, 0x2103, 0x3123, 0x3144, 0x2923, 0x2944, 0x2924, 0x2923, 0x2924, 0x2944, 0x39C6, 0x39E7, 0x39E7,
  0x41E7, 0x41E7, 0x41E7, 0x4207, 0x4207, 0x39C6, 0x39C6, 0x41C6, 0x39C6, 0x41E7, 0x41E7, 0x39E7, 0x39C6, 0x39C6, 0x39A6, 0x39A5,
  0x39A5, 0x31A5, 0x31A5, 0x31A5, 0x3185, 0x3185, 0x2965, 0x3185, 0x2124, 0x2103, 0x2103, 0x2903, 0x2904, 0x2924, 0x2924, 0x2924,
  0x2924, 0x41A5, 0x6266, 0x8B49, 0x9BCA, 0xA3CA, 0xA3EB, 0x9BCA, 0x9BAA, 0x8B6A, 0x8B49, 0x8B69, 0x938A, 0x93AA, 0x938A, 0x8B69,
  0x8B69, 0x8349, 0x7B29, 0x8349, 0x8349, 0x7B09, 0x8349, 0x7B29, 0x7B28, 0x6AE7, 0x4A04, 0x4A25, 0x6AC7, 0x6AA7, 0x6A87, 0x6266,
  0x5226, 0x5226, 0x5246, 0x5246, 0x5A46, 0x6266, 0x5A46, 0x6A86, 0x6A85, 0x6266, 0x6AA6, 0x5A46, 0x72C6, 0x72E6, 0x6A86, 0x6A65,
  0x6245, 0x5A04, 0x82C5, 0xA366, 0xAB86, 0xA346, 0x9327, 0x82E7, 0x8B07, 0x8B08, 0x8B49, 0x938A, 0x93EB, 0xA46D, 0xB4CF, 0xBD30,
  0xC551, 0xBD30, 0xB48E, 0xA40C, 0x938A, 0x9369, 0x9B89, 0x938A, 0x938A, 0x8B6A, 0x72E8, 0x72C8, 0x6AA9, 0x6288, 0x5A68, 0x5248,
  0x4A28, 0x4208, 0x4208, 0x4208, 0x4A28, 0x5248, 0x5248, 0x4A48, 0x5248, 0x5248, 0x5248, 0x5A69, 0x5A89, 0x5A89, 0x62A9, 0x6AC9,
  0x72E9, 0x72E9, 0x7B09, 0x7B2A, 0x832A, 0x832A, 0x8329, 0x7B09, 0x6AC9, 0x5248, 0x4208, 0x41E8, 0x4208, 0x4208, 0x4208, 0x39E8,
  0x4208, 0x4229, 0x4228, 0x4A48, 0x5248, 0x4A48, 0x4228, 0x4208, 0x4208, 0x4208, 0x4208, 0x4228, 0x4228, 0x4228, 0x4228, 0x4228,
  0x4228, 0x4208, 0x4208, 0x4208, 0x4208, 0x4208, 0x4208, 0x4208, 0x4228, 0x4A28, 0x4208, 0x5269, 0x734B, 0x6B0A, 0x6B0A, 0x734B,
  0x5289, 0x4208, 0x4209, 0x4229, 0x4229, 0x4229, 0x4229, 0x4228, 0x4208, 0x4208, 0x4228, 0x4A48, 0x5248, 0x5248, 0x5248, 0x5A48,
  0x5A68, 0x5A68, 0x5A68, 0x5248, 0x4A28, 0x4A28, 0x4A28, 0x4A28, 0x5228, 0x5228, 0x4208, 0x41E8, 0x39E8, 0x39E8, 0x39E8, 0x41E7,
  0x4A07, 0x4207, 0x4207, 0x41E7, 0x39E8, 0x39E8, 0x39E7, 0x39E7, 0x39E8, 0x41E8, 0x4208, 0x39E7, 0x39C7, 0x39C7, 0x39C8, 0x31C7,
  0x39C7, 0x39C7, 0x39C7, 0x39C8, 0x39C7, 0x39C8, 0x39E8, 0x39C7, 0x39E8, 0x39E8, 0x39E8, 0x39E8, 0x39E8, 0x39E8, 0x39C7, 0x39E7,
  0x2164, 0x2984, 0x2984, 0x2984, 0x2144, 0x2164, 0x2984, 0x2164, 0x2144, 0x2964, 0x2984, 0x31A5, 0x31C5, 0x31C5, 0x31A5, 0x31A5,
  0x39C5, 0x39C5, 0x2984, 0x2144, 0x2144, 0x2984, 0x31C4, 0x2984, 0x2964, 0x2984, 0x2164, 0x2124, 0x2164, 0x2144, 0x10E3, 0x1904,
  0x2964, 0x1903, 0x2123, 0x2164, 0x2124, 0x1904, 0x2164, 0x2984, 0x2965, 0x2985, 0x2144, 0x18E3, 0x1903, 0x18E3, 0x18E3, 0x2103,
  0x2924, 0x2924, 0x2924, 0x2104, 0x2104, 0x2104, 0x2104, 0x2944, 0x3144, 0x2924, 0x3144, 0x2104, 0x2124, 0x41A5, 0x3984, 0x2924,
  0x2924, 0x2924, 0x2103, 0x18E3, 0x20E3, 0x2903, 0x2124, 0x2965, 0x2944, 0x2945, 0x3185, 0x31A6, 0x39E6, 0x39C6, 0x39C6, 0x39C6,
  0x39C6, 0x39C6, 0x39C5, 0x39C5, 0x39C6, 0x39C6, 0x41C6, 0x41E6, 0x41E6, 0x41E6, 0x4A07, 0x4A07, 0x5247, 0x5A47, 0x5227, 0x4A27,
  0x4A27, 0x5227, 0x4A27, 0x4A07, 0x4207, 0x4A07, 0x4207, 0x41E6, 0x3186, 0x2944, 0x2124, 0x2124, 0x2104, 0x2104, 0x2104, 0x2104,
  0x2944, 0x5247, 0x93AA, 0x9389, 0x8B69, 0x938A, 0x93AA, 0x93CA, 0x9BCA, 0x93AA, 0x8B8A, 0x8B8A, 0x8B69, 0x8349, 0x8329, 0x8329,
  0x8329, 0x7B08, 0x8349, 0x8B8A, 0x8B8A, 0x8B8A, 0x938A, 0x938A, 0x8B8A, 0x938A, 0x6AA7, 0x39C4, 0x41E4, 0x41C5, 0x49E6, 0x5226,
  0x5226, 0x5246, 0x5A46, 0x5A66, 0x5A66, 0x5A46, 0x5A46, 0x6245, 0x5204, 0x6265, 0x49E5, 0x3984, 0x6225, 0x9366, 0x7AE6, 0x82E6,
  0x8B47, 0x9368, 0x8B28, 0x82E8, 0x82E8, 0x8308, 0x8B6A, 0x8B8A, 0x93CB, 0x9C0C, 0xA44D, 0xACAE, 0xACAE, 0xACAE, 0xA44D, 0x93EB,
  0x8B8A, 0x8329, 0x7B09, 0x8349, 0x8B4A, 0x8B6A, 0x8B6A, 0x8B6A, 0x8B4A, 0x8329, 0x8329, 0x8309, 0x72E9, 0x6AA8, 0x6288, 0x6288,
  0x6288, 0x5A68, 0x5A68, 0x5A68, 0x5A68, 0x6288, 0x6288, 0x62A9, 0x6AA8, 0x6AA8, 0x6AA9, 0x6AC9, 0x72E9, 0x7B09, 0x7B2A, 0x7B2A,
  0x7B09, 0x830A, 0x832A, 0x7B09, 0x72E9, 0x6288, 0x5248, 0x4A28, 0x4A28, 0x4A08, 0x4A07, 0x4A28, 0x4A48, 0x5248, 0x5248, 0x5248,
  0x5248, 0x5268, 0x5268, 0x5A68, 0x5A68, 0x6288, 0x5A88, 0x5A88, 0x5A89, 0x62A9, 0x62A9, 0x6288, 0x5A68, 0x5A68, 0x5248, 0x5248,
  0x4A28, 0x4208, 0x4208, 0x4208, 0x4208, 0x4208, 0x4208, 0x4208, 0x39E8, 0x39E8, 0x5AAA, 0x83CD, 0x8C0D, 0x940D, 0x8C0D, 0x6B2B,
  0x4A49, 0x4209, 0x4208, 0x4208, 0x4208, 0x4208, 0x4208, 0x4209, 0x4208, 0x4208, 0x3A08, 0x3A08, 0x39E8, 0x4208, 0x4A28, 0x4A28,
  0x4A28, 0x4208, 0x39E8, 0x39C8, 0x39E8, 0x39E8, 0x39E8, 0x39E8, 0x39E8, 0x39E7, 0x39E8, 0x39E8, 0x39E7, 0x39E7, 0x39E8, 0x39C7,
  0x39C7, 0x39C7, 0x39E8, 0x39C7, 0x39C7, 0x39E8, 0x39E8, 0x39E8, 0x39E7, 0x39E7, 0x39C7, 0x39C7, 0x39C7, 0x39C7, 0x39C7, 0x39C7,
  0x39C7, 0x39C7, 0x39C7, 0x39C8, 0x39C7, 0x39C8, 0x39C8, 0x39C8, 0x39C8, 0x39E8, 0x39E8, 0x39E8, 0x39E7, 0x39E7, 0x4A07, 0x4A07,
  0x2144, 0x2145, 0x2144, 0x2164, 0x2144, 0x2164, 0x2984, 0x2144, 0x2164, 0x2984, 0x29A5, 0x31A5, 0x31C5, 0x31A5, 0x2985, 0x2985,
  0x2984, 0x31A5, 0x39C4, 0x2984, 0x2144, 0x2964, 0x29A4, 0x2984, 0x2984, 0x2144, 0x2964, 0x2984, 0x2144, 0x2144, 0x1904, 0x1904,
  0x2164, 0x1904, 0x2144, 0x2984, 0x2124, 0x2124, 0x2964, 0x2124, 0x2144, 0x2124, 0x2984, 0x31A4, 0x31A4, 0x1904, 0x10C3, 0x2103,
  0x10C3, 0x18E4, 0x2944, 0x2104, 0x2924, 0x2104, 0x2104, 0x2104, 0x2924, 0x2924, 0x2124, 0x1904, 0x2124, 0x3164, 0x2944, 0x2104,
  0x18E4, 0x18E3, 0x18E3, 0x1904, 0x2124, 0x2945, 0x31A6, 0x39C6, 0x31A6, 0x31A6, 0x39C6, 0x39C6, 0x39C6, 0x4A06, 0x4206, 0x41E6,
  0x4A06, 0x6287, 0x6AC8, 0x6AC8, 0x62A7, 0x72E8, 0x7B29, 0x834A, 0x836A, 0x8369, 0x8369, 0x8349, 0x8349, 0x8B69, 0x8349, 0x8349,
  0x8B69, 0x8B69, 0x8B6A, 0x8349, 0x8329, 0x7B09, 0x7B09, 0x72E8, 0x6AA8, 0x6AC8, 0x62A8, 0x62A8, 0x6287, 0x5A87, 0x5A87, 0x62A7,
  0x72E8, 0x8329, 0x8349, 0x8349, 0x8B49, 0x8349, 0x8329, 0x7B29, 0x8349, 0x836A, 0x834A, 0x836A, 0x8349, 0x8329, 0x8349, 0x8369,
  0x8B6A, 0x8B6A, 0x8B8A, 0x834A, 0x7309, 0x8349, 0x6AA8, 0x5A47, 0x5227, 0x5226, 0x5226, 0x3185, 0x39C4, 0x41E6, 0x41E6, 0x5206,
  0x5A46, 0x5A46, 0x5246, 0x5AA5, 0x5226, 0x5226, 0x5A25, 0x3964, 0x41C4, 0x6245, 0x5A24, 0x6A65, 0x7265, 0x6A45, 0x7285, 0x7286,
  0x72A6, 0x7AC6, 0x72A7, 0x72A7, 0x7B09, 0x836A, 0x8BCB, 0x9C4D, 0xA48E, 0x9C4E, 0x93EC, 0x8B8A, 0x7AE8, 0x7B08, 0x7B08, 0x7B09,
  0x7B09, 0x7B09, 0x7B09, 0x7B09, 0x7B09, 0x7B09, 0x7B09, 0x7AE9, 0x72E9, 0x72E9, 0x72C9, 0x6AC9, 0x72C9, 0x72E9, 0x72E9, 0x7B09,
  0x7AE9, 0x72E9, 0x72E9, 0x72E9, 0x7B09, 0x7309, 0x72E9, 0x72E9, 0x72E9, 0x72E9, 0x72E9, 0x72E9, 0x72E9, 0x72C9, 0x6AC9, 0x72C9,
  0x72C9, 0x72C9, 0x72C9, 0x72E9, 0x6AC9, 0x6AA9, 0x6AC9, 0x6AC9, 0x6AC9, 0x6AC9, 0x6AC9, 0x72E9, 0x72E9, 0x72E9, 0x72E9, 0x72E9,
  0x72E9, 0x72E9, 0x72C9, 0x6AC9, 0x6AC9, 0x72C9, 0x72C9, 0x6AC9, 0x6AC9, 0x6AA9, 0x5A68, 0x4A28, 0x4207, 0x41E7, 0x41E7, 0x39E8,
  0x39E8, 0x41E8, 0x4208, 0x39E8, 0x39E8, 0x39E8, 0x39E7, 0x39E7, 0x4A48, 0x734B, 0x7B8C, 0x7B8C, 0x7B8C, 0x732B, 0x4228, 0x31C7,
  0x39E7, 0x39E7, 0x39E7, 0x39E7, 0x39E8, 0x39E8, 0x4208, 0x4208, 0x4208, 0x4208, 0x3A08, 0x39E8, 0x41E8, 0x4208, 0x4208, 0x4208,
  0x4208, 0x39E8, 0x39E8, 0x39E8, 0x39E8, 0x39E8, 0x39E7, 0x39E8, 0x39E8, 0x39E8, 0x39E8, 0x39E8, 0x39C8, 0x39C8, 0x39C8, 0x39C7,
  0x39C7, 0x39C8, 0x39C7, 0x39C7, 0x39E7, 0x39E7, 0x39C7, 0x39C7, 0x39C7, 0x39C7, 0x31A7, 0x31A7, 0x39C7, 0x39C7, 0x39C7, 0x39C7,
  0x39C7, 0x39C7, 0x39C7, 0x31C7, 0x39A7, 0x39C7, 0x39C7, 0x39C7, 0x39C8, 0x39C7, 0x39C7, 0x39C7, 0x39C7, 0x39C7, 0x39C7, 0x39E7,
  0x2144, 0x2145, 0x2145, 0x2144, 0x2144, 0x2144, 0x2164, 0x2164, 0x2964, 0x29A4, 0x2965, 0x2965, 0x2985, 0x2985, 0x2985, 0x2165,
  0x2164, 0x2964, 0x2984, 0x2984, 0x2964, 0x2144, 0x2164, 0x2984, 0x2984, 0x2144, 0x2984, 0x2984, 0x2144, 0x2164, 0x2144, 0x2144,
  0x2164, 0x2164, 0x2984, 0x2964, 0x2164, 0x2164, 0x2164, 0x2124, 0x2964, 0x2164, 0x2164, 0x2984, 0x2984, 0x2164, 0x2144, 0x1904,
  0x18E4, 0x2124, 0x1904, 0x10E4, 0x18E4, 0x18E4, 0x18E4, 0x18E4, 0x2104, 0x2104, 0x18E4, 0x18E3, 0x2104, 0x2924, 0x1904, 0x2124,
  0x2145, 0x2965, 0x31A6, 0x39C6, 0x39E6, 0x41E6, 0x41E6, 0x41E6, 0x4A06, 0x4A06, 0x5247, 0x5A67, 0x6287, 0x6AA7, 0x6AA7, 0x6A87,
  0x6A66, 0x72C7, 0x8329, 0x8369, 0x8349, 0x7B28, 0x7B28, 0x8328, 0x7B08, 0x7B28, 0x8329, 0x8349, 0x8349, 0x7B29, 0x8329, 0x8349,
  0x8349, 0x8369, 0x836A, 0x8349, 0x8349, 0x8349, 0x8349, 0x8349, 0x8349, 0x8369, 0x8369, 0x8369, 0x8349, 0x8349, 0x8349, 0x7B08,
  0x6AA7, 0x6287, 0x62A7, 0x62A8, 0x62A8, 0x62A8, 0x6AC8, 0x7309, 0x7B29, 0x7B29, 0x836A, 0x8BAB, 0x838A, 0x7309, 0x7B29, 0x7B49,
  0x72E8, 0x6AA8, 0x5A67, 0x5226, 0x5226, 0x5A67, 0x5226, 0x5206, 0x5206, 0x49E6, 0x49E6, 0x2964, 0x39C5, 0x41E6, 0x41C5, 0x49E5,
  0x39A5, 0x41C4, 0x41E5, 0x4A05, 0x4A05, 0x5205, 0x5A25, 0x6A66, 0x72A6, 0x6245, 0x5A25, 0x6A86, 0x6266, 0x6246, 0x5226, 0x6267,
  0x6AE8, 0x7B4A, 0x8BCC, 0x942D, 0x9C4E, 0x9C4E, 0x8C0D, 0x836A, 0x7B29, 0x72E9, 0x6AA8, 0x6AA8, 0x72C8, 0x72C8, 0x72E9, 0x72E9,
  0x72C9, 0x6AC9, 0x72C9, 0x6AC8, 0x6AA9, 0x6AC9, 0x6AC9, 0x6AA8, 0x6AA8, 0x6AA8, 0x6AA8, 0x6AA8, 0x6AA8, 0x6AA8, 0x6AA8, 0x6AA8,
  0x6AA8, 0x6AA9, 0x6AA9, 0x6AC9, 0x72C9, 0x6AC9, 0x6AC9, 0x6AC9, 0x6AC9, 0x6AC9, 0x62A9, 0x62A8, 0x6288, 0x6AA8, 0x6AA9, 0x6AA9,
  0x6AA9, 0x6AA9, 0x6AA9, 0x6AA9, 0x6AC9, 0x6AC9, 0x6AC9, 0x6AC9, 0x6AC9, 0x6AC9, 0x6AC9, 0x6AC9, 0x72C9, 0x6AC9, 0x6AC9, 0x6AC9,
  0x72C9, 0x6AC9, 0x62A8, 0x6288, 0x5A68, 0x5A68, 0x5228, 0x4A07, 0x4207, 0x41E7, 0x41E7, 0x39E7, 0x39C7, 0x39C7, 0x39C7, 0x39C7,
  0x39E7, 0x39E7, 0x39E8, 0x39E8, 0x39E7, 0x39C7, 0x41E8, 0x5ACA, 0x7B8C, 0x7B8C, 0x7B6C, 0x7B8C, 0x5AAA, 0x39C7, 0x31A7, 0x39C7,
  0x39C7, 0x39C7, 0x39C7, 0x39C7, 0x39C7, 0x39C7, 0x41E7, 0x4A08, 0x4A28, 0x4A28, 0x4A28, 0x4208, 0x39E7, 0x39E7, 0x39E7, 0x39C7,
  0x39C7, 0x39C7, 0x39C8, 0x39E8, 0x39E8, 0x39E8, 0x39C7, 0x39C7, 0x39C8, 0x39C8, 0x39C8, 0x39C8, 0x39C8, 0x39C7, 0x31C7, 0x31C7,
  0x31C7, 0x31A7, 0x31A7, 0x31C7, 0x39E7, 0x39C7, 0x39E8, 0x39C8, 0x31C7, 0x31A6, 0x31A6, 0x39C7, 0x39C7, 0x41E7, 0x41E7, 0x41E7,
  0x4A07, 0x4A07, 0x4A07, 0x4A07, 0x49E7, 0x39C6, 0x39A6, 0x39C7, 0x31C8, 0x39C7, 0x39C7, 0x31C7, 0x39C7, 0x31C7, 0x31C7, 0x31A7,
  0x2144, 0x2145, 0x2145, 0x2145, 0x2145, 0x2164, 0x2145, 0x2145, 0x2145, 0x2165, 0x2145, 0x2145, 0x2985, 0x2165, 0x2164, 0x2165,
  0x2165, 0x2984, 0x2985, 0x2985, 0x2164, 0x2965, 0x2164, 0x2144, 0x2164, 0x2984, 0x2985, 0x2985, 0x2164, 0x2144, 0x2964, 0x2164,
  0x2984, 0x2164, 0x2144, 0x2164, 0x2164, 0x2964, 0x2964, 0x2964, 0x2964, 0x2164, 0x2164, 0x2964, 0x2964, 0x2984, 0x31A5, 0x2984,
  0x2984, 0x2965, 0x2144, 0x2144, 0x2144, 0x1924, 0x1904, 0x1904, 0x1904, 0x1904, 0x1904, 0x1904, 0x2124, 0x2965, 0x3186, 0x39C6,
  0x41E7, 0x41E6, 0x4A07, 0x5247, 0x5A47, 0x6287, 0x6AC8, 0x72E8, 0x6AC7, 0x6AA7, 0x6AC7, 0x6AC7, 0x6AA7, 0x6286, 0x6AA6, 0x6AA7,
  0x6AC7, 0x6AC7, 0x72C7, 0x72C7, 0x72E8, 0x7308, 0x7309, 0x7309, 0x72E8, 0x72E8, 0x7308, 0x7B09, 0x7B29, 0x7B29, 0x7B29, 0x7B29,
  0x7B49, 0x7B49, 0x7B49, 0x7B49, 0x7B49, 0x7B29, 0x7B29, 0x7329, 0x7329, 0x7B29, 0x7309, 0x72E8, 0x6AA8, 0x6AC8, 0x6AC8, 0x6AC8,
  0x6AC8, 0x6287, 0x5247, 0x4A27, 0x41E6, 0x41E6, 0x41E6, 0x5247, 0x6288, 0x62A8, 0x5A67, 0x4A27, 0x5A47, 0x41E6, 0x41E6, 0x5A67,
  0x5226, 0x5206, 0x4A06, 0x5206, 0x5226, 0x6267, 0x5247, 0x4A06, 0x49E6, 0x41E6, 0x39A5, 0x31A4, 0x39E5, 0x39C5, 0x3185, 0x39A5,
  0x49E5, 0x5205, 0x5A25, 0x6245, 0x7266, 0x6A66, 0x5A47, 0x5A47, 0x5A47, 0x5A47, 0x6267, 0x6288, 0x62A8, 0x6AC9, 0x7B4B, 0x7B8B,
  0x838B, 0x7B6B, 0x7B6B, 0x732B, 0x6AC9, 0x6288, 0x6268, 0x6268, 0x6288, 0x6AA8, 0x6AA8, 0x6AA8, 0x62A8, 0x62A8, 0x6288, 0x6288,
  0x6288, 0x6288, 0x6288, 0x6288, 0x6288, 0x6288, 0x6288, 0x6288, 0x6288, 0x6288, 0x6288, 0x6268, 0x6268, 0x6268, 0x6288, 0x6288,
  0x6288, 0x6288, 0x6288, 0x6288, 0x6288, 0x6288, 0x6288, 0x5A68, 0x5A68, 0x5A68, 0x5A68, 0x6288, 0x6AA8, 0x6288, 0x6288, 0x6288,
  0x6289, 0x6288, 0x6288, 0x6288, 0x6288, 0x6289, 0x6289, 0x62A9, 0x6288, 0x6288, 0x6288, 0x6288, 0x6288, 0x5A68, 0x5A68, 0x5A68,
  0x5248, 0x4A27, 0x41E7, 0x39E7, 0x39E7, 0x39C7, 0x39C7, 0x31A7, 0x31C7, 0x31C7, 0x31C7, 0x31A7, 0x31C7, 0x39C7, 0x39C7, 0x39C7,
  0x39C7, 0x39E7, 0x39C7, 0x39C7, 0x39E7, 0x5A89, 0x734B, 0x7B6C, 0x7B6C, 0x7B6B, 0x62EA, 0x4208, 0x39C7, 0x39C7, 0x39C7, 0x39C7,
  0x39C7, 0x41E7, 0x4207, 0x4A07, 0x4A27, 0x4A27, 0x5228, 0x5248, 0x5248, 0x5247, 0x5227, 0x4A07, 0x4A07, 0x4A07, 0x4A07, 0x4A27,
  0x41E7, 0x39E7, 0x41E7, 0x41E7, 0x41E7, 0x41E7, 0x41E7, 0x39E7, 0x39C7, 0x31C7, 0x31C7, 0x31C7, 0x31C7, 0x31A7, 0x31A7, 0x31A7,
  0x31A7, 0x31A7, 0x31A7, 0x31C7, 0x31C7, 0x31C7, 0x31A7, 0x31A7, 0x31A7, 0x31A7, 0x31A7, 0x31A7, 0x31A7, 0x39E7, 0x41C7, 0x39C7,
  0x41E7, 0x41E7, 0x4A07, 0x5207, 0x4A07, 0x39C7, 0x31A7, 0x31C7, 0x31C7, 0x31C7, 0x31A7, 0x31A7, 0x31A7, 0x31A7, 0x31A7, 0x31A7,
  0x1945, 0x2145, 0x2145, 0x1925, 0x2145, 0x2145, 0x1925, 0x1925, 0x1925, 0x2145, 0x2145, 0x2145, 0x2165, 0x2144, 0x2144, 0x2145,
  0x2165, 0x2165, 0x2165, 0x2165, 0x2165, 0x3185, 0x2984, 0x2964, 0x2964, 0x2965, 0x2165, 0x2965, 0x2165, 0x2144, 0x2964, 0x2144,
  0x2144, 0x2144, 0x2144, 0x2144, 0x2965, 0x2964, 0x2144, 0x2164, 0x2144, 0x2144, 0x2964, 0x2164, 0x2964, 0x2964, 0x2984, 0x2984,
  0x2984, 0x31A4, 0x2984, 0x31A4, 0x3184, 0x3185, 0x31A5, 0x31A5, 0x3185, 0x31A6, 0x39C6, 0x39C6, 0x41E6, 0x41E7, 0x4207, 0x4A07,
  0x41E7, 0x41E7, 0x5227, 0x5A47, 0x5A67, 0x6287, 0x6AC8, 0x72E8, 0x6AC8, 0x6AC8, 0x6AC8, 0x6AC8, 0x6AC8, 0x6AC8, 0x6AC8, 0x6288,
  0x5A67, 0x5226, 0x5227, 0x5A47, 0x5A47, 0x6287, 0x6AA7, 0x6AA8, 0x6AC8, 0x6AE8, 0x6AE8, 0x72E9, 0x7309, 0x7309, 0x7309, 0x7309,
  0x7309, 0x7309, 0x7309, 0x7309, 0x7309, 0x72E9, 0x6AE8, 0x6AC8, 0x62A8, 0x62A8, 0x5A87, 0x5A67, 0x5A67, 0x6288, 0x62A8, 0x62A8,
  0x6AC8, 0x6AC8, 0x6AA8, 0x6AA8, 0x62A8, 0x5247, 0x3185, 0x3165, 0x41C6, 0x41C6, 0x39A6, 0x3185, 0x3985, 0x39A6, 0x41C6, 0x49E6,
  0x5206, 0x4A06, 0x4A06, 0x5206, 0x5226, 0x5A26, 0x4A06, 0x41C5, 0x5205, 0x3185, 0x2944, 0x3184, 0x39C5, 0x49C5, 0x49E5, 0x41C5,
  0x49C5, 0x5A26, 0x5A26, 0x51E5, 0x51E5, 0x5206, 0x5A67, 0x5A47, 0x5A68, 0x62A9, 0x6AC9, 0x6AEA, 0x72E9, 0x6AC9, 0x6AE9, 0x62A9,
  0x5A68, 0x5247, 0x5227, 0x5227, 0x5227, 0x5247, 0x5A47, 0x5A48, 0x5A48, 0x5248, 0x5A68, 0x5A68, 0x5A68, 0x6288, 0x6268, 0x6268,
  0x6268, 0x6268, 0x6268, 0x6268, 0x5A68, 0x5A68, 0x5A68, 0x5A68, 0x5A68, 0x5A68, 0x5A68, 0x5A68, 0x5A68, 0x5A68, 0x5A48, 0x5248,
  0x4A28, 0x4A28, 0x5228, 0x5248, 0x5228, 0x4A27, 0x4A07, 0x4A07, 0x5248, 0x5A68, 0x5A68, 0x5A68, 0x6268, 0x5A68, 0x5A68, 0x5A68,
  0x5A68, 0x5A68, 0x5A68, 0x5248, 0x5248, 0x5248, 0x5248, 0x5228, 0x5228, 0x5227, 0x4207, 0x39E7, 0x39C7, 0x39C7, 0x39C7, 0x39C7,
  0x31C7, 0x31C7, 0x31A7, 0x31A7, 0x31A7, 0x31A7, 0x31A7, 0x31A7, 0x31A7, 0x31A7, 0x31A7, 0x31A7, 0x31A7, 0x31A7, 0x31A7, 0x39C7,
  0x31C7, 0x31A7, 0x31A7, 0x4208, 0x62EA, 0x734B, 0x6B2B, 0x732B, 0x732B, 0x5A89, 0x41E7, 0x4A27, 0x5248, 0x4A28, 0x4A27, 0x4A27,
  0x5248, 0x5248, 0x5248, 0x5248, 0x5227, 0x5227, 0x5228, 0x5248, 0x5227, 0x4A07, 0x4A07, 0x5227, 0x5248, 0x5227, 0x5227, 0x4A07,
  0x4A07, 0x4A07, 0x5227, 0x4A07, 0x4A27, 0x5227, 0x5227, 0x5227, 0x4A07, 0x41E7, 0x39C7, 0x39C7, 0x39C7, 0x39C7, 0x39C7, 0x31A7,
  0x31A7, 0x31A7, 0x31A7, 0x31A7, 0x31A7, 0x31A6, 0x31A7, 0x31A7, 0x31A7, 0x31A7, 0x31A6, 0x31A7, 0x31A7, 0x31A7, 0x31A7, 0x31A7,
  0x31A7, 0x31A7, 0x31A7, 0x31A7, 0x31A7, 0x31A7, 0x31A7, 0x31A7, 0x31A7, 0x31A7, 0x31A7, 0x31A7, 0x31A6, 0x3186, 0x3186, 0x3186,
  0x1925, 0x1925, 0x2145, 0x1925, 0x1925, 0x1925, 0x1925, 0x1925, 0x1925, 0x1925, 0x2145, 0x1945, 0x2145, 0x2145, 0x2145, 0x2145,
  0x2165, 0x2165, 0x2145, 0x2165, 0x2165, 0x2965, 0x2165, 0x2965, 0x2964, 0x2964, 0x2964, 0x2965, 0x2965, 0x2965, 0x2165, 0x2165,
  0x2165, 0x2165, 0x2965, 0x2965, 0x31A5, 0x2965, 0x2965, 0x2985, 0x2965, 0x2965, 0x2964, 0x2144, 0x2165, 0x2145, 0x2165, 0x2165,
  0x2165, 0x2964, 0x2964, 0x2964, 0x2985, 0x31A5, 0x31A5, 0x31A5, 0x39A6, 0x41E6, 0x4A07, 0x5227, 0x5227, 0x5A67, 0x6288, 0x6288,
  0x6288, 0x6288, 0x5A68, 0x5247, 0x5227, 0x4A07, 0x4A07, 0x4A07, 0x41E7, 0x41E7, 0x41E7, 0x41E7, 0x41E7, 0x41E7, 0x39C6, 0x39A6,
  0x31A6, 0x31A6, 0x31A6, 0x31A6, 0x39A6, 0x4A06, 0x5226, 0x5A67, 0x6288, 0x62A8, 0x6AA8, 0x6AC8, 0x6AC8, 0x6AC8, 0x62A8, 0x62A8,
  0x62A8, 0x6288, 0x6288, 0x5A88, 0x5A88, 0x5A88, 0x5A68, 0x5A68, 0x5A88, 0x5A88, 0x6288, 0x6288, 0x6288, 0x6288, 0x6288, 0x5A88,
  0x4A27, 0x5247, 0x4A07, 0x39A6, 0x31A6, 0x39A6, 0x3185, 0x2945, 0x3186, 0x3185, 0x3985, 0x3185, 0x39A6, 0x39C6, 0x41E6, 0x49E6,
  0x49E6, 0x49E6, 0x49E6, 0x39A6, 0x39A5, 0x49E5, 0x41C5, 0x39A5, 0x51E5, 0x5205, 0x5205, 0x49E5, 0x49E6, 0x5206, 0x5226, 0x5A67,
  0x5A47, 0x5227, 0x5227, 0x5227, 0x5248, 0x5AA9, 0x62EA, 0x6B2B, 0x734B, 0x6B2B, 0x6B2B, 0x62EA, 0x5A89, 0x5268, 0x5247, 0x5227,
  0x5227, 0x5227, 0x5227, 0x5227, 0x5227, 0x5227, 0x5227, 0x5227, 0x5227, 0x5227, 0x5227, 0x5227, 0x5227, 0x4A27, 0x4A27, 0x4A07,
  0x4A07, 0x4207, 0x4207, 0x4A07, 0x4A08, 0x4A07, 0x4207, 0x4207, 0x4207, 0x4207, 0x41E7, 0x41E7, 0x41E7, 0x41E7, 0x39C7, 0x39C7,
  0x41E7, 0x41E7, 0x39C7, 0x39E7, 0x41E7, 0x4207, 0x4A07, 0x4A27, 0x4A27, 0x4A27, 0x4A07, 0x39E7, 0x39E7, 0x41E7, 0x39E7, 0x39C7,
  0x41E7, 0x41E7, 0x4207, 0x4A07, 0x4A07, 0x4A08, 0x5228, 0x5248, 0x5248, 0x4207, 0x39C7, 0x39C7, 0x39C7, 0x39C7, 0x39C7, 0x39C7,
  0x39C7, 0x39C7, 0x39C7, 0x39C7, 0x39C7, 0x39C7, 0x31A7, 0x31A7, 0x39C7, 0x39C7, 0x39C7, 0x39C7, 0x31A7, 0x31A7, 0x31A7, 0x31A7,
  0x31A7, 0x39E7, 0x5269, 0x5ACA, 0x5AAA, 0x52AA, 0x5AAA, 0x4A49, 0x39C7, 0x31A7, 0x39C7, 0x4A07, 0x4A28, 0x4A27, 0x4A07, 0x4A27,
  0x4A28, 0x5228, 0x4A27, 0x4A27, 0x4A07, 0x4A27, 0x4A07, 0x4A07, 0x41C7, 0x41E7, 0x4A07, 0x4A27, 0x4A07, 0x4A07, 0x4A07, 0x4A07,
  0x4A07, 0x4A07, 0x4A07, 0x4A07, 0x4A07, 0x4A07, 0x4A07, 0x49E7, 0x49E7, 0x41E7, 0x41E7, 0x41E7, 0x41E7, 0x41E7, 0x39C7, 0x31A7,
  0x3187, 0x31A7, 0x31A6, 0x31A6, 0x31A7, 0x31A7, 0x3187, 0x3187, 0x2987, 0x2987, 0x3187, 0x3186, 0x2986, 0x2986, 0x2986, 0x31A7,
  0x31A7, 0x29A7, 0x29A7, 0x2987, 0x2987, 0x29A7, 0x29A7, 0x31A7, 0x31A7, 0x31A7, 0x39A7, 0x31A7, 0x31A7, 0x31A7, 0x31A7, 0x31A7,
  0x1925, 0x1925, 0x1925, 0x1925, 0x1925, 0x1925, 0x1925, 0x1925, 0x1925, 0x1925, 0x2145, 0x2145, 0x2165, 0x2145, 0x2145, 0x2145,
  0x2145, 0x2145, 0x2145, 0x2165, 0x2165, 0x2144, 0x2145, 0x2145, 0x2164, 0x2165, 0x2165, 0x2165, 0x2965, 0x2985, 0x2985, 0x2985,
  0x2985, 0x2985, 0x2965, 0x2985, 0x31A5, 0x31A5, 0x3185, 0x2985, 0x2985, 0x2985, 0x3185, 0x3185, 0x2965, 0x2985, 0x2985, 0x2985,
  0x2965, 0x2985, 0x2965, 0x2965, 0x2945, 0x2965, 0x2965, 0x2985, 0x2985, 0x2985, 0x31A5, 0x39C5, 0x39A5, 0x39C6, 0x41E7, 0x39C6,
  0x31A6, 0x31A6, 0x31A6, 0x3186, 0x3186, 0x31A6, 0x31A6, 0x31A6, 0x3186, 0x3186, 0x3186, 0x31A6, 0x31A6, 0x31A6, 0x31A6, 0x31A6,
  0x31A6, 0x39C6, 0x41E7, 0x4A27, 0x5247, 0x5A67, 0x5A68, 0x5247, 0x4A27, 0x4A07, 0x4207, 0x41E7, 0x41E7, 0x41E7, 0x4A07, 0x4A07,
  0x4A27, 0x5247, 0x5268, 0x5A68, 0x5A88, 0x5A88, 0x5A88, 0x5A88, 0x5A88, 0x5A68, 0x4A27, 0x4A27, 0x4A07, 0x4A07, 0x39C6, 0x39A6,
  0x3185, 0x3185, 0x3186, 0x2965, 0x2965, 0x3186, 0x2985, 0x2965, 0x3186, 0x3186, 0x3186, 0x3185, 0x3185, 0x41C6, 0x41C6, 0x39A5,
  0x3185, 0x41E6, 0x41C5, 0x3165, 0x39A5, 0x49C5, 0x49E6, 0x49E6, 0x41C5, 0x5206, 0x5226, 0x5A27, 0x5227, 0x5226, 0x5227, 0x5247,
  0x5268, 0x5A68, 0x5AA9, 0x62EA, 0x6B0A, 0x630A, 0x62EA, 0x5AA9, 0x5268, 0x4A28, 0x4207, 0x41E7, 0x41E7, 0x4A07, 0x4A07, 0x4207,
  0x41E7, 0x41E7, 0x41E7, 0x41E7, 0x41E7, 0x41E7, 0x39C7, 0x39C7, 0x39C7, 0x39C7, 0x39C7, 0x31A7, 0x31A7, 0x31A7, 0x31A7, 0x31A7,
  0x31A7, 0x31A7, 0x31C7, 0x31C7, 0x31C7, 0x31C7, 0x39C7, 0x39C7, 0x39C7, 0x39C7, 0x39C7, 0x39C7, 0x31C7, 0x39C7, 0x39C7, 0x39A7,
  0x41E7, 0x41E7, 0x31A7, 0x31A7, 0x39C7, 0x39C7, 0x39C7, 0x39C7, 0x39C7, 0x39C7, 0x39C7, 0x41E7, 0x41E7, 0x41E7, 0x41E7, 0x4207,
  0x4A07, 0x4207, 0x4A07, 0x4A28, 0x4A28, 0x4A07, 0x4A07, 0x4A07, 0x4A27, 0x4A27, 0x4A07, 0x4A27, 0x4A28, 0x5248, 0x4A28, 0x4A27,
  0x4A07, 0x4207, 0x4207, 0x41E7, 0x41E7, 0x4207, 0x4207, 0x41E7, 0x41E7, 0x41E7, 0x41E7, 0x41E7, 0x41E7, 0x39C7, 0x31A7, 0x39C7,
  0x4A48, 0x52AA, 0x5AAA, 0x528A, 0x5AAA, 0x5289, 0x39E8, 0x3187, 0x31A7, 0x31A7, 0x31A7, 0x31A7, 0x31A7, 0x3187, 0x3187, 0x31A7,
  0x31A7, 0x31A7, 0x31A7, 0x31A7, 0x39C7, 0x39C7, 0x39C7, 0x41C7, 0x41C7, 0x41E7, 0x41E7, 0x41E7, 0x41E7, 0x41E7, 0x41E7, 0x41E7,
  0x41E7, 0x41E7, 0x41E7, 0x41E7, 0x41C6, 0x39A6, 0x39A6, 0x31A6, 0x3186, 0x3187, 0x3187, 0x2987, 0x2987, 0x2987, 0x2987, 0x2987,
  0x2986, 0x2986, 0x2986, 0x2986, 0x2987, 0x2987, 0x2987, 0x2987, 0x2987, 0x2986, 0x2986, 0x2987, 0x2987, 0x2986, 0x2987, 0x2987,
  0x2987, 0x2987, 0x2987, 0x2987, 0x2987, 0x29A7, 0x29A7, 0x29A7, 0x2987, 0x29A7, 0x29A7, 0x31A7, 0x29A7, 0x2987, 0x29A7, 0x29A7,
  0x1925, 0x1925, 0x1925, 0x1925, 0x1925, 0x1945, 0x1925, 0x1925, 0x1925, 0x1945, 0x1925, 0x1945, 0x2145, 0x1945, 0x2145, 0x2145,
  0x1945, 0x2145, 0x2145, 0x2145, 0x2145, 0x1925, 0x2145, 0x2145, 0x2145, 0x2165, 0x2165, 0x2965, 0x2965, 0x2985, 0x2985, 0x2985,
  0x2985, 0x2985, 0x2965, 0x2965, 0x2965, 0x2985, 0x2985, 0x2985, 0x2985, 0x2985, 0x3186, 0x3186, 0x3186, 0x3186, 0x3186, 0x3186,
  0x3186, 0x3186, 0x3186, 0x3186, 0x3186, 0x3186, 0x3186, 0x3186, 0x3185, 0x2985, 0x2965, 0x2165, 0x2165, 0x2165, 0x2985, 0x2965,
  0x2966, 0x2965, 0x2966, 0x2986, 0x2966, 0x2986, 0x3186, 0x3186, 0x3186, 0x3186, 0x31A6, 0x31A6, 0x31A6, 0x31A6, 0x31A6, 0x31A6,
  0x3186, 0x31A6, 0x39C6, 0x41E7, 0x41E6, 0x39A6, 0x3186, 0x3186, 0x3186, 0x3186, 0x3186, 0x31A6, 0x3186, 0x3186, 0x39A6, 0x39C7,
  0x41E7, 0x4207, 0x4A07, 0x4A27, 0x4A27, 0x41E7, 0x4A07, 0x41E7, 0x31A6, 0x3186, 0x2965, 0x3186, 0x3186, 0x3186, 0x3185, 0x3185,
  0x3186, 0x2965, 0x2965, 0x2966, 0x2966, 0x2986, 0x2965, 0x2965, 0x2985, 0x3185, 0x2965, 0x2965, 0x2945, 0x41C5, 0x39A5, 0x3985,
  0x41C5, 0x49E6, 0x49C6, 0x49E6, 0x49E6, 0x41C6, 0x41E6, 0x41E6, 0x41E6, 0x41E6, 0x49E6, 0x49E6, 0x4A07, 0x4A27, 0x5268, 0x5AA9,
  0x5ACA, 0x5ACA, 0x5AA9, 0x5289, 0x4A48, 0x4207, 0x41C7, 0x39C7, 0x39A6, 0x39A6, 0x39C7, 0x39C6, 0x39A6, 0x39A6, 0x39A7, 0x31A7,
  0x31A6, 0x31A6, 0x31A6, 0x31A6, 0x3186, 0x3186, 0x2986, 0x2986, 0x31A7, 0x3186, 0x3187, 0x3187, 0x3186, 0x3186, 0x31A7, 0x3187,
  0x31A7, 0x31A7, 0x31A7, 0x31A7, 0x31A7, 0x31A7, 0x31A7, 0x31A7, 0x31A7, 0x31A7, 0x39C7, 0x39C7, 0x39E7, 0x41E7, 0x39C7, 0x31A7,
  0x31A7, 0x31A7, 0x31A7, 0x39C7, 0x39C7, 0x39E7, 0x41E7, 0x41E7, 0x4207, 0x4A07, 0x4207, 0x41E7, 0x41E7, 0x41E7, 0x41E7, 0x41E7,
  0x41E7, 0x41E7, 0x41E7, 0x41E7, 0x41E7, 0x41E7, 0x41E7, 0x41E7, 0x41E7, 0x4207, 0x4207, 0x4207, 0x4A07, 0x4A28, 0x4A27, 0x4A07,
  0x4A27, 0x4A07, 0x4A07, 0x4A07, 0x41E7, 0x41E7, 0x41E7, 0x39C7, 0x39C7, 0x31A7, 0x31A6, 0x31A6, 0x31A6, 0x2986, 0x31A7, 0x4228,
  0x4228, 0x4249, 0x4A49, 0x4248, 0x31C7, 0x2166, 0x2966, 0x2987, 0x2987, 0x2986, 0x2986, 0x2986, 0x2986, 0x2986, 0x2986, 0x2986,
  0x2986, 0x2986, 0x2986, 0x2986, 0x2986, 0x2986, 0x2986, 0x2966, 0x2966, 0x2986, 0x3186, 0x39A6, 0x39A6, 0x39A6, 0x39A6, 0x31A7,
  0x39A7, 0x39C6, 0x39A6, 0x3186, 0x3186, 0x2966, 0x2966, 0x2166, 0x2166, 0x2966, 0x2966, 0x2966, 0x2986, 0x2986, 0x2966, 0x2966,
  0x2966, 0x2966, 0x2966, 0x2987, 0x2987, 0x2967, 0x2966, 0x2986, 0x2966, 0x2966, 0x2987, 0x2987, 0x2986, 0x2987, 0x2987, 0x2987,
  0x2987, 0x2987, 0x2987, 0x2987, 0x2987, 0x2987, 0x2987, 0x2986, 0x2987, 0x2987, 0x2987, 0x2987, 0x2986, 0x2986, 0x2966, 0x2987,
  0x1925, 0x1925, 0x1925, 0x1925, 0x1925, 0x1945, 0x1925, 0x1925, 0x1945, 0x1925, 0x1925, 0x1925, 0x1925, 0x1925, 0x1925, 0x1925,
  0x1925, 0x1945, 0x1925, 0x1925, 0x1925, 0x1925, 0x2145, 0x1925, 0x1945, 0x2145, 0x2145, 0x2145, 0x2165, 0x2965, 0x2165, 0x2965,
  0x2965, 0x2966, 0x2966, 0x2966, 0x2965, 0x2985, 0x2965, 0x2965, 0x2965, 0x2965, 0x2965, 0x2965, 0x2965, 0x2965, 0x2965, 0x2965,
  0x2965, 0x2965, 0x2966, 0x2986, 0x2966, 0x2966, 0x2966, 0x2966, 0x2986, 0x2986, 0x2966, 0x2966, 0x2965, 0x2165, 0x2145, 0x2165,
  0x2165, 0x2965, 0x2965, 0x2966, 0x2966, 0x2986, 0x2986, 0x2986, 0x2986, 0x2986, 0x2986, 0x2986, 0x2986, 0x2986, 0x2986, 0x2986,
  0x2986, 0x2986, 0x2966, 0x2966, 0x2986, 0x2986, 0x2986, 0x3186, 0x31A6, 0x31A6, 0x39C7, 0x41C7, 0x39C7, 0x39C6, 0x31A6, 0x2986,
  0x2966, 0x2145, 0x2966, 0x2966, 0x2145, 0x2945, 0x2966, 0x2966, 0x2965, 0x2945, 0x2966, 0x2966, 0x2966, 0x2966, 0x2966, 0x2966,
  0x2966, 0x2965, 0x2965, 0x2965, 0x2965, 0x2965, 0x2145, 0x2145, 0x2145, 0x2145, 0x2145, 0x2945, 0x2965, 0x2965, 0x39A5, 0x41C5,
  0x39A5, 0x39A5, 0x39A6, 0x41C6, 0x41C6, 0x41C6, 0x41E6, 0x41E7, 0x41E7, 0x4207, 0x4A28, 0x4A48, 0x5269, 0x5289, 0x5269, 0x4A48,
  0x4A28, 0x41E7, 0x39C7, 0x39C7, 0x39C6, 0x39C7, 0x39C7, 0x41C7, 0x41C7, 0x41C7, 0x39C7, 0x39C7, 0x39C7, 0x39C6, 0x31A6, 0x31A6,
  0x31A6, 0x31A6, 0x31A6, 0x31A6, 0x3186, 0x31A6, 0x31A6, 0x31A6, 0x31A7, 0x31A6, 0x3186, 0x2986, 0x2986, 0x2986, 0x2986, 0x2986,
  0x2986, 0x3186, 0x2986, 0x2986, 0x2986, 0x2986, 0x2986, 0x2986, 0x2986, 0x2986, 0x2987, 0x2987, 0x3186, 0x2986, 0x3186, 0x39A7,
  0x39C7, 0x39C7, 0x39C7, 0x39C7, 0x39C7, 0x39C7, 0x39C7, 0x39C7, 0x41E7, 0x41E7, 0x41E7, 0x41C7, 0x39C7, 0x39C7, 0x39C7, 0x39C7,
  0x39C7, 0x39C7, 0x39C7, 0x39C7, 0x39C7, 0x39E7, 0x41E7, 0x41E7, 0x41C7, 0x39C7, 0x39C7, 0x39C7, 0x39C7, 0x39C7, 0x39C7, 0x39C7,
  0x41E7, 0x41E7, 0x39C7, 0x39C7, 0x39C7, 0x39A7, 0x31A6, 0x3186, 0x2966, 0x2986, 0x2986, 0x2986, 0x2986, 0x2986, 0x2987, 0x2966,
  0x2966, 0x2966, 0x2966, 0x2166, 0x2166, 0x2166, 0x2166, 0x2166, 0x2166, 0x2166, 0x2166, 0x2966, 0x2966, 0x2966, 0x2966, 0x2966,
  0x2966, 0x2986, 0x2966, 0x2966, 0x2986, 0x2966, 0x2166, 0x2166, 0x2146, 0x2166, 0x2966, 0x2166, 0x2166, 0x2166, 0x2166, 0x2166,
  0x2966, 0x2966, 0x2966, 0x2966, 0x2966, 0x2966, 0x2166, 0x2966, 0x2966, 0x2966, 0x2986, 0x2986, 0x2986, 0x3186, 0x3186, 0x2986,
  0x2966, 0x2966, 0x2966, 0x2966, 0x2966, 0x2966, 0x2966, 0x2966, 0x2166, 0x2966, 0x2966, 0x2166, 0x2166, 0x2966, 0x2987, 0x2966,
  0x2966, 0x2966, 0x2967, 0x2966, 0x2966, 0x2166, 0x2966, 0x2966, 0x2966, 0x2967, 0x2966, 0x2966, 0x2966, 0x2966, 0x2166, 0x2966,
  0x1925, 0x1925, 0x1925, 0x1925, 0x1925, 0x1925, 0x1925, 0x1925, 0x1925, 0x1925, 0x1925, 0x1925, 0x1925, 0x1925, 0x1925, 0x1925,
  0x1925, 0x1925, 0x1925, 0x1925, 0x1925, 0x1925, 0x1925, 0x1925, 0x1925, 0x1945, 0x1925, 0x1925, 0x2145, 0x2145, 0x2145, 0x2165,
  0x2145, 0x2166, 0x2166, 0x2166, 0x2165, 0x2165, 0x2166, 0x2966, 0x2966, 0x2966, 0x2966, 0x2966, 0x2966, 0x2966, 0x2966, 0x2966,
  0x2966, 0x2966, 0x2966, 0x2966, 0x2966, 0x2966, 0x2166, 0x2166, 0x2166, 0x2166, 0x2166, 0x2166, 0x2966, 0x2966, 0x2166, 0x2146,
  0x2145, 0x2165, 0x2145, 0x2145, 0x2965, 0x2966, 0x2966, 0x2966, 0x2966, 0x2966, 0x2986, 0x3186, 0x3186, 0x3186, 0x31A6, 0x31A6,
  0x39C7, 0x39A6, 0x31A6, 0x3186, 0x3186, 0x3186, 0x2986, 0x2986, 0x2986, 0x2986, 0x2966, 0x2966, 0x2966, 0x2966, 0x2966, 0x2146,
  0x2145, 0x2145, 0x2145, 0x2145, 0x2145, 0x2965, 0x2966, 0x2966, 0x2966, 0x2965, 0x2966, 0x2966, 0x2966, 0x2966, 0x2966, 0x2966,
  0x2145, 0x2145, 0x2945, 0x2125, 0x2145, 0x2145, 0x2145, 0x3165, 0x2945, 0x2145, 0x2945, 0x3165, 0x3165, 0x2945, 0x2965, 0x3186,
  0x3186, 0x3186, 0x3186, 0x3186, 0x3186, 0x31A6, 0x39C7, 0x4208, 0x4228, 0x4228, 0x4228, 0x4228, 0x4208, 0x39C7, 0x39A7, 0x31A6,
  0x31A6, 0x39A6, 0x39A6, 0x39C7, 0x39C6, 0x39C6, 0x39C6, 0x39C7, 0x39C7, 0x39C7, 0x39C7, 0x39C7, 0x39C7, 0x39C7, 0x39A6, 0x39A6,
  0x39A6, 0x39A6, 0x39A6, 0x39A6, 0x31A6, 0x31A6, 0x31A6, 0x31A7, 0x31A7, 0x31A7, 0x3186, 0x3186, 0x3186, 0x3186, 0x3186, 0x2986,
  0x2986, 0x2966, 0x2966, 0x2966, 0x2966, 0x2966, 0x2966, 0x2966, 0x2966, 0x2966, 0x2986, 0x2986, 0x3186, 0x31A6, 0x39A7, 0x39A6,
  0x31A6, 0x31A6, 0x31A6, 0x39A7, 0x39A7, 0x39A7, 0x39A7, 0x39A7, 0x39A7, 0x39A7, 0x39A7, 0x31A7, 0x39A7, 0x39A7, 0x31A7, 0x31A7,
  0x39C7, 0x31A7, 0x31A7, 0x31A6, 0x31A6, 0x39A7, 0x31A7, 0x31A7, 0x39A7, 0x39A7, 0x39A7, 0x39A7, 0x39A7, 0x31A6, 0x31A6, 0x31A6,
  0x31A6, 0x31A6, 0x3186, 0x2986, 0x2986, 0x2986, 0x2986, 0x2986, 0x3186, 0x3186, 0x3186, 0x3186, 0x3186, 0x3186, 0x3186, 0x3186,
  0x2986, 0x2966, 0x2166, 0x2166, 0x2166, 0x2166, 0x2166, 0x2166, 0x2166, 0x2166, 0x2166, 0x2166, 0x2166, 0x2166, 0x2166, 0x2166,
  0x2166, 0x2166, 0x2166, 0x2166, 0x2166, 0x2166, 0x2166, 0x2166, 0x2166, 0x2166, 0x2166, 0x2166, 0x2166, 0x2146, 0x2166, 0x2166,
  0x2166, 0x2166, 0x2166, 0x2166, 0x2166, 0x2166, 0x2166, 0x2966, 0x2966, 0x2986, 0x3186, 0x3186, 0x3186, 0x3186, 0x2986, 0x2966,
  0x2166, 0x2966, 0x2966, 0x2986, 0x2966, 0x2966, 0x2966, 0x2166, 0x2166, 0x2166, 0x2166, 0x2166, 0x2166, 0x2166, 0x2166, 0x2166,
  0x2166, 0x2166, 0x2166, 0x2166, 0x2166, 0x2166, 0x2166, 0x2146, 0x2166, 0x2166, 0x2166, 0x2166, 0x2166, 0x2166, 0x2166, 0x2966,
  0x1925, 0x1925, 0x1925, 0x1925, 0x1925, 0x1925, 0x1925, 0x1925, 0x1925, 0x1925, 0x1925, 0x1925, 0x1925, 0x1925, 0x1925, 0x1925,
  0x1925, 0x1925, 0x1925, 0x1925, 0x1925, 0x1925, 0x1925, 0x1925, 0x1925, 0x1925, 0x1925, 0x1925, 0x1945, 0x1925, 0x2145, 0x2145,
  0x2145, 0x2145, 0x2145, 0x2145, 0x2146, 0x2166, 0x2166, 0x2146, 0x2146, 0x2146, 0x2146, 0x2146, 0x2146, 0x2146, 0x2146, 0x2146,
  0x2146, 0x2146, 0x2146, 0x2146, 0x2166, 0x2146, 0x2146, 0x2146, 0x2146, 0x2166, 0x2146, 0x2966, 0x2966, 0x2966, 0x2966, 0x2966,
  0x2986, 0x2986, 0x2966, 0x2966, 0x2145, 0x2145, 0x2145, 0x1925, 0x2145, 0x2166, 0x2966, 0x2966, 0x2966, 0x2966, 0x2966, 0x2966,
  0x2966, 0x2966, 0x2166, 0x2146, 0x2145, 0x2146, 0x2146, 0x2145, 0x2146, 0x2146, 0x2145, 0x2145, 0x1925, 0x1925, 0x2145, 0x2145,
  0x2145, 0x2125, 0x2145, 0x2145, 0x2145, 0x2145, 0x2145, 0x2145, 0x2146, 0x2166, 0x2966, 0x2966, 0x2146, 0x2966, 0x2146, 0x2145,
  0x2145, 0x2125, 0x2945, 0x2145, 0x2125, 0x2945, 0x2945, 0x2945, 0x2966, 0x2966, 0x2966, 0x2966, 0x2966, 0x2966, 0x2966, 0x2966,
  0x2986, 0x2986, 0x31A7, 0x31C7, 0x39E7, 0x39E7, 0x39E7, 0x39E7, 0x31C7, 0x31A7, 0x3186, 0x2986, 0x2966, 0x2966, 0x2966, 0x2986,
  0x3186, 0x3186, 0x3186, 0x3186, 0x3186, 0x3186, 0x3186, 0x3186, 0x3186, 0x2986, 0x2986, 0x2986, 0x3186, 0x3186, 0x3186, 0x3186,
  0x3186, 0x2986, 0x3186, 0x3186, 0x3186, 0x3186, 0x3186, 0x3186, 0x3186, 0x3186, 0x3186, 0x2986, 0x2966, 0x2966, 0x2966, 0x2966,
  0x2146, 0x2146, 0x2146, 0x2166, 0x2166, 0x2166, 0x2146, 0x2146, 0x2966, 0x2966, 0x2986, 0x3186, 0x3186, 0x3186, 0x3186, 0x3186,
  0x3186, 0x3186, 0x3186, 0x3186, 0x31A6, 0x3186, 0x31A6, 0x31A6, 0x31A6, 0x3186, 0x3186, 0x3186, 0x3186, 0x3186, 0x3186, 0x3186,
  0x3186, 0x3186, 0x3186, 0x3186, 0x3186, 0x3186, 0x3186, 0x3186, 0x3186, 0x3186, 0x3186, 0x3186, 0x3186, 0x2986, 0x3186, 0x2986,
  0x2986, 0x2986, 0x2986, 0x2986, 0x2986, 0x2986, 0x2986, 0x2986, 0x2966, 0x2966, 0x3186, 0x3186, 0x3186, 0x3186, 0x3186, 0x2986,
  0x2966, 0x2166, 0x2166, 0x2166, 0x2146, 0x2146, 0x2146, 0x2146, 0x2146, 0x2166, 0x2166, 0x2166, 0x2166, 0x2146, 0x2146, 0x2146,
  0x2166, 0x2166, 0x2166, 0x2166, 0x2166, 0x2146, 0x2166, 0x2166, 0x2166, 0x2166, 0x2166, 0x2166, 0x2146, 0x2146, 0x2146, 0x2146,
  0x2146, 0x2146, 0x2146, 0x2146, 0x2146, 0x2146, 0x2146, 0x2166, 0x2146, 0x2146, 0x2166, 0x2166, 0x2966, 0x2166, 0x2166, 0x2166,
  0x2146, 0x2166, 0x2166, 0x2146, 0x2146, 0x2166, 0x2146, 0x2146, 0x2146, 0x2166, 0x2146, 0x2146, 0x2166, 0x2166, 0x2146, 0x2166,
  0x2146, 0x2146, 0x2166, 0x2166, 0x2166, 0x2166, 0x2146, 0x2146, 0x2166, 0x2166, 0x2166, 0x2166, 0x2166, 0x2166, 0x2166, 0x2146,
  0x1925, 0x1925, 0x1925, 0x1925, 0x1925, 0x1925, 0x1925, 0x1925, 0x1925, 0x1925, 0x1925, 0x1925, 0x1925, 0x1925, 0x1925, 0x1925,
  0x1925, 0x1925, 0x1925, 0x1925, 0x1925, 0x1925, 0x1925, 0x1925, 0x1925, 0x1925, 0x1925, 0x1925, 0x1925, 0x1925, 0x1925, 0x1925,
  0x1945, 0x1945, 0x2145, 0x2145, 0x2145, 0x2145, 0x2145, 0x2145, 0x2145, 0x2145, 0x2145, 0x2145, 0x2146, 0x2146, 0x2146, 0x2146,
  0x2146, 0x2146, 0x2146, 0x2146, 0x2146, 0x2166, 0x2146, 0x2166, 0x2166, 0x2966, 0x2966, 0x2966, 0x2986, 0x2986, 0x2986, 0x2986,
  0x2966, 0x2166, 0x2166, 0x2966, 0x2166, 0x2145, 0x2125, 0x1925, 0x1925, 0x1925, 0x1946, 0x2146, 0x2146, 0x2146, 0x2146, 0x2146,
  0x2146, 0x2146, 0x2146, 0x1925, 0x1925, 0x1925, 0x1925, 0x1925, 0x1925, 0x1925, 0x1925, 0x1925, 0x1925, 0x1925, 0x1926, 0x1925,
  0x1925, 0x1925, 0x2125, 0x2145, 0x2145, 0x2145, 0x2145, 0x2145, 0x2145, 0x2146, 0x2145, 0x2125, 0x2145, 0x2145, 0x2145, 0x2145,
  0x2945, 0x2945, 0x2145, 0x2145, 0x2145, 0x2145, 0x2145, 0x2146, 0x2166, 0x2166, 0x2146, 0x2166, 0x2166, 0x2166, 0x2966, 0x2986,
  0x2987, 0x31A7, 0x31A7, 0x31A7, 0x29A7, 0x2986, 0x2966, 0x2166, 0x2966, 0x2966, 0x2966, 0x2146, 0x2146, 0x2146, 0x2146, 0x2146,
  0x2146, 0x2146, 0x2146, 0x2146, 0x2146, 0x2146, 0x2146, 0x2146, 0x2146, 0x2166, 0x2966, 0x2966, 0x2966, 0x2966, 0x2966, 0x2966,
  0x2966, 0x2966, 0x2966, 0x2966, 0x2966, 0x2966, 0x2966, 0x2966, 0x2166, 0x2146, 0x2146, 0x2146, 0x2146, 0x2146, 0x2146, 0x2146,
  0x2146, 0x2146, 0x2166, 0x2166, 0x2966, 0x2966, 0x2966, 0x2966, 0x2966, 0x2966, 0x2966, 0x2966, 0x2966, 0x2986, 0x2986, 0x2966,
  0x2966, 0x2966, 0x2966, 0x2966, 0x2966, 0x2966, 0x2966, 0x2966, 0x2966, 0x2966, 0x2966, 0x2966, 0x2966, 0x2966, 0x2966, 0x2966,
  0x2966, 0x2966, 0x2966, 0x2966, 0x2966, 0x2966, 0x2966, 0x2966, 0x2966, 0x2966, 0x2966, 0x2966, 0x2966, 0x2966, 0x2966, 0x2966,
  0x2966, 0x2986, 0x2986, 0x2986, 0x2966, 0x2966, 0x2166, 0x2146, 0x2146, 0x2146, 0x2166, 0x2166, 0x2166, 0x2146, 0x2146, 0x2146,
  0x2146, 0x2146, 0x2146, 0x2146, 0x2146, 0x2146, 0x2146, 0x2146, 0x2146, 0x2146, 0x2146, 0x2146, 0x2146, 0x2146, 0x2146, 0x2146,
  0x2146, 0x2146, 0x2146, 0x2146, 0x2146, 0x2146, 0x2146, 0x2146, 0x2146, 0x2146, 0x2146, 0x2146, 0x2146, 0x1946, 0x1946, 0x1926,
  0x2146, 0x1946, 0x1946, 0x2146, 0x2146, 0x2146, 0x2146, 0x2146, 0x2146, 0x2146, 0x2146, 0x2146, 0x2146, 0x2146, 0x2146, 0x2146,
  0x2146, 0x2146, 0x2146, 0x2146, 0x2146, 0x2146, 0x1926, 0x1946, 0x2146, 0x2146, 0x2146, 0x2146, 0x2146, 0x2146, 0x2146, 0x2146,
  0x2146, 0x2146, 0x2146, 0x2146, 0x2146, 0x2146, 0x2146, 0x2146, 0x2146, 0x2146, 0x2146, 0x2146, 0x2146, 0x2166, 0x2146, 0x2166,
  0x1925, 0x1925, 0x1925, 0x1925, 0x1925, 0x1925, 0x1925, 0x1925, 0x1925, 0x1925, 0x1925, 0x1925, 0x1925, 0x1925, 0x1925, 0x1925,
  0x1925, 0x1925, 0x1925, 0x1925, 0x1925, 0x1925, 0x1925, 0x1925, 0x1925, 0x1925, 0x1925, 0x1925, 0x1925, 0x1925, 0x1925, 0x1925,
  0x1925, 0x1925, 0x1945, 0x1945, 0x1945, 0x2145, 0x2145, 0x2146, 0x2146, 0x2146, 0x2146, 0x2146, 0x2146, 0x2146, 0x2146, 0x2166,
  0x2166, 0x2166, 0x2166, 0x2166, 0x2166, 0x2966, 0x2966, 0x2966, 0x2966, 0x2966, 0x2966, 0x2966, 0x2966, 0x2146, 0x2146, 0x2146,
  0x2146, 0x2146, 0x2146, 0x2146, 0x2146, 0x2146, 0x2146, 0x2146, 0x2146, 0x1925, 0x1925, 0x1925, 0x1925, 0x1925, 0x1925, 0x1925,
  0x1905, 0x1925, 0x1925, 0x1925, 0x1925, 0x1925, 0x1925, 0x1925, 0x1925, 0x1925, 0x1925, 0x1925, 0x1925, 0x1925, 0x1925, 0x1925,
  0x1925, 0x1925, 0x1925, 0x1925, 0x1925, 0x1925, 0x1925, 0x1925, 0x1925, 0x1925, 0x1925, 0x2125, 0x2145, 0x2145, 0x2145, 0x2125,
  0x1925, 0x1925, 0x2126, 0x2146, 0x2146, 0x2146, 0x2146, 0x2146, 0x2146, 0x2166, 0x2166, 0x2987, 0x2987, 0x2987, 0x2986, 0x2166,
  0x2166, 0x2146, 0x2146, 0x2146, 0x1946, 0x1926, 0x1926, 0x1946, 0x2146, 0x1946, 0x1926, 0x1946, 0x1946, 0x1946, 0x1946, 0x1946,
  0x1946, 0x1946, 0x1926, 0x2146, 0x2146, 0x2146, 0x2146, 0x2146, 0x1946, 0x1946, 0x2146, 0x2146, 0x2146, 0x1946, 0x1946, 0x1946,
  0x1946, 0x2146, 0x2146, 0x2146, 0x2146, 0x2146, 0x2146, 0x2146, 0x2146, 0x2146, 0x2146, 0x2146, 0x2146, 0x2146, 0x2146, 0x2166,
  0x2966, 0x2966, 0x2966, 0x2966, 0x2966, 0x2166, 0x2166, 0x2966, 0x2966, 0x2966, 0x2966, 0x2966, 0x2966, 0x2966, 0x2966, 0x2966,
  0x2966, 0x2966, 0x2146, 0x2166, 0x2166, 0x2166, 0x2166, 0x2166, 0x2166, 0x2166, 0x2166, 0x2146, 0x2166, 0x2166, 0x2166, 0x2166,
  0x2146, 0x2146, 0x2166, 0x2966, 0x2146, 0x2146, 0x2166, 0x2146, 0x2146, 0x2166, 0x2166, 0x2966, 0x2146, 0x2166, 0x2166, 0x2146,
  0x2146, 0x2146, 0x2146, 0x2146, 0x2166, 0x2166, 0x2166, 0x2166, 0x2146, 0x2146, 0x2146, 0x2146, 0x2146, 0x2146, 0x1946, 0x1946,
  0x2146, 0x1946, 0x1946, 0x1946, 0x1926, 0x1946, 0x1946, 0x1946, 0x1946, 0x1946, 0x1946, 0x2146, 0x1946, 0x1926, 0x1946, 0x1946,
  0x1946, 0x1946, 0x1946, 0x1946, 0x1946, 0x1926, 0x1926, 0x1926, 0x1946, 0x1926, 0x1946, 0x1946, 0x1946, 0x1926, 0x1926, 0x1926,
  0x1926, 0x1926, 0x1926, 0x1926, 0x1926, 0x1946, 0x1946, 0x1926, 0x1946, 0x1946, 0x1946, 0x1946, 0x1946, 0x1946, 0x2146, 0x2146,
  0x2146, 0x2146, 0x2146, 0x1946, 0x1946, 0x1926, 0x1926, 0x1926, 0x1926, 0x1926, 0x1926, 0x2146, 0x2146, 0x1946, 0x1946, 0x1926,
  0x1926, 0x1926, 0x1946, 0x1926, 0x1946, 0x1926, 0x1926, 0x2126, 0x2146, 0x2146, 0x2146, 0x2146, 0x2146, 0x2146, 0x2146, 0x2146,
  0x1925, 0x1925, 0x1925, 0x1925, 0x1925, 0x1925, 0x1925, 0x1925, 0x1925, 0x1925, 0x1925, 0x1925, 0x1925, 0x1925, 0x1925, 0x1925,
  0x1925, 0x1925, 0x1925, 0x1925, 0x1925, 0x1925, 0x1925, 0x1925, 0x1925, 0x1925, 0x1925, 0x1925, 0x1925, 0x1925, 0x1925, 0x1925,
  0x1925, 0x1925, 0x1925, 0x1926, 0x1925, 0x1946, 0x1946, 0x1946, 0x1946, 0x2146, 0x2146, 0x2146, 0x2146, 0x2146, 0x2146, 0x2146,
  0x2146, 0x2146, 0x2146, 0x2146, 0x2146, 0x2146, 0x2146, 0x2146, 0x2146, 0x2146, 0x1946, 0x1946, 0x2146, 0x1946, 0x1946, 0x2146,
  0x2146, 0x2146, 0x2146, 0x2146, 0x1946, 0x1946, 0x1925, 0x1925, 0x1925, 0x1925, 0x1925, 0x1925, 0x1925, 0x1925, 0x1925, 0x1925,
  0x1925, 0x1925, 0x1925, 0x1925, 0x1925, 0x1925, 0x1925, 0x1925, 0x1925, 0x1925, 0x1925, 0x1925, 0x1925, 0x1925, 0x1925, 0x1925,
  0x1925, 0x1925, 0x1925, 0x1925, 0x1925, 0x1925, 0x2125, 0x2125, 0x2125, 0x2145, 0x2125, 0x2125, 0x1925, 0x1925, 0x1925, 0x1925,
  0x1925, 0x2146, 0x1946, 0x1946, 0x1926, 0x1946, 0x2146, 0x2166, 0x2966, 0x2986, 0x2986, 0x2987, 0x2986, 0x2166, 0x2166, 0x2146,
  0x1946, 0x1946, 0x1946, 0x1946, 0x1946, 0x1946, 0x1946, 0x1946, 0x1946, 0x1926, 0x1926, 0x1926, 0x1946, 0x1946, 0x1946, 0x1946,
  0x1946, 0x1926, 0x1926, 0x1926, 0x1926, 0x1946, 0x1946, 0x1926, 0x1926, 0x1926, 0x1946, 0x1946, 0x1926, 0x1926, 0x1946, 0x1946,
  0x2146, 0x2146, 0x2146, 0x1946, 0x1946, 0x2146, 0x2146, 0x2146, 0x2146, 0x2146, 0x2146, 0x2146, 0x2146, 0x2146, 0x2146, 0x2146,
  0x2146, 0x2146, 0x2146, 0x2146, 0x2146, 0x2146, 0x2146, 0x2146, 0x2146, 0x2146, 0x2146, 0x2146, 0x2146, 0x2146, 0x1946, 0x2146,
  0x2146, 0x2146, 0x2146, 0x2146, 0x2146, 0x2146, 0x2146, 0x2146, 0x2146, 0x2146, 0x2146, 0x2146, 0x2146, 0x2146, 0x2146, 0x2146,
  0x2146, 0x2146, 0x2146, 0x2146, 0x2146, 0x2146, 0x2146, 0x2146, 0x2146, 0x2146, 0x2146, 0x2146, 0x2146, 0x2146, 0x2146, 0x2146,
  0x2146, 0x2146, 0x2146, 0x2166, 0x2987, 0x2987, 0x29A7, 0x29A7, 0x2987, 0x2166, 0x2146, 0x1946, 0x1946, 0x1946, 0x1946, 0x1946,
  0x1926, 0x1926, 0x1926, 0x1946, 0x1946, 0x1926, 0x1926, 0x1946, 0x1946, 0x1946, 0x1946, 0x1946, 0x1926, 0x1926, 0x1946, 0x1946,
  0x1946, 0x1926, 0x1926, 0x1946, 0x1946, 0x1926, 0x1946, 0x1926, 0x1926, 0x1926, 0x1926, 0x1926, 0x1926, 0x1926, 0x1926, 0x1926,
  0x1926, 0x1926, 0x1926, 0x1926, 0x1926, 0x1946, 0x1946, 0x1926, 0x1926, 0x1946, 0x1946, 0x1946, 0x1926, 0x1926, 0x1926, 0x2146,
  0x2146, 0x1946, 0x1946, 0x1946, 0x1946, 0x1926, 0x1926, 0x1926, 0x1926, 0x1926, 0x1926, 0x1926, 0x1926, 0x1946, 0x1946, 0x1946,
  0x1946, 0x1946, 0x1946, 0x1946, 0x1946, 0x1946, 0x1946, 0x1946, 0x1946, 0x1946, 0x1926, 0x1946, 0x1946, 0x1946, 0x2146, 0x1946,
  0x1925, 0x1925, 0x1925, 0x1925, 0x1925, 0x1925, 0x1925, 0x1925, 0x1925, 0x1925, 0x1925, 0x1925, 0x1925, 0x1925, 0x1925, 0x1925,
  0x1925, 0x1925, 0x1925, 0x1925, 0x1925, 0x1925, 0x1925, 0x1925, 0x1925, 0x1925, 0x1925, 0x1925, 0x1925, 0x1925, 0x1925, 0x1925,
  0x1925, 0x1925, 0x1925, 0x1926, 0x1926, 0x1925, 0x1925, 0x1925, 0x1925, 0x1925, 0x1926, 0x1926, 0x1926, 0x1926, 0x1946, 0x1926,
  0x1926, 0x1926, 0x1926, 0x1926, 0x1926, 0x1926, 0x1926, 0x1946, 0x1946, 0x1946, 0x1946, 0x1946, 0x2146, 0x2146, 0x1946, 0x1926,
  0x1926, 0x1926, 0x1926, 0x1925, 0x1925, 0x1925, 0x1925, 0x1925, 0x1905, 0x1925, 0x1925, 0x1925, 0x1925, 0x1905, 0x1925, 0x1925,
  0x1925, 0x1925, 0x1925, 0x1925, 0x1925, 0x1925, 0x1925, 0x1925, 0x1925, 0x1925, 0x1905, 0x1905, 0x1905, 0x1905, 0x1905, 0x1905,
  0x1925, 0x1925, 0x1925, 0x1925, 0x1925, 0x1926, 0x1925, 0x1925, 0x1925, 0x1926, 0x1926, 0x1926, 0x1926, 0x1925, 0x1926, 0x1926,
  0x1926, 0x1926, 0x1946, 0x2146, 0x2146, 0x2146, 0x2146, 0x2146, 0x2166, 0x2146, 0x2146, 0x1946, 0x1926, 0x1926, 0x1926, 0x1926,
  0x1926, 0x1926, 0x1926, 0x1926, 0x1926, 0x1926, 0x1926, 0x1926, 0x1926, 0x1926, 0x1926, 0x1926, 0x1926, 0x1926, 0x1926, 0x1926,
  0x1926, 0x1926, 0x1926, 0x1926, 0x1926, 0x1926, 0x1926, 0x1926, 0x1926, 0x1946, 0x1926, 0x1926, 0x1926, 0x1926, 0x1926, 0x1926,
  0x1926, 0x1926, 0x1926, 0x1926, 0x2146, 0x2146, 0x2146, 0x2146, 0x2146, 0x2146, 0x2146, 0x1946, 0x2146, 0x2146, 0x1926, 0x1946,
  0x1946, 0x2146, 0x1946, 0x1946, 0x1946, 0x1946, 0x1926, 0x1926, 0x1926, 0x1926, 0x1946, 0x1946, 0x1946, 0x1946, 0x1946, 0x1926,
  0x1946, 0x1926, 0x1946, 0x1946, 0x1946, 0x1946, 0x1946, 0x1946, 0x1946, 0x1946, 0x1926, 0x1926, 0x1926, 0x1926, 0x1926, 0x1926,
  0x1926, 0x1926, 0x1926, 0x1926, 0x1926, 0x1926, 0x1926, 0x1946, 0x1926, 0x1946, 0x1946, 0x1946, 0x1946, 0x1946, 0x1946, 0x1946,
  0x2146, 0x2166, 0x2166, 0x2166, 0x2166, 0x2166, 0x2187, 0x2167, 0x2166, 0x1946, 0x1946, 0x1946, 0x1926, 0x1926, 0x1926, 0x1926,
  0x1926, 0x1926, 0x1926, 0x1926, 0x1926, 0x1926, 0x1926, 0x1926, 0x1926, 0x1926, 0x1926, 0x1926, 0x1926, 0x1926, 0x1926, 0x1926,
  0x1926, 0x1926, 0x1926, 0x1926, 0x1926, 0x1926, 0x1926, 0x1926, 0x1926, 0x1926, 0x1926, 0x1926, 0x1926, 0x1926, 0x1926, 0x1926,
  0x1926, 0x1926, 0x1926, 0x1926, 0x1926, 0x1926, 0x1926, 0x1926, 0x1926, 0x1926, 0x1926, 0x1926, 0x1926, 0x1926, 0x1926, 0x1926,
  0x1926, 0x1926, 0x1926, 0x1926, 0x1926, 0x1926, 0x1926, 0x1926, 0x1926, 0x1925, 0x1926, 0x1926, 0x1926, 0x1926, 0x1926, 0x1946,
  0x1926, 0x1926, 0x1926, 0x1926, 0x1926, 0x1926, 0x1926, 0x1946, 0x1926, 0x1926, 0x1926, 0x1946, 0x1946, 0x1946, 0x1946, 0x1946,
  0x1925, 0x1925, 0x1925, 0x1925, 0x1925, 0x1925, 0x1925, 0x1125, 0x1925, 0x1925, 0x1925, 0x1925, 0x1925, 0x1925, 0x1925, 0x1925,
  0x1926, 0x1926, 0x1925, 0x1925, 0x1925, 0x1925, 0x1925, 0x1925, 0x1925, 0x1925, 0x1925, 0x1925, 0x1925, 0x1925, 0x1925, 0x1925,
  0x1925, 0x1925, 0x1926, 0x1926, 0x1926, 0x1925, 0x1925, 0x1925, 0x1925, 0x1925, 0x1926, 0x1926, 0x1926, 0x1926, 0x1926, 0x1926,
  0x1926, 0x1926, 0x1926, 0x1926, 0x1926, 0x1926, 0x1926, 0x1926, 0x1926, 0x1926, 0x1926, 0x1926, 0x1926, 0x1926, 0x1925, 0x1905,
  0x1905, 0x1925, 0x1905, 0x1925, 0x1925, 0x1905, 0x1905, 0x1105, 0x1905, 0x1925, 0x1925, 0x1925, 0x1925, 0x1905, 0x1925, 0x1905,
  0x1105, 0x1905, 0x1105, 0x1105, 0x1105, 0x1105, 0x1105, 0x1905, 0x1105, 0x1905, 0x1925, 0x1925, 0x1905, 0x1905, 0x1905, 0x1925,
  0x1925, 0x1925, 0x1925, 0x1925, 0x1925, 0x1925, 0x1925, 0x1925, 0x1925, 0x1925, 0x1926, 0x1926, 0x1926, 0x1926, 0x1926, 0x1926,
  0x1926, 0x1946, 0x1946, 0x2146, 0x1946, 0x1926, 0x1926, 0x1926, 0x1926, 0x1926, 0x1926, 0x1926, 0x1926, 0x1926, 0x1926, 0x1926,
  0x1926, 0x1926, 0x1926, 0x1926, 0x1926, 0x1925, 0x1926, 0x1926, 0x1926, 0x1926, 0x1926, 0x1925, 0x1926, 0x1926, 0x1926, 0x1926,
  0x1926, 0x1926, 0x1926, 0x1926, 0x1926, 0x1926, 0x1926, 0x1926, 0x1926, 0x1926, 0x1926, 0x1926, 0x1926, 0x1926, 0x1926, 0x1926,
  0x1925, 0x1925, 0x1926, 0x1926, 0x1926, 0x1926, 0x1926, 0x1926, 0x1926, 0x1926, 0x1926, 0x1926, 0x1926, 0x1926, 0x1926, 0x1926,
  0x1926, 0x1926, 0x1926, 0x1926, 0x1926, 0x1926, 0x1926, 0x1926, 0x1926, 0x1926, 0x1926, 0x1926, 0x1926, 0x1926, 0x1926, 0x1926,
  0x1926, 0x1926, 0x1926, 0x1926, 0x1926, 0x1926, 0x1926, 0x1926, 0x1926, 0x1926, 0x1926, 0x1926, 0x1926, 0x1926, 0x1926, 0x1926,
  0x1926, 0x1926, 0x1926, 0x1925, 0x1926, 0x1925, 0x1926, 0x1926, 0x1926, 0x1926, 0x1926, 0x1926, 0x1926, 0x1926, 0x1926, 0x1946,
  0x2146, 0x2166, 0x2166, 0x2146, 0x2166, 0x2146, 0x1946, 0x1946, 0x1926, 0x1926, 0x1926, 0x1926, 0x1926, 0x1926, 0x1926, 0x1926,
  0x1926, 0x1926, 0x1926, 0x1926, 0x1926, 0x1926, 0x1926, 0x1926, 0x1926, 0x1926, 0x1926, 0x1926, 0x1926, 0x1926, 0x1926, 0x1926,
  0x1926, 0x1926, 0x1926, 0x1926, 0x1926, 0x1926, 0x1926, 0x1926, 0x1926, 0x1926, 0x1926, 0x1926, 0x1926, 0x1926, 0x1926, 0x1926,
  0x1926, 0x1926, 0x1926, 0x1926, 0x1926, 0x1926, 0x1926, 0x1926, 0x1926, 0x1926, 0x1926, 0x1926, 0x1926, 0x1926, 0x1926, 0x1926,
  0x1926, 0x1926, 0x1926, 0x1926, 0x1926, 0x1926, 0x1926, 0x1926, 0x1926, 0x1926, 0x1926, 0x1926, 0x1926, 0x1926, 0x1926, 0x1926,
  0x1926, 0x1926, 0x1926, 0x1926, 0x1926, 0x1926, 0x1926, 0x1926, 0x1926, 0x1926, 0x1925, 0x1926, 0x1926, 0x1926, 0x1926, 0x1926,
  0x1926, 0x1926, 0x1926, 0x1926, 0x1925, 0x1925, 0x1925, 0x1125, 0x1925, 0x1925, 0x1105, 0x1925, 0x1925, 0x1926, 0x1926, 0x1926,
  0x1926, 0x1926, 0x1926, 0x1926, 0x1926, 0x1926, 0x1926, 0x1926, 0x1926, 0x1926, 0x1926, 0x1926, 0x1926, 0x1926, 0x1925, 0x1926,
  0x1926, 0x1926, 0x1926, 0x1926, 0x1926, 0x1925, 0x1925, 0x1925, 0x1925, 0x1925, 0x1925, 0x1925, 0x1926, 0x1926, 0x1926, 0x1926,
  0x1926, 0x1926, 0x1926, 0x1925, 0x1926, 0x1926, 0x1926, 0x1926, 0x1926, 0x1926, 0x1926, 0x1125, 0x1925, 0x1925, 0x1925, 0x1925,
  0x1925, 0x1925, 0x1925, 0x1125, 0x1905, 0x1925, 0x1105, 0x1925, 0x1105, 0x1925, 0x1925, 0x1926, 0x1926, 0x1126, 0x1926, 0x1106,
  0x1105, 0x1105, 0x1105, 0x1105, 0x1105, 0x1905, 0x1905, 0x1105, 0x1905, 0x1905, 0x1925, 0x1925, 0x1905, 0x1925, 0x1905, 0x1925,
  0x1925, 0x1925, 0x1926, 0x1926, 0x1926, 0x1925, 0x1926, 0x1926, 0x1926, 0x1926, 0x1926, 0x1926, 0x1926, 0x1926, 0x1926, 0x1926,
  0x1926, 0x1926, 0x1926, 0x1926, 0x1926, 0x1926, 0x1926, 0x1926, 0x1926, 0x1926, 0x1926, 0x1926, 0x1926, 0x1926, 0x1926, 0x1926,
  0x1926, 0x1926, 0x1926, 0x1926, 0x1926, 0x1926, 0x1926, 0x1926, 0x1926, 0x1926, 0x1926, 0x1926, 0x1926, 0x1925, 0x1926, 0x1926,
  0x1926, 0x1926, 0x1926, 0x1926, 0x1926, 0x1926, 0x1926, 0x1926, 0x1926, 0x1926, 0x1926, 0x1926, 0x1926, 0x1926, 0x1926, 0x1926,
  0x1926, 0x1926, 0x1926, 0x1926, 0x1926, 0x1926, 0x1926, 0x1926, 0x1926, 0x1926, 0x1926, 0x1926, 0x1926, 0x1926, 0x1926, 0x1926,
  0x1926, 0x1926, 0x1926, 0x1926, 0x1926, 0x1926, 0x1926, 0x1926, 0x1926, 0x1926, 0x1926, 0x1926, 0x1926, 0x1926, 0x1926, 0x1926,
  0x1926, 0x1926, 0x1926, 0x1926, 0x1926, 0x1926, 0x1926, 0x1926, 0x1925, 0x1926, 0x1926, 0x1926, 0x1926, 0x1926, 0x1926, 0x1926,
  0x1925, 0x1926, 0x1926, 0x1926, 0x1926, 0x1926, 0x1926, 0x1926, 0x1926, 0x1926, 0x1926, 0x1926, 0x1926, 0x1926, 0x1946, 0x1946,
  0x1946, 0x1946, 0x1946, 0x1946, 0x1946, 0x1926, 0x1926, 0x1926, 0x1926, 0x1926, 0x1926, 0x1926, 0x1926, 0x1926, 0x1926, 0x1926,
  0x1926, 0x1926, 0x1926, 0x1926, 0x1926, 0x1926, 0x1926, 0x1926, 0x1926, 0x1926, 0x1926, 0x1926, 0x1926, 0x1926, 0x1926, 0x1926,
  0x1926, 0x1926, 0x1926, 0x1926, 0x1926, 0x1926, 0x1926, 0x1926, 0x1926, 0x1926, 0x1926, 0x1926, 0x1926, 0x1926, 0x1926, 0x1926,
  0x1926, 0x1926, 0x1926, 0x1926, 0x1926, 0x1926, 0x1926, 0x1926, 0x1926, 0x1926, 0x1926, 0x1926, 0x1926, 0x1926, 0x1926, 0x1926,
  0x1926, 0x1926, 0x1926, 0x1926, 0x1926, 0x1926, 0x1926, 0x1926, 0x1926, 0x1926, 0x1925, 0x1925, 0x1926, 0x1926, 0x1926, 0x1926,
  0x1926, 0x1926, 0x1926, 0x1926, 0x1926, 0x1926, 0x1926, 0x1926, 0x1926, 0x1926, 0x1926, 0x1926, 0x1926, 0x1926, 0x1926, 0x1926,
  0x1126, 0x1126, 0x1926, 0x1126, 0x1126, 0x1926, 0x1926, 0x1926, 0x1125, 0x1126, 0x1926, 0x1926, 0x1926, 0x1926, 0x1926, 0x1926,
  0x1926, 0x1926, 0x1926, 0x1926, 0x1925, 0x1126, 0x1926, 0x1925, 0x1926, 0x1926, 0x1926, 0x1926, 0x1926, 0x1926, 0x1926, 0x1926,
  0x1926, 0x1926, 0x1926, 0x1926, 0x1926, 0x1926, 0x1926, 0x1926, 0x1925, 0x1926, 0x1926, 0x1926, 0x1926, 0x1926, 0x1926, 0x1926,
  0x1926, 0x1926, 0x1126, 0x1106, 0x1126, 0x1926, 0x1926, 0x1926, 0x1926, 0x1926, 0x1126, 0x1126, 0x1126, 0x1126, 0x1126, 0x1105,
  0x1126, 0x1126, 0x1126, 0x1906, 0x1926, 0x1926, 0x1925, 0x1126, 0x1126, 0x1126, 0x1926, 0x1926, 0x1926, 0x1926, 0x1126, 0x1126,
  0x1925, 0x1925, 0x1925, 0x1926, 0x1926, 0x1926, 0x1926, 0x1925, 0x1925, 0x1125, 0x1125, 0x1925, 0x1125, 0x1925, 0x1926, 0x1926,
  0x1926, 0x1126, 0x1926, 0x1926, 0x1926, 0x1926, 0x1926, 0x1926, 0x1926, 0x1926, 0x1926, 0x1926, 0x1926, 0x1926, 0x1926, 0x1926,
  0x1126, 0x1926, 0x1126, 0x1926, 0x1926, 0x1926, 0x1926, 0x1926, 0x1925, 0x1105, 0x1905, 0x1925, 0x1926, 0x1926, 0x1926, 0x1926,
  0x1926, 0x1926, 0x1926, 0x1926, 0x1926, 0x1926, 0x1926, 0x1926, 0x1926, 0x1926, 0x1926, 0x1926, 0x1925, 0x1926, 0x1926, 0x1926,
  0x1926, 0x1926, 0x1926, 0x1926, 0x1926, 0x1926, 0x1926, 0x1926, 0x1926, 0x1926, 0x1926, 0x1926, 0x1926, 0x1926, 0x1926, 0x1926,
  0x1926, 0x1926, 0x1926, 0x1925, 0x1126, 0x1926, 0x1926, 0x1926, 0x1926, 0x1926, 0x1926, 0x1926, 0x1926, 0x1926, 0x1926, 0x1926,
  0x1926, 0x1926, 0x1926, 0x1926, 0x1926, 0x1926, 0x1926, 0x1926, 0x1926, 0x1926, 0x1926, 0x1926, 0x1926, 0x1926, 0x1926, 0x1926,
  0x1926, 0x1926, 0x1926, 0x1926, 0x1926, 0x1926, 0x1926, 0x1926, 0x1925, 0x1926, 0x1926, 0x1926, 0x1926, 0x1926, 0x1926, 0x1926,
  0x1926, 0x1926, 0x1926, 0x1926, 0x1926, 0x1926, 0x1926, 0x1926, 0x1926, 0x1926, 0x1926, 0x1926, 0x1926, 0x1926, 0x1926, 0x1926,
  0x1946, 0x1926, 0x1926, 0x1926, 0x1926, 0x1926, 0x1926, 0x1926, 0x1926, 0x1926, 0x1926, 0x1926, 0x1926, 0x1926, 0x1926, 0x1926,
  0x1926, 0x1926, 0x1926, 0x1926, 0x1926, 0x1926, 0x1926, 0x1926, 0x1926, 0x1926, 0x1926, 0x1926, 0x1926, 0x1926, 0x1926, 0x1926,
  0x1926, 0x1926, 0x1926, 0x1926, 0x1926, 0x1926, 0x1926, 0x1926, 0x1926, 0x1926, 0x1926, 0x1926, 0x1926, 0x1926, 0x1926, 0x1926,
  0x1926, 0x1926, 0x1926, 0x1926, 0x1926, 0x1926, 0x1926, 0x1926, 0x1926, 0x1926, 0x1926, 0x1926, 0x1926, 0x1926, 0x1926, 0x1926,
  0x1926, 0x1926, 0x1926, 0x1926, 0x1926, 0x1926, 0x1926, 0x1926, 0x1926, 0x1926, 0x1926, 0x1926, 0x1926, 0x1926, 0x1926, 0x1926,
  0x1926, 0x1926, 0x1926, 0x1926, 0x1926, 0x1926, 0x1926, 0x1926, 0x1926, 0x1926, 0x1926, 0x1926, 0x1926, 0x1926, 0x1926, 0x1926,
};

